"Distance*$Poles/(3.14159265358979*($DiaGap-$AirGap)*2*50)*1s [ms]",Flux_Lines [] - Time='0.02s'
0,-0.0888775512572399
0.0099999767498619,-0.0888777675884909
0.0199999534997238,-0.0888771165336553
0.0299999302495857,-0.0888755979982293
0.0399999069994476,-0.0888732118887567
0.0499998837493095,-0.0888700014761134
0.0599998604991714,-0.088867482585131
0.0699998372490333,-0.0888643588432187
0.0799998139988952,-0.088860592486533
0.0899997907487571,-0.0888561837730699
0.099999767498619,-0.0888511082661611
0.109999744248481,-0.0888447683584649
0.119999720998343,-0.088838157637749
0.129999697748205,-0.0888315241968514
0.139999674498067,-0.0888248684468206
0.149999651247928,-0.0888180215425969
0.15999962799779,-0.0888096037496306
0.169999604747652,-0.0888007872324677
0.179999581497514,-0.0887916500905133
0.189999558247376,-0.0887821924916844
0.199999534997238,-0.0887725224781395
0.2099995117471,-0.0887631800051733
0.219999488496962,-0.0887534267973352
0.229999465246824,-0.0887431529098331
0.239999441996686,-0.0887323583517056
0.249999418746547,-0.088721080600153
0.259999395496409,-0.0887100679789501
0.269999372246271,-0.088698695502683
0.279999348996133,-0.0886867675859336
0.289999325745995,-0.0886742838591534
0.299999302495857,-0.0886613281302053
0.309999279245719,-0.0886483561108079
0.319999255995581,-0.0886350598458288
0.329999232745443,-0.0886213278599997
0.339999209495305,-0.088607159896928
0.349999186245166,-0.0885924003385953
0.359999162995028,-0.0885763458755017
0.36999913974489,-0.0885597928106149
0.379999116494752,-0.088542863808943
0.389999093244614,-0.0885255582899181
0.399999069994476,-0.0885074775839201
0.409999046744338,-0.0884881639068749
0.4199990234942,-0.0884680210591595
0.429999000244062,-0.0884469225988318
0.439998976993924,-0.0884248682117819
0.449998953743786,-0.0884019191510149
0.459998930493647,-0.0883783088557331
0.469998907243509,-0.0883536876199126
0.479998883993371,-0.0883279534136396
0.489998860743233,-0.0883011065579763
0.499998837493095,-0.0882733792481703
0.509998814242957,-0.0882449960640317
0.519998790992819,-0.0882156259053015
0.529998767742681,-0.0881851696444173
0.539998744492543,-0.0881536277443267
0.549998721242404,-0.0881212922418954
0.559998697992266,-0.0880887937162701
0.569998674742128,-0.0880555026008819
0.57999865149199,-0.0880213532001868
0.589998628241852,-0.0879863460405284
0.599998604991714,-0.0879504083706383
0.609998581741576,-0.0879131045153687
0.619998558491438,-0.0878750532454819
0.6299985352413,-0.0878366072496392
0.639998511991162,-0.0877977670274515
0.649998488741024,-0.0877583146143499
0.659998465490885,-0.0877170526350832
0.669998442240747,-0.0876748232393189
0.679998418990609,-0.0876316879037581
0.689998395740471,-0.0875876469445794
0.699998372490333,-0.0875427704585616
0.709998349240195,-0.0874976108109052
0.719998325990057,-0.0874513834921605
0.729998302739919,-0.0874038639704181
0.739998279489781,-0.0873550530891053
0.749998256239642,-0.0873051883014422
0.759998232989504,-0.087255285261625
0.769998209739366,-0.0872040835700495
0.779998186489228,-0.0871513808090757
0.78999816323909,-0.0870971781128367
0.799998139988952,-0.087042056030359
0.809998116738814,-0.0869876645842274
0.819998093488676,-0.0869326836088423
0.829998070238538,-0.0868770371010861
0.8399980469884,-0.0868207269714175
0.849998023738261,-0.0867638041717135
0.859998000488123,-0.0867048891662695
0.869997977237985,-0.0866464223535233
0.879997953987847,-0.0865891267307655
0.889997930737709,-0.0865330031431384
0.899997907487571,-0.086477748573971
0.909997884237433,-0.0864197761505266
0.919997860987295,-0.0863616332099794
0.929997837737157,-0.0863032525126942
0.939997814487019,-0.0862446326493301
0.949997791236881,-0.0861857527480843
0.959997767986742,-0.0861284293742418
0.969997744736604,-0.0860698947782004
0.979997721486466,-0.0860097502950497
0.989997698236328,-0.0859479938146058
0.99999767498619,-0.0858846232290834
1.00999765173605,-0.0858214858953862
1.01999762848591,-0.0857561348260204
1.02999760523578,-0.0856885682379807
1.03999758198564,-0.0856187843513243
1.0499975587355,-0.0855466907521436
1.05999753548536,-0.0854736952443472
1.06999751223522,-0.0853979713865865
1.07999748898509,-0.0853194230713268
1.08999746573495,-0.0852380490002349
1.09999744248481,-0.0851535114735784
1.10999741923467,-0.0850641050122732
1.11999739598453,-0.0849721017034177
1.12999737273439,-0.0848775000319565
1.13999734948426,-0.0847803003818284
1.14999732623412,-0.0846802495555375
1.15999730298398,-0.0845744158115289
1.16999727973384,-0.0844656272576801
1.1799972564837,-0.0843540884828229
1.18999723323357,-0.0842398011578815
1.19999720998343,-0.0841229382698805
1.20999718673329,-0.0840044089932703
1.21999716348315,-0.0838829119789228
1.22999714023301,-0.0837582374491694
1.23999711698288,-0.0836303867426147
1.24999709373274,-0.0834995789359403
1.2599970704826,-0.0833676819355514
1.26999704723246,-0.0832331334786272
1.27999702398232,-0.0830947592152695
1.28999700073218,-0.0829525592985722
1.29999697748205,-0.0828073110511799
1.30999695423191,-0.0826621026131226
1.31999693098177,-0.0825143793159345
1.32999690773163,-0.0823638257413044
1.33999688448149,-0.0822104427590625
1.34999686123136,-0.0820541416678196
1.35999683798122,-0.0818924756397702
1.36999681473108,-0.0817292263828876
1.37999679148094,-0.0815651114675178
1.3899967682308,-0.0814001306892024
1.39999674498067,-0.0812331959079124
1.40999672173053,-0.0810616820457054
1.41999669848039,-0.0808877949360421
1.42999667523025,-0.080712206229699
1.43999665198011,-0.0805349161480422
1.44999662872998,-0.0803566112310938
1.45999660547984,-0.0801791178916648
1.4699965822297,-0.0800003182599516
1.47999655897956,-0.0798202996802299
1.48999653572942,-0.0796390640508639
1.49999651247928,-0.079457384084701
1.50999648922915,-0.0792793840670101
1.51999646597901,-0.0791021863360663
1.52999644272887,-0.0789254751222363
1.53999641947873,-0.0787492506542231
1.54999639622859,-0.0785750013463178
1.55999637297846,-0.0784053991619788
1.56999634972832,-0.0782382954677376
1.57999632647818,-0.0780736479079237
1.58999630322804,-0.0779114541579615
1.5999962799779,-0.0777502965738944
1.60999625672777,-0.0775894993707945
1.61999623347763,-0.0774305064478494
1.62999621022749,-0.0772733356827587
1.63999618697735,-0.0771179816517371
1.64999616372721,-0.076963741696001
1.65999614047708,-0.0768090236561048
1.66999611722694,-0.0766544473281893
1.6799960939768,-0.076498629896713
1.68999607072666,-0.0763415655072384
1.69999604747652,-0.076183320979208
1.70999602422638,-0.0760242695908818
1.71999600097625,-0.0758636698363852
1.72999597772611,-0.0757005885134274
1.73999595447597,-0.0755350214217474
1.74999593122583,-0.0753659112579426
1.75999590797569,-0.0751943790954035
1.76999588472556,-0.0750183021555895
1.77999586147542,-0.0748393044797227
1.78999583822528,-0.074657386198595
1.79999581497514,-0.0744727439993843
1.809995791725,-0.0742843187345544
1.81999576847487,-0.0740916832153705
1.82999574522473,-0.07389618943054
1.83999572197459,-0.073697840283499
1.84999569872445,-0.0734969955843093
1.85999567547431,-0.0732974589795658
1.86999565222418,-0.0730961048262781
1.87999562897404,-0.0728928933754818
1.8899956057239,-0.0726878277392285
1.89999558247376,-0.0724815095113883
1.90999555922362,-0.0722754205873876
1.91999553597348,-0.0720689636750891
1.92999551272335,-0.0718621642257561
1.93999548947321,-0.0716550240075016
1.94999546622307,-0.0714475128898236
1.95999544297293,-0.0712387061266969
1.96999541972279,-0.0710296310193541
1.97999539647266,-0.0708203169241511
1.98999537322252,-0.0706107648095676
1.99999534997238,-0.0704009756444334
2.00999532672224,-0.0701905129144574
2.0199953034721,-0.0699796175046126
2.02999528022197,-0.0697682904831638
2.03999525697183,-0.0695565329191689
2.04999523372169,-0.0693443499880477
2.05999521047155,-0.0691317065692436
2.06999518722141,-0.0689187242876881
2.07999516397128,-0.0687054172108371
2.08999514072114,-0.0684917870860628
2.099995117471,-0.0682778899113123
2.10999509422086,-0.0680638639322503
2.11999507097072,-0.0678499099888712
2.12999504772058,-0.0676363129466547
2.13999502447045,-0.0674230756500774
2.14999500122031,-0.0672105621663582
2.15999497797017,-0.0669987814714886
2.16999495472003,-0.0667888691047088
2.17999493146989,-0.0665810090091712
2.18999490821976,-0.0663752048744912
2.19999488496962,-0.0661731669414343
2.20999486171948,-0.0659726969946882
2.21999483846934,-0.0657764592757402
2.2299948152192,-0.0655834411449807
2.23999479196907,-0.0653936408167428
2.24999476871893,-0.0652068237606327
2.25999474546879,-0.0650224973203817
2.26999472221865,-0.064841466640185
2.27999469896851,-0.0646624836065752
2.28999467571838,-0.0644855432261431
2.29999465246824,-0.0643103366915614
2.3099946292181,-0.0641357468091569
2.31999460596796,-0.0639621813917705
2.32999458271782,-0.0637887587735568
2.33999455946768,-0.0636154732007708
2.34999453621755,-0.0634419050953602
2.35999451296741,-0.0632668600938197
2.36999448971727,-0.063090744205938
2.37999446646713,-0.0629128845565349
2.38999444321699,-0.06273327604607
2.39999441996686,-0.0625512923276163
2.40999439671672,-0.0623654897645484
2.41999437346658,-0.062176844047744
2.42999435021644,-0.0619847468505044
2.4399943269663,-0.0617891957172886
2.44999430371617,-0.0615902353158524
2.45999428046603,-0.0613863782293895
2.46999425721589,-0.061178751103759
2.47999423396575,-0.0609680221010486
2.48999421071561,-0.0607541930385853
2.49999418746548,-0.0605379272420988
2.50999416421534,-0.0603177979237783
2.5199941409652,-0.0600958613640384
2.52999411771506,-0.0598723788949441
2.53999409446492,-0.0596473540952173
2.54999407121478,-0.0594215684177515
2.55999404796465,-0.0591950069434399
2.56999402471451,-0.0589674398707153
2.57999400146437,-0.058739228638273
2.58999397821423,-0.0585103754551001
2.59999395496409,-0.0582809727814643
2.60999393171396,-0.0580514214414187
2.61999390846382,-0.057821429953181
2.62999388521368,-0.0575910149605958
2.63999386196354,-0.0573601777643567
2.6499938387134,-0.0571288940104722
2.65999381546327,-0.0568972094124577
2.66999379221313,-0.0566651839007339
2.67999376896299,-0.0564327550781413
2.68999374571285,-0.0561999240948988
2.69999372246271,-0.055966692455676
2.70999369921257,-0.0557329648429845
2.71999367596244,-0.0554988761195067
2.7299936527123,-0.0552644622511313
2.73999362946216,-0.0550297247626406
2.74999360621202,-0.0547945915701942
2.75999358296188,-0.0545590010737698
2.76999355971175,-0.0543235271627862
2.77999353646161,-0.0540881962229437
2.78999351321147,-0.0538530109698489
2.79999348996133,-0.0536185198218174
2.80999346671119,-0.053384172708196
2.81999344346106,-0.0531507526020856
2.82999342021092,-0.0529189062291523
2.83999339696078,-0.0526886375600566
2.84999337371064,-0.0524603093959361
2.8599933504605,-0.0522358911582107
2.86999332721037,-0.0520143106686064
2.87999330396023,-0.0517962061701783
2.88999328071009,-0.0515815779568199
2.89999325745995,-0.0513701825016571
2.90999323420981,-0.0511625225794967
2.91999321095967,-0.050958369796224
2.92999318770954,-0.0507572114848489
2.9399931644594,-0.0505590427289075
2.94999314120926,-0.0503636817843349
2.95999311795912,-0.050169614350545
2.96999309470898,-0.0499770261289082
2.97999307145885,-0.049785432535991
2.98999304820871,-0.0495948268303384
2.99999302495857,-0.0494052022694444
3.00999300170843,-0.0492153915739665
3.01999297845829,-0.0490242680681039
3.02999295520816,-0.0488318250115955
3.03999293195802,-0.0486380556656679
3.04999290870788,-0.0484424541425491
3.05999288545774,-0.0482451596208329
3.0699928622076,-0.0480446002472258
3.07999283895747,-0.0478405878858325
3.08999281570733,-0.0476331176911441
3.09999279245719,-0.0474216369278817
3.10999276920705,-0.0472058893147718
3.11999274595691,-0.0469862937503226
3.12999272270677,-0.0467625854641657
3.13999269945664,-0.0465347648689046
3.1499926762065,-0.0463034496873416
3.15999265295636,-0.0460675849119168
3.16999262970622,-0.0458290799353711
3.17999260645608,-0.0455882823258897
3.18999258320595,-0.0453451961984492
3.19999255995581,-0.0451004668381055
3.20999253670567,-0.0448549069890041
3.21999251345553,-0.0446079364117553
3.22999249020539,-0.0443600941829851
3.23999246695526,-0.0441113830949037
3.24999244370512,-0.0438618274015503
3.25999242045498,-0.0436120070522941
3.26999239720484,-0.0433618704854875
3.2799923739547,-0.0431113358052774
3.28999235070457,-0.0428604045624229
3.29999232745443,-0.0426091180546455
3.30999230420429,-0.0423576143808693
3.31999228095415,-0.0421058045686668
3.32999225770401,-0.0418536928486598
3.33999223445387,-0.0416012803830162
3.34999221120374,-0.0413485179502059
3.3599921879536,-0.0410954685029721
3.36999216470346,-0.0408421947697421
3.37999214145332,-0.040588677186401
3.38999211820318,-0.0403349170977
3.39999209495305,-0.0400809689433851
3.40999207170291,-0.0398265149955967
3.41999204845277,-0.039571991675398
3.42999202520263,-0.039317524355432
3.43999200195249,-0.0390631154169813
3.44999197870235,-0.0388092043376081
3.45999195545222,-0.0385555930186484
3.46999193220208,-0.0383022080046927
3.47999190895194,-0.0380499712529534
3.4899918857018,-0.0377988866954059
3.49999186245167,-0.0375493014623428
3.50999183920153,-0.0373037941207886
3.51999181595139,-0.0370605668881785
3.52999179270125,-0.0368202674045775
3.53999176945111,-0.0365828975187814
3.54999174620097,-0.0363493723258757
3.55999172295084,-0.0361213067700923
3.5699916997007,-0.0358967093666284
3.57999167645056,-0.035675600186783
3.58999165320042,-0.0354579761895027
3.59999162995028,-0.0352433621977676
3.60999160670015,-0.0350330284777044
3.61999158345001,-0.0348253064452785
3.62999156019987,-0.0346195565213289
3.63999153694973,-0.0344157726128858
3.64999151369959,-0.0342132448633953
3.65999149044946,-0.0340123727757405
3.66999146719932,-0.0338120833216863
3.67999144394918,-0.0336119493875604
3.68999142069904,-0.0334119647534203
3.6999913974489,-0.0332106762512195
3.70999137419876,-0.0330085456125894
3.71999135094863,-0.0328040131665561
3.72999132769849,-0.0325966079446817
3.73999130444835,-0.032386325351623
3.74999128119821,-0.0321712206142502
3.75999125794807,-0.0319517612920263
3.76999123469794,-0.0317272516283131
3.7799912114478,-0.0314973921296311
3.78999118819766,-0.0312621814043067
3.79999116494752,-0.0310205602605062
3.80999114169738,-0.0307753875557681
3.81999111844725,-0.0305243512244358
3.82999109519711,-0.0302694468293769
3.83999107194697,-0.0300106784699807
3.84999104869683,-0.0297482939784968
3.85999102544669,-0.0294838814988049
3.86999100219655,-0.0292174858831885
3.87999097894642,-0.0289495922723466
3.88999095569628,-0.0286802036079073
3.89999093244614,-0.0284096878955871
3.909990909196,-0.0281382751877874
3.91999088594586,-0.0278662639825322
3.92999086269573,-0.0275937313560166
3.93999083944559,-0.0273206790228101
3.94999081619545,-0.0270471341502378
3.95999079294531,-0.0267732296031295
3.96999076969517,-0.0264990245981132
3.97999074644504,-0.0262245328961
3.9899907231949,-0.025949755468311
3.99999069994476,-0.0256746932863799
4.00999067669462,-0.0253993596441605
4.01999065344448,-0.0251238719512301
4.02999063019435,-0.0248482312582236
4.03999060694421,-0.0245724386161951
4.04999058369407,-0.0242965074757264
4.05999056044393,-0.0240203854789687
4.06999053719379,-0.0237443488412297
4.07999051394365,-0.0234684346913836
4.08999049069352,-0.0231926450413827
4.09999046744338,-0.0229170523930217
4.10999044419324,-0.0226418057900647
4.1199904209431,-0.0223671830588285
4.12999039769296,-0.0220935643102085
4.13999037444283,-0.0218209530614735
4.14999035119269,-0.0215498062091002
4.15999032794255,-0.0212801917545344
4.16999030469241,-0.021013395112714
4.17999028144227,-0.0207496356154341
4.18999025819214,-0.0204889178592182
4.199990234942,-0.0202332390072998
4.20999021169186,-0.0199811876120309
4.21999018844172,-0.0197331247929146
4.22999016519158,-0.019489418532936
4.23999014194145,-0.0192500688214118
4.24999011869131,-0.0190168012835736
4.25999009544117,-0.0187860941888155
4.26999007219103,-0.018559711254998
4.27999004894089,-0.0183359943559508
4.28999002569075,-0.01811493784618
4.29999000244062,-0.017895644119799
4.30998997919048,-0.0176792113194752
4.31998995594034,-0.0174634916789614
4.3299899326902,-0.0172481366981436
4.33998990944006,-0.0170331390371435
4.34998988618993,-0.0168169761816539
4.35998986293979,-0.0166004343921624
4.36998983968965,-0.0163824614884781
4.37998981643951,-0.0161623617660328
4.38998979318937,-0.0159401282600231
4.39998976993924,-0.0157142220125395
4.4099897466891,-0.0154836360013565
4.41998972343896,-0.0152501988412226
4.42998970018882,-0.0150126813756878
4.43998967693868,-0.0147710802332088
4.44998965368855,-0.0145255104223619
4.45998963043841,-0.014274221809265
4.46998960718827,-0.0140187356574987
4.47998958393813,-0.0137601838956263
4.48998956068799,-0.0134985682085383
4.49998953743785,-0.0132348159840104
4.50998951418772,-0.0129670429450083
4.51998949093758,-0.0126983475245121
4.52998946768744,-0.0124291135028709
4.5399894444373,-0.0121593455526981
4.54998942118716,-0.0118895763246827
4.55998939793703,-0.0116202841622316
4.56998937468689,-0.0113503099893413
4.57998935143675,-0.011079717559527
4.58998932818661,-0.0108085110661448
4.59998930493647,-0.0105362463316463
4.60998928168634,-0.0102634313105309
4.6199892584362,-0.00998949257193961
4.62998923518606,-0.00971391518306801
4.63998921193592,-0.00943670098754889
4.64998918868578,-0.00915791325817883
4.65998916543565,-0.00887804911804441
4.66998914218551,-0.0085972400255918
4.67998911893537,-0.00831565973821572
4.68998909568523,-0.00803330882397314
4.69998907243509,-0.00775028979863398
4.70998904918495,-0.00746686331908027
4.71998902593482,-0.00718320524021955
4.72998900268468,-0.00689955078284078
4.73998897943454,-0.00661590088509962
4.7499889561844,-0.00633219609531004
4.75998893293426,-0.00604828455239725
4.76998890968413,-0.00576509484058222
4.77998888643399,-0.00548267969457169
4.78998886318385,-0.00520104179427127
4.79998883993371,-0.00492084137280099
4.80998881668357,-0.00464139280840724
4.81998879343343,-0.00436364243467512
4.8299887701833,-0.00408836709411746
4.83998874693316,-0.00381557121388888
4.84998872368302,-0.00354568813968869
4.85998870043288,-0.00328120835460287
4.86998867718274,-0.00302062692977958
4.87998865393261,-0.00276464322578479
4.88998863068247,-0.00251325762388825
4.89998860743233,-0.00226619335993411
4.90998858418219,-0.00202445058843743
4.91998856093205,-0.00178721694932966
4.92998853768192,-0.00155382123608601
4.93998851443178,-0.00132425799182608
4.94998849118164,-0.00109832293447072
4.9599884679315,-0.000874703250567169
4.96998844468136,-0.000653065248671389
4.97998842143123,-0.000432795622718929
4.98998839818109,-0.000213886917057578
4.99998837493095,3.66832546204151E-06
5.00998835168081,0.000221224186910927
5.01998832843067,0.000440133046716868
5.02998830518054,0.000660402362197009
5.0399882819304,0.00088203958917263
5.04998825868026,0.00110565819065123
5.05998823543012,0.00133158329401447
5.06998821217998,0.00156114561864277
5.07998818892984,0.00179455005721789
5.08998816567971,0.00203180206889466
5.09998814242957,0.00227356855595189
5.10998811917943,0.00252060851317882
5.11998809592929,0.00277197652615874
5.12998807267916,0.00302795191378143
5.13998804942902,0.0032885342892715
5.14998802617888,0.00355302137642096
5.15998800292874,0.00382290102458639
5.1699879796786,0.00409569781285836
5.17998795642846,0.00437097904757301
5.18998793317833,0.00464874030365001
5.19998790992819,0.00492820006289361
5.20998788667805,0.00520838751300181
5.21998786342791,0.00549001371077787
5.22998784017777,0.00577242370787021
5.23998781692764,0.00605561482475149
5.2499877936775,0.00633953264827072
5.25998777042736,0.00662323668178929
5.26998774717722,0.00690688546643512
5.27998772392708,0.00719053863744098
5.28998770067694,0.00747419525851013
5.29998767742681,0.00775761942597629
5.30998765417667,0.00804063571685512
5.31998763092653,0.00832298289014861
5.32998760767639,0.00860455807048121
5.33998758442625,0.00888536069257936
5.34998756117612,0.00916521615840301
5.35998753792598,0.0094439942793221
5.36998751467584,0.00972119566923447
5.3799874914257,0.00999675636532646
5.38998746817556,0.0102706745270479
5.39998744492543,0.0105434644591891
5.40998742167529,0.0108157003721509
5.41998739842515,0.0110868735625459
5.42998737517501,0.0113574273414796
5.43998735192487,0.0116273575158817
5.44998732867473,0.0118966007832161
5.4599873054246,0.0121663182094324
5.46998728217446,0.0124360303891932
5.47998725892432,0.0127052049359815
5.48998723567418,0.012973837175409
5.49998721242404,0.0132415438272595
5.50998718917391,0.0135052293629497
5.51998716592377,0.0137667767809499
5.52998714267363,0.0140252607314616
5.53998711942349,0.0142806795274566
5.54998709617335,0.0145319009578806
5.55998707292322,0.0147774026959417
5.56998704967308,0.0150189360374596
5.57998702642294,0.0152563861434997
5.5899870031728,0.0154897563823898
5.59998697992266,0.0157202766428135
5.60998695667253,0.0159461202386366
5.61998693342239,0.0161682921634624
5.62998691017225,0.0163883305896976
5.63998688692211,0.0166062424799291
5.64998686367197,0.0168227231612719
5.65998684042184,0.0170388239114169
5.6699868171717,0.0172537600634827
5.67998679392156,0.0174690538047914
5.68998677067142,0.0176847124725963
5.69998674742128,0.0179010844122883
5.70998672417115,0.0181203164666788
5.71998670092101,0.0183413107921987
5.72998667767087,0.0185649648826055
5.73998665442073,0.0187912843816656
5.74998663117059,0.0190219264824349
5.75998660792045,0.0192551303012044
5.76998658467032,0.0194944132819311
5.77998656142018,0.0197380491964419
5.78998653817004,0.0199860380536133
5.7999865149199,0.020238012543219
5.80998649166976,0.0204936239068528
5.81998646841963,0.0207542726019926
5.82998644516949,0.0210179613011177
5.83998642191935,0.0212846854103715
5.84998639866921,0.0215542254671305
5.85998637541907,0.0218252924547383
5.86998635216893,0.0220978242711725
5.8799863289188,0.0223713650690532
5.88998630566866,0.0226459113308718
5.89998628241852,0.0229210824966393
5.90998625916838,0.0231965973973249
5.91998623591825,0.0234723094412568
5.92998621266811,0.023748146297933
5.93998618941797,0.0240241059560122
5.94998616616783,0.0243001513427353
5.95998614291769,0.0245760056748752
5.96998611966755,0.0248517214631194
5.97998609641742,0.025127285299934
5.98998607316728,0.0254026961342434
5.99998604991714,0.0256779529153853
6.009986026667,0.0259529363112644
6.01998600341686,0.0262276358438359
6.02998598016673,0.0265020505415567
6.03998595691659,0.0267761794332889
6.04998593366645,0.0270500086409581
6.05998591041631,0.0273234769166072
6.06998588716617,0.0275964527885887
6.07998586391604,0.0278689090018389
6.0899858406659,0.0281408438400358
6.09998581741576,0.0284121803456522
6.10998579416562,0.0286826221222929
6.11998577091548,0.0289519376214359
6.12998574766534,0.0292197586952514
6.13998572441521,0.029486082400645
6.14998570116507,0.0297504243182383
6.15998567791493,0.0300127392798195
6.16998565466479,0.0302714398913225
6.17998563141466,0.0305262786804049
6.18998560816452,0.0307772515447568
6.19998558491438,0.0310223642303392
6.20998556166424,0.0312639291101746
6.2199855384141,0.0314990870870427
6.22998551516396,0.0317288986339707
6.23998549191382,0.0319533651403316
6.24998546866369,0.0321727863276541
6.25998544541355,0.032387859636198
6.26998542216341,0.0325981156156867
6.27998539891327,0.0328054989735132
6.28998537566313,0.0330100143050754
6.299985352413,0.0332121323800616
6.30998532916286,0.0334134121475847
6.31998530591272,0.0336133925564982
6.32998528266258,0.0338135263823147
6.33998525941244,0.0340138198482218
6.34998523616231,0.0342146996297101
6.35998521291217,0.0344172378674625
6.36998518966203,0.0346210344144015
6.37998516641189,0.0348267969449472
6.38998514316175,0.0350345315544831
6.39998511991161,0.0352448780264131
6.40998509666148,0.0354595067948211
6.41998507341134,0.0356771462053332
6.4299850501612,0.0358982707780371
6.43998502691106,0.0361228835565561
6.44998500366092,0.0363509649896524
6.45998498041079,0.0365845075404489
6.46998495716065,0.0368218946122232
6.47998493391051,0.0370622112748989
6.48998491066037,0.0373054556813913
6.49998488741023,0.0375509797387746
6.5099848641601,0.0378005827050115
6.51998484090996,0.0380516847626449
6.52998481765982,0.0383039384181223
6.53998479440968,0.0385573397400249
6.54998477115955,0.0388109683666011
6.55998474790941,0.0390648990799293
6.56998472465927,0.0393193266297814
6.57998470140913,0.0395738113733485
6.58998467815899,0.0398283509304663
6.59998465490885,0.0400828207936114
6.60998463165872,0.0403367849829054
6.61998460840858,0.0405905616364977
6.62998458515844,0.0408440969787921
6.6399845619083,0.0410973896653219
6.64998453865816,0.0413504588889325
6.65998451540803,0.0416032384507754
6.66998449215789,0.0418556672988512
6.67998446890775,0.0421077954005601
6.68998444565761,0.0423596215937227
6.69998442240747,0.0426111424235353
6.70998439915733,0.0428624475738199
6.7199843759072,0.0431133961353445
6.72998435265706,0.0433639475534148
6.73998432940692,0.0436141002783672
6.74998430615678,0.0438639368393635
6.75998428290664,0.0441135105587763
6.76998425965651,0.0443622394485223
6.77998423640637,0.044610098876718
6.78998421315623,0.0448570860508657
6.79998418990609,0.0451026616327165
6.80998416665595,0.0453474084642027
6.81998414340582,0.0455905124787728
6.82998412015568,0.0458313273668694
6.83998409690554,0.0460698490129452
6.8499840736554,0.0463057298615568
6.85998405040526,0.0465370600732649
6.86998402715512,0.0467648955431487
6.87998400390499,0.0469886187032807
6.88998398065485,0.0472082291410698
6.89998395740471,0.0474239916817074
6.90998393415457,0.0476354872963687
6.91998391090443,0.0478429722501869
6.9299838876543,0.0480469993951984
6.93998386440416,0.0482475735778175
6.94998384115402,0.0484448828433891
6.95998381790388,0.0486404960073486
6.96998379465374,0.0488342774277606
6.97998377140361,0.0490267331553534
6.98998374815347,0.0492178699288983
6.99998372490333,0.0494076944887372
7.00998370165319,0.0495973324516026
7.01998367840305,0.0497879515296795
7.02998365515292,0.0499795584663023
7.03998363190278,0.0501721600038388
7.04998360865264,0.0503662408997898
7.0599835854025,0.0505616121134159
7.06998356215236,0.0507597932515594
7.07998353890223,0.0509609662952966
7.08998351565209,0.0511651361623599
7.09998349240195,0.0513728153154384
7.10998346915181,0.0515842111743988
7.11998344590167,0.0517988513744416
7.12998342265153,0.0520169815056602
7.1399833994014,0.0522386012769629
7.14998337615126,0.0524630644209675
7.15998335290112,0.0526913723475789
7.16998332965098,0.052921631958002
7.17998330640084,0.0531534861296258
7.18998328315071,0.0533869308845619
7.19998325990057,0.0536213109681129
7.20998323665043,0.0538558126005366
7.21998321340029,0.054091008932574
7.22998319015015,0.0543263533425604
7.23998316690001,0.0545618431146201
7.24998314364988,0.0547974508855751
7.25998312039974,0.0550325949577278
7.2699830971496,0.0552673439411345
7.27998307389946,0.055501774063148
7.28998305064933,0.0557358837996239
7.29998302739919,0.0559696344801267
7.30998300414905,0.0562028813481634
7.31998298089891,0.0564357272774808
7.32998295764877,0.0566681716392263
7.33998293439864,0.0569002132834646
7.3499829111485,0.0571319143729635
7.35998288789836,0.0573632125109158
7.36998286464822,0.0575940646845224
7.37998284139808,0.0578244958424938
7.38998281814794,0.058054504684698
7.39998279489781,0.0582840740996991
7.40998277164767,0.0585134898002443
7.41998274839753,0.0587423565502436
7.42998272514739,0.0589705855109083
7.43998270189725,0.0591981744754659
7.44998267864712,0.0594247590816518
7.45998265539698,0.0596505472781879
7.46998263214684,0.0598755741261898
7.4799826088967,0.0600990669873767
7.48998258564656,0.0603210222831461
7.49998256239642,0.0605411764045879
7.50998253914629,0.0607574632283749
7.51998251589615,0.0609713136390415
7.52998249264601,0.0611820484799815
7.53998246939587,0.0613896659234472
7.54998244614573,0.0615935127567619
7.5599824228956,0.0617925191346647
7.56998239964546,0.0619881110453626
7.57998237639532,0.0621802335690965
7.58998235314518,0.0623688891724602
7.59998232989504,0.0625546952270372
7.6099823066449,0.0627367041332396
7.61998228339477,0.062916330977071
7.62998226014463,0.0630941958354206
7.63998223689449,0.06327030380622
7.64998221364435,0.0634453399416055
7.65998219039421,0.0636189175408005
7.66998216714408,0.0637922179596638
7.67998214389394,0.0639656578240852
7.6899821206438,0.0641392428893828
7.69998209739366,0.0643138509853028
7.70998207414352,0.0644890698501261
7.71998205089339,0.0646660188920331
7.72998202764325,0.064845006985973
7.73998200439311,0.065026039123672
7.74998198114297,0.0652103680093458
7.75998195789283,0.065397184869506
7.7699819346427,0.0655869966433557
7.77998191139256,0.0657800393659923
7.78998188814242,0.065976314824882
7.79998186489228,0.0661768288515824
7.80998184164214,0.066378894420358
7.81998181839201,0.0665847183982836
7.82998179514187,0.0667925862709046
7.83998177189173,0.0670024943418444
7.84998174864159,0.0672142631241709
7.85998172539145,0.0674268058087894
7.86998170214131,0.0676400673821402
7.87998167889118,0.0678536816244049
7.88998165564104,0.0680676456944316
7.8999816323909,0.068281679162895
7.90998160914076,0.0684956032558661
7.91998158589063,0.0687092590580468
7.92998156264049,0.0689225894859112
7.93998153939035,0.0691355927943782
7.94998151614021,0.0693482555053753
7.95998149289007,0.0695604548698038
7.96998146963993,0.0697722306881607
7.97998144638979,0.0699835782075229
7.98998142313966,0.0701944963545758
7.99998139988952,0.070404984056679
8.00998137663938,0.0706147932277003
8.01998135338924,0.0708243679284884
8.0299813301391,0.0710337071838911
8.03998130688897,0.0712428100189848
8.04998128363883,0.071451646272117
8.05998126038869,0.0716591782086828
8.06998123713855,0.0718663392827502
8.07998121388841,0.0720731589083969
8.08998119063828,0.0722796352984683
8.09998116738814,0.0724857423394386
8.109981144138,0.07269208112362
8.11998112088786,0.0728971584017657
8.12998109763773,0.0731003654837276
8.13998107438759,0.0733016992279123
8.14998105113745,0.0735012046150982
8.15998102788731,0.0737020344603115
8.16998100463717,0.0739003286808152
8.17998098138703,0.0740957244442528
8.1899809581369,0.0742882187948464
8.19998093488676,0.0744763678146314
8.20998091163662,0.0746607059587703
8.21998088838648,0.0748423448039676
8.22998086513634,0.0750210755598351
8.23998084188621,0.0751968983207386
8.24998081863607,0.0753685185306962
8.25998079538593,0.0755374467297042
8.26998077213579,0.0757029054579787
8.27998074888565,0.0758658909121371
8.28998072563551,0.0760264072567195
8.29998070238538,0.0761853865187345
8.30998067913524,0.0763435234727139
8.3199806558851,0.0765004778611367
8.32998063263496,0.0766561864661606
8.33998060938483,0.0768106551430298
8.34998058613469,0.0769652592145424
8.35998056288455,0.077119390723782
8.36998053963441,0.0772746315103515
8.37998051638427,0.0774316795388014
8.38998049313413,0.0775905402267419
8.399980469884,0.0777511894879843
8.40998044663386,0.0779121851198515
8.41998042338372,0.0780742143702932
8.42998040013358,0.0782386889231212
8.43998037688344,0.0784056111355501
8.44998035363331,0.0785750309005089
8.45998033038317,0.0787491170264621
8.46998030713303,0.078925173774985
8.47998028388289,0.0791017327637613
8.48998026063275,0.0792787937966183
8.49998023738261,0.0794566821653254
8.50998021413248,0.079638299936852
8.51998019088234,0.0798194903568859
8.5299801676322,0.0799994780839425
8.53998014438206,0.0801782612010138
8.54998012113192,0.0803557422560211
8.55998009788179,0.080534048286967
8.56998007463165,0.0807113511030703
8.57998005138151,0.0808869584654933
8.58998002813137,0.0810608701334939
8.59998000488124,0.0812324094347674
8.60997998163109,0.0813993609963658
8.61997995838096,0.0815643612990382
8.62997993513082,0.0817284992747242
8.63997991188068,0.0818917751192818
8.64997988863054,0.0820534713076536
8.65997986538041,0.0822098009309399
8.66997984213027,0.0823632089327152
8.67997981888013,0.0825137851119219
8.68997979562999,0.0826615285947225
8.69997977237985,0.0828067557190736
8.70997974912972,0.0829520261735486
8.71997972587958,0.0830942472643268
8.72997970262944,0.0832326415026345
8.7399796793793,0.083367208734294
8.74997965612916,0.0834991254572435
8.75997963287902,0.0836299492197866
8.76997960962889,0.0837578149820113
8.77997958637875,0.0838825045733529
8.78997956312861,0.084004016655226
8.79997953987847,0.0841225609486143
8.80997951662833,0.0842394372656031
8.8199794933782,0.0843537375198879
8.82997947012806,0.0844652891514393
8.83997944687792,0.0845740904857718
8.84997942362778,0.0846799361250254
8.85997940037764,0.0847799988699245
8.86997937712751,0.0848772100872017
8.87997935387737,0.0849718209314352
8.88997933062723,0.0850638310182145
8.89997930737709,0.0851532423143333
8.90997928412695,0.0852377894862341
8.91997926087681,0.085319172236369
8.92997923762668,0.085397728059174
8.93997921437654,0.0854734582536818
8.9499791911264,0.0855464590508976
8.95997916787626,0.0856185588990462
8.96997914462612,0.0856883488529004
8.97997912137599,0.0857559215110776
8.98997909812585,0.0858212786535635
8.99997907487571,0.0858844220633853
9.00997905162557,0.085947795547804
9.01997902837543,0.0860095549894011
9.02997900512529,0.0860697024941049
9.03997898187516,0.0861282401702216
9.04997895862502,0.0861855668277506
9.05997893537488,0.0862444532352307
9.06997891212474,0.0863030784424992
9.0799788888746,0.0863614632084968
9.08997886562447,0.0864196089454619
9.09997884237433,0.0864775833593408
9.10997881912419,0.0865328378468258
9.11997879587405,0.0865889622103466
9.12997877262392,0.086646259875588
9.13997874937378,0.0867047299945024
9.14997872612364,0.0867636479886481
9.1599787028735,0.0868205771504733
9.16997867962336,0.0868768924575452
9.17997865637322,0.0869325417476514
9.18997863312308,0.0869875231108462
9.19997860987295,0.0870419138828126
9.20997858662281,0.0870970357805234
9.21997856337267,0.0871512384498999
9.22997854012253,0.087203942354995
9.2399785168724,0.0872551463628384
9.24997849362226,0.0873050516748089
9.25997847037212,0.0873549165770148
9.26997844712198,0.0874037311894948
9.27997842387184,0.0874512521341202
9.2899784006217,0.087497478562762
9.29997837737157,0.0875426363481107
9.30997835412143,0.0875875128341284
9.31997833087129,0.0876315537933071
9.32997830762115,0.087674689128868
9.33997828437101,0.0877169185246323
9.34997826112088,0.0877581804247481
9.35997823787074,0.0877976356330074
9.3699782146206,0.0878364780735999
9.37997819137046,0.0878749250867548
9.38997816812033,0.0879129761740101
9.39997814487018,0.0879502797134208
9.40997812162005,0.087986215535
9.41997809836991,0.0880212202526837
9.42997807511977,0.0880553684068449
9.43997805186963,0.0880886594705552
9.44997802861949,0.0881211579093029
9.45997800536936,0.0881534918580311
9.46997798211922,0.088185033753117
9.47997795886908,0.0882154900104264
9.48997793561894,0.0882448601670117
9.49997791236881,0.0882732418917757
9.50997788911866,0.0883009637598696
9.51997786586853,0.0883278084270842
9.52997784261839,0.0883535416390898
9.53997781936825,0.0883781630736494
9.54997779611811,0.0884017723359265
9.55997777286798,0.0884247172092837
9.56997774961784,0.0884467694962472
9.5799777263677,0.0884678682417274
9.58997770311756,0.0884880137591898
9.59997767986742,0.0885073328426229
9.60997765661729,0.0885254229021361
9.61997763336715,0.0885427307010915
9.62997761011701,0.0885596510842896
9.63997758686687,0.088576184612036
9.64997756361673,0.0885922444938363
9.6599775403666,0.088607102806269
9.66997751711646,0.0886212915390567
9.67997749386632,0.0886350006806598
9.68997747061618,0.088648230534953
9.69997744736604,0.0886610657272057
9.70997742411591,0.0886740801729869
9.71997740086577,0.0886866807144483
9.72997737761563,0.0886986492919135
9.73997735436549,0.0887099861996541
9.74997733111535,0.0887209605515471
9.75997730786521,0.0887320829042331
9.76997728461508,0.0887429958091436
9.77997726136494,0.0887533875012093
9.7899772381148,0.0887632577387643
9.79997721486466,0.0887726217133314
9.80997719161452,0.0887822452165459
9.81997716836439,0.0887916899029883
9.82997714511425,0.0888008200263263
9.83997712186411,0.0888096354154985
9.84997709861397,0.0888180556136687
9.85997707536383,0.08882489124452
9.8699770521137,0.0888315502313821
9.87997702886356,0.0888382012242865
9.88997700561342,0.0888448438125307
9.89997698236328,0.088851219635418
9.90997695911314,0.0888560852172984
9.919976935863,0.0888604355088602
9.92997691261287,0.0888643217542349
9.93997688936273,0.0888677437162401
9.94997686611259,0.0888706982316831
9.95997684286245,0.0888733904277224
9.96997681961231,0.0888754308187346
9.97997679636218,0.0888768044265725
9.98997677311204,0.0888775112421563
9.9999767498619,0.088877551257343
10.0099999767499,0.08888
10.0199999534997,0.08888
10.0299999302496,0.08888
10.0399999069994,0.08887
10.0499998837493,0.08887
10.0599998604992,0.08887
10.069999837249,0.08886
10.0799998139989,0.08886
10.0899997907488,0.08886
10.0999997674986,0.08885
10.1099997442485,0.08884
10.1199997209983,0.08884
10.1299996977482,0.08883
10.1399996744981,0.08882
10.1499996512479,0.08882
10.1599996279978,0.08881
10.1699996047477,0.0888
10.1799995814975,0.08879
10.1899995582474,0.08878
10.1999995349972,0.08877
10.2099995117471,0.08876
10.219999488497,0.08875
10.2299994652468,0.08874
10.2399994419967,0.08873
10.2499994187465,0.08872
10.2599993954964,0.08871
10.2699993722463,0.0887
10.2799993489961,0.08869
10.289999325746,0.08867
10.2999993024959,0.08866
10.3099992792457,0.08865
10.3199992559956,0.08864
10.3299992327454,0.08862
10.3399992094953,0.08861
10.3499991862452,0.08859
10.359999162995,0.08858
10.3699991397449,0.08856
10.3799991164948,0.08854
10.3899990932446,0.08853
10.3999990699945,0.08851
10.4099990467443,0.08849
10.4199990234942,0.08847
10.4299990002441,0.08845
10.4399989769939,0.08842
10.4499989537438,0.0884
10.4599989304936,0.08838
10.4699989072435,0.08835
10.4799988839934,0.08833
10.4899988607432,0.0883
10.4999988374931,0.08827
10.509998814243,0.08824
10.5199987909928,0.08822
10.5299987677427,0.08819
10.5399987444925,0.08815
10.5499987212424,0.08812
10.5599986979923,0.08809
10.5699986747421,0.08806
10.579998651492,0.08802
10.5899986282419,0.08799
10.5999986049917,0.08795
10.6099985817416,0.08791
10.6199985584914,0.08788
10.6299985352413,0.08784
10.6399985119912,0.0878
10.649998488741,0.08776
10.6599984654909,0.08772
10.6699984422407,0.08767
10.6799984189906,0.08763
10.6899983957405,0.08759
10.6999983724903,0.08754
10.7099983492402,0.0875
10.7199983259901,0.08745
10.7299983027399,0.0874
10.7399982794898,0.08736
10.7499982562396,0.08731
10.7599982329895,0.08726
10.7699982097394,0.0872
10.7799981864892,0.08715
10.7899981632391,0.0871
10.799998139989,0.08704
10.8099981167388,0.08699
10.8199980934887,0.08693
10.8299980702385,0.08688
10.8399980469884,0.08682
10.8499980237383,0.08676
10.8599980004881,0.0867
10.869997977238,0.08665
10.8799979539878,0.08659
10.8899979307377,0.08653
10.8999979074876,0.08648
10.9099978842374,0.08642
10.9199978609873,0.08636
10.9299978377372,0.0863
10.939997814487,0.08624
10.9499977912369,0.08619
10.9599977679867,0.08613
10.9699977447366,0.08607
10.9799977214865,0.08601
10.9899976982363,0.08595
10.9999976749862,0.08588
11.0099976517361,0.08582
11.0199976284859,0.08576
11.0299976052358,0.08569
11.0399975819856,0.08562
11.0499975587355,0.08555
11.0599975354854,0.08547
11.0699975122352,0.0854
11.0799974889851,0.08532
11.089997465735,0.08524
11.0999974424848,0.08515
11.1099974192347,0.08506
11.1199973959845,0.08497
11.1299973727344,0.08488
11.1399973494843,0.08478
11.1499973262341,0.08468
11.159997302984,0.08457
11.1699972797338,0.08447
11.1799972564837,0.08435
11.1899972332336,0.08424
11.1999972099834,0.08412
11.2099971867333,0.084
11.2199971634832,0.08388
11.229997140233,0.08376
11.2399971169829,0.08363
11.2499970937327,0.0835
11.2599970704826,0.08337
11.2699970472325,0.08323
11.2799970239823,0.08309
11.2899970007322,0.08295
11.299996977482,0.08281
11.3099969542319,0.08266
11.3199969309818,0.08251
11.3299969077316,0.08236
11.3399968844815,0.08221
11.3499968612314,0.08205
11.3599968379812,0.08189
11.3699968147311,0.08173
11.3799967914809,0.08157
11.3899967682308,0.0814
11.3999967449807,0.08123
11.4099967217305,0.08106
11.4199966984804,0.08089
11.4299966752303,0.08071
11.4399966519801,0.08053
11.44999662873,0.08036
11.4599966054798,0.08018
11.4699965822297,0.08
11.4799965589796,0.07982
11.4899965357294,0.07964
11.4999965124793,0.07946
11.5099964892292,0.07928
11.519996465979,0.0791
11.5299964427289,0.07893
11.5399964194787,0.07875
11.5499963962286,0.07858
11.5599963729785,0.07841
11.5699963497283,0.07824
11.5799963264782,0.07807
11.589996303228,0.07791
11.5999962799779,0.07775
11.6099962567278,0.07759
11.6199962334776,0.07743
11.6299962102275,0.07727
11.6399961869773,0.07712
11.6499961637272,0.07696
11.6599961404771,0.07681
11.6699961172269,0.07665
11.6799960939768,0.0765
11.6899960707267,0.07634
11.6999960474765,0.07618
11.7099960242264,0.07602
11.7199960009763,0.07586
11.7299959777261,0.0757
11.739995954476,0.07554
11.7499959312258,0.07537
11.7599959079757,0.07519
11.7699958847256,0.07502
11.7799958614754,0.07484
11.7899958382253,0.07466
11.7999958149751,0.07447
11.809995791725,0.07428
11.8199957684749,0.07409
11.8299957452247,0.0739
11.8399957219746,0.0737
11.8499956987245,0.0735
11.8599956754743,0.0733
11.8699956522242,0.0731
11.879995628974,0.07289
11.8899956057239,0.07269
11.8999955824738,0.07248
11.9099955592236,0.07228
11.9199955359735,0.07207
11.9299955127234,0.07186
11.9399954894732,0.07166
11.9499954662231,0.07145
11.9599954429729,0.07124
11.9699954197228,0.07103
11.9799953964727,0.07082
11.9899953732225,0.07061
11.9999953499724,0.0704
12.0099953267222,0.07019
12.0199953034721,0.06998
12.029995280222,0.06977
12.0399952569718,0.06956
12.0499952337217,0.06934
12.0599952104716,0.06913
12.0699951872214,0.06892
12.0799951639713,0.06871
12.0899951407211,0.06849
12.099995117471,0.06828
12.1099950942209,0.06806
12.1199950709707,0.06785
12.1299950477206,0.06764
12.1399950244705,0.06742
12.1499950012203,0.06721
12.1599949779702,0.067
12.16999495472,0.06679
12.1799949314699,0.06658
12.1899949082198,0.06638
12.1999948849696,0.06617
12.2099948617195,0.06597
12.2199948384693,0.06578
12.2299948152192,0.06558
12.2399947919691,0.06539
12.2499947687189,0.06521
12.2599947454688,0.06502
12.2699947222187,0.06484
12.2799946989685,0.06466
12.2899946757184,0.06449
12.2999946524682,0.06431
12.3099946292181,0.06414
12.319994605968,0.06396
12.3299945827178,0.06379
12.3399945594677,0.06362
12.3499945362176,0.06344
12.3599945129674,0.06327
12.3699944897173,0.06309
12.3799944664671,0.06291
12.389994443217,0.06273
12.3999944199669,0.06255
12.4099943967167,0.06237
12.4199943734666,0.06218
12.4299943502164,0.06198
12.4399943269663,0.06179
12.4499943037162,0.06159
12.459994280466,0.06139
12.4699942572159,0.06118
12.4799942339657,0.06097
12.4899942107156,0.06075
12.4999941874655,0.06054
12.5099941642153,0.06032
12.5199941409652,0.0601
12.5299941177151,0.05987
12.5399940944649,0.05965
12.5499940712148,0.05942
12.5599940479647,0.0592
12.5699940247145,0.05897
12.5799940014644,0.05874
12.5899939782142,0.05851
12.5999939549641,0.05828
12.609993931714,0.05805
12.6199939084638,0.05782
12.6299938852137,0.05759
12.6399938619635,0.05736
12.6499938387134,0.05713
12.6599938154633,0.0569
12.6699937922131,0.05667
12.679993768963,0.05643
12.6899937457129,0.0562
12.6999937224627,0.05597
12.7099936992126,0.05573
12.7199936759624,0.0555
12.7299936527123,0.05526
12.7399936294622,0.05503
12.749993606212,0.05479
12.7599935829619,0.05456
12.7699935597118,0.05432
12.7799935364616,0.05409
12.7899935132115,0.05385
12.7999934899613,0.05362
12.8099934667112,0.05338
12.8199934434611,0.05315
12.8299934202109,0.05292
12.8399933969608,0.05269
12.8499933737106,0.05246
12.8599933504605,0.05224
12.8699933272104,0.05201
12.8799933039602,0.0518
12.8899932807101,0.05158
12.89999325746,0.05137
12.9099932342098,0.05116
12.9199932109597,0.05096
12.9299931877095,0.05076
12.9399931644594,0.05056
12.9499931412093,0.05036
12.9599931179591,0.05017
12.969993094709,0.04998
12.9799930714589,0.04979
12.9899930482087,0.04959
12.9999930249586,0.04941
13.0099930017084,0.04922
13.0199929784583,0.04902
13.0299929552082,0.04883
13.039992931958,0.04864
13.0499929087079,0.04844
13.0599928854577,0.04825
13.0699928622076,0.04804
13.0799928389575,0.04784
13.0899928157073,0.04763
13.0999927924572,0.04742
13.1099927692071,0.04721
13.1199927459569,0.04699
13.1299927227068,0.04676
13.1399926994566,0.04653
13.1499926762065,0.0463
13.1599926529564,0.04607
13.1699926297062,0.04583
13.1799926064561,0.04559
13.1899925832059,0.04535
13.1999925599558,0.0451
13.2099925367057,0.04485
13.2199925134555,0.04461
13.2299924902054,0.04436
13.2399924669553,0.04411
13.2499924437051,0.04386
13.259992420455,0.04361
13.2699923972048,0.04336
13.2799923739547,0.04311
13.2899923507046,0.04286
13.2999923274544,0.04261
13.3099923042043,0.04236
13.3199922809542,0.04211
13.329992257704,0.04185
13.3399922344539,0.0416
13.3499922112037,0.04135
13.3599921879536,0.0411
13.3699921647035,0.04084
13.3799921414533,0.04059
13.3899921182032,0.04033
13.399992094953,0.04008
13.4099920717029,0.03983
13.4199920484528,0.03957
13.4299920252026,0.03932
13.4399920019525,0.03906
13.4499919787024,0.03881
13.4599919554522,0.03856
13.4699919322021,0.0383
13.4799919089519,0.03805
13.4899918857018,0.0378
13.4999918624517,0.03755
13.5099918392015,0.0373
13.5199918159514,0.03706
13.5299917927012,0.03682
13.5399917694511,0.03658
13.549991746201,0.03635
13.5599917229508,0.03612
13.5699916997007,0.0359
13.5799916764506,0.03568
13.5899916532004,0.03546
13.5999916299503,0.03524
13.6099916067002,0.03503
13.61999158345,0.03483
13.6299915601999,0.03462
13.6399915369497,0.03442
13.6499915136996,0.03421
13.6599914904495,0.03401
13.6699914671993,0.03381
13.6799914439492,0.03361
13.689991420699,0.03341
13.6999913974489,0.03321
13.7099913741988,0.03301
13.7199913509486,0.0328
13.7299913276985,0.0326
13.7399913044483,0.03239
13.7499912811982,0.03217
13.7599912579481,0.03195
13.7699912346979,0.03173
13.7799912114478,0.0315
13.7899911881977,0.03126
13.7999911649475,0.03102
13.8099911416974,0.03078
13.8199911184473,0.03052
13.8299910951971,0.03027
13.839991071947,0.03001
13.8499910486968,0.02975
13.8599910254467,0.02948
13.8699910021965,0.02922
13.8799909789464,0.02895
13.8899909556963,0.02868
13.8999909324461,0.02841
13.909990909196,0.02814
13.9199908859459,0.02787
13.9299908626957,0.02759
13.9399908394456,0.02732
13.9499908161955,0.02705
13.9599907929453,0.02677
13.9699907696952,0.0265
13.979990746445,0.02622
13.9899907231949,0.02595
13.9999906999448,0.02567
14.0099906766946,0.0254
14.0199906534445,0.02512
14.0299906301944,0.02485
14.0399906069442,0.02457
14.0499905836941,0.0243
14.0599905604439,0.02402
14.0699905371938,0.02374
14.0799905139436,0.02347
14.0899904906935,0.02319
14.0999904674434,0.02292
14.1099904441932,0.02264
14.1199904209431,0.02237
14.129990397693,0.02209
14.1399903744428,0.02182
14.1499903511927,0.02155
14.1599903279426,0.02128
14.1699903046924,0.02101
14.1799902814423,0.02075
14.1899902581921,0.02049
14.199990234942,0.02023
14.2099902116919,0.01998
14.2199901884417,0.01973
14.2299901651916,0.01949
14.2399901419415,0.01925
14.2499901186913,0.01902
14.2599900954412,0.01879
14.269990072191,0.01856
14.2799900489409,0.01834
14.2899900256908,0.01811
14.2999900024406,0.0179
14.3099899791905,0.01768
14.3199899559403,0.01746
14.3299899326902,0.01725
14.3399899094401,0.01703
14.3499898861899,0.01682
14.3599898629398,0.0166
14.3699898396897,0.01638
14.3799898164395,0.01616
14.3899897931894,0.01594
14.3999897699392,0.01571
14.4099897466891,0.01548
14.419989723439,0.01525
14.4299897001888,0.01501
14.4399896769387,0.01477
14.4499896536886,0.01453
14.4599896304384,0.01427
14.4699896071883,0.01402
14.4799895839381,0.01376
14.489989560688,0.0135
14.4999895374379,0.01323
14.5099895141877,0.01297
14.5199894909376,0.0127
14.5299894676874,0.01243
14.5399894444373,0.01216
14.5499894211872,0.01189
14.559989397937,0.01162
14.5699893746869,0.01135
14.5799893514368,0.01108
14.5899893281866,0.01081
14.5999893049365,0.01054
14.6099892816863,0.01026
14.6199892584362,0.00999
14.6299892351861,0.00971
14.6399892119359,0.00944
14.6499891886858,0.00916
14.6599891654357,0.00888
14.6699891421855,0.0086
14.6799891189354,0.00832
14.6899890956852,0.00803
14.6999890724351,0.00775
14.709989049185,0.00747
14.7199890259348,0.00718
14.7299890026847,0.0069
14.7399889794345,0.00662
14.7499889561844,0.00633
14.7599889329343,0.00605
14.7699889096841,0.00577
14.779988886434,0.00548
14.7899888631839,0.0052
14.7999888399337,0.00492
14.8099888166836,0.00464
14.8199887934334,0.00436
14.8299887701833,0.00409
14.8399887469332,0.00382
14.849988723683,0.00355
14.8599887004329,0.00328
14.8699886771827,0.00302
14.8799886539326,0.00276
14.8899886306825,0.00251
14.8999886074323,0.00227
14.9099885841822,0.00202
14.9199885609321,0.00179
14.9299885376819,0.00155
14.9399885144318,0.00132
14.9499884911816,0.0011
14.9599884679315,0.00087
14.9699884446814,0.00065
14.9799884214312,0.00043
14.9899883981811,0.00021
14.999988374931,-0
15.0099883516808,-0.00022
15.0199883284307,-0.00044
15.0299883051805,-0.00066
15.0399882819304,-0.00088
15.0499882586803,-0.00111
15.0599882354301,-0.00133
15.06998821218,-0.00156
15.0799881889298,-0.00179
15.0899881656797,-0.00203
15.0999881424296,-0.00227
15.1099881191794,-0.00252
15.1199880959293,-0.00277
15.1299880726792,-0.00303
15.139988049429,-0.00329
15.1499880261789,-0.00355
15.1599880029287,-0.00382
15.1699879796786,-0.0041
15.1799879564285,-0.00437
15.1899879331783,-0.00465
15.1999879099282,-0.00493
15.2099878866781,-0.00521
15.2199878634279,-0.00549
15.2299878401778,-0.00577
15.2399878169276,-0.00606
15.2499877936775,-0.00634
15.2599877704274,-0.00662
15.2699877471772,-0.00691
15.2799877239271,-0.00719
15.2899877006769,-0.00747
15.2999876774268,-0.00776
15.3099876541767,-0.00804
15.3199876309265,-0.00832
15.3299876076764,-0.0086
15.3399875844263,-0.00889
15.3499875611761,-0.00917
15.359987537926,-0.00944
15.3699875146758,-0.00972
15.3799874914257,-0.01
15.3899874681756,-0.01027
15.3999874449254,-0.01054
15.4099874216753,-0.01082
15.4199873984252,-0.01109
15.429987375175,-0.01136
15.4399873519249,-0.01163
15.4499873286747,-0.0119
15.4599873054246,-0.01217
15.4699872821745,-0.01244
15.4799872589243,-0.01271
15.4899872356742,-0.01297
15.499987212424,-0.01324
15.5099871891739,-0.01351
15.5199871659238,-0.01377
15.5299871426736,-0.01403
15.5399871194235,-0.01428
15.5499870961734,-0.01453
15.5599870729232,-0.01478
15.5699870496731,-0.01502
15.5799870264229,-0.01526
15.5899870031728,-0.01549
15.5999869799227,-0.01572
15.6099869566725,-0.01595
15.6199869334224,-0.01617
15.6299869101722,-0.01639
15.6399868869221,-0.01661
15.649986863672,-0.01682
15.6599868404218,-0.01704
15.6699868171717,-0.01725
15.6799867939216,-0.01747
15.6899867706714,-0.01768
15.6999867474213,-0.0179
15.7099867241712,-0.01812
15.719986700921,-0.01834
15.7299866776709,-0.01856
15.7399866544207,-0.01879
15.7499866311706,-0.01902
15.7599866079205,-0.01926
15.7699865846703,-0.01949
15.7799865614202,-0.01974
15.78998653817,-0.01999
15.7999865149199,-0.02024
15.8099864916698,-0.02049
15.8199864684196,-0.02075
15.8299864451695,-0.02102
15.8399864219193,-0.02128
15.8499863986692,-0.02155
15.8599863754191,-0.02183
15.8699863521689,-0.0221
15.8799863289188,-0.02237
15.8899863056687,-0.02265
15.8999862824185,-0.02292
15.9099862591684,-0.0232
15.9199862359183,-0.02347
15.9299862126681,-0.02375
15.939986189418,-0.02402
15.9499861661678,-0.0243
15.9599861429177,-0.02458
15.9699861196675,-0.02485
15.9799860964174,-0.02513
15.9899860731673,-0.0254
15.9999860499171,-0.02568
16.009986026667,-0.02595
16.0199860034169,-0.02623
16.0299859801667,-0.0265
16.0399859569166,-0.02678
16.0499859336664,-0.02705
16.0599859104163,-0.02732
16.0699858871662,-0.0276
16.079985863916,-0.02787
16.0899858406659,-0.02814
16.0999858174158,-0.02841
16.1099857941656,-0.02868
16.1199857709155,-0.02895
16.1299857476653,-0.02922
16.1399857244152,-0.02949
16.1499857011651,-0.02975
16.1599856779149,-0.03001
16.1699856546648,-0.03027
16.1799856314147,-0.03053
16.1899856081645,-0.03078
16.1999855849144,-0.03102
16.2099855616642,-0.03126
16.2199855384141,-0.0315
16.229985515164,-0.03173
16.2399854919138,-0.03195
16.2499854686637,-0.03217
16.2599854454135,-0.03239
16.2699854221634,-0.0326
16.2799853989133,-0.03281
16.2899853756631,-0.03301
16.299985352413,-0.03321
16.3099853291629,-0.03341
16.3199853059127,-0.03361
16.3299852826626,-0.03381
16.3399852594124,-0.03401
16.3499852361623,-0.03421
16.3599852129122,-0.03442
16.369985189662,-0.03462
16.3799851664119,-0.03483
16.3899851431618,-0.03503
16.3999851199116,-0.03524
16.4099850966615,-0.03546
16.4199850734113,-0.03568
16.4299850501612,-0.0359
16.4399850269111,-0.03612
16.4499850036609,-0.03635
16.4599849804108,-0.03658
16.4699849571606,-0.03682
16.4799849339105,-0.03706
16.4899849106604,-0.03731
16.4999848874102,-0.03755
16.5099848641601,-0.0378
16.51998484091,-0.03805
16.5299848176598,-0.0383
16.5399847944097,-0.03856
16.5499847711596,-0.03881
16.5599847479094,-0.03906
16.5699847246593,-0.03932
16.5799847014091,-0.03957
16.589984678159,-0.03983
16.5999846549089,-0.04008
16.6099846316587,-0.04034
16.6199846084086,-0.04059
16.6299845851584,-0.04084
16.6399845619083,-0.0411
16.6499845386582,-0.04135
16.659984515408,-0.0416
16.6699844921579,-0.04186
16.6799844689078,-0.04211
16.6899844456576,-0.04236
16.6999844224075,-0.04261
16.7099843991573,-0.04286
16.7199843759072,-0.04311
16.7299843526571,-0.04336
16.7399843294069,-0.04361
16.7499843061568,-0.04386
16.7599842829066,-0.04411
16.7699842596565,-0.04436
16.7799842364064,-0.04461
16.7899842131562,-0.04486
16.7999841899061,-0.0451
16.809984166656,-0.04535
16.8199841434058,-0.04559
16.8299841201557,-0.04583
16.8399840969055,-0.04607
16.8499840736554,-0.04631
16.8599840504053,-0.04654
16.8699840271551,-0.04676
16.879984003905,-0.04699
16.8899839806549,-0.04721
16.8999839574047,-0.04742
16.9099839341546,-0.04764
16.9199839109044,-0.04784
16.9299838876543,-0.04805
16.9399838644042,-0.04825
16.949983841154,-0.04844
16.9599838179039,-0.04864
16.9699837946537,-0.04883
16.9799837714036,-0.04903
16.9899837481535,-0.04922
16.9999837249033,-0.04941
17.0099837016532,-0.0496
17.0199836784031,-0.04979
17.0299836551529,-0.04998
17.0399836319028,-0.05017
17.0499836086526,-0.05037
17.0599835854025,-0.05056
17.0699835621524,-0.05076
17.0799835389022,-0.05096
17.0899835156521,-0.05117
17.099983492402,-0.05137
17.1099834691518,-0.05158
17.1199834459017,-0.0518
17.1299834226515,-0.05202
17.1399833994014,-0.05224
17.1499833761513,-0.05246
17.1599833529011,-0.05269
17.169983329651,-0.05292
17.1799833064008,-0.05315
17.1899832831507,-0.05339
17.1999832599006,-0.05362
17.2099832366504,-0.05386
17.2199832134003,-0.05409
17.2299831901502,-0.05433
17.2399831669,-0.05456
17.2499831436499,-0.0548
17.2599831203997,-0.05503
17.2699830971496,-0.05527
17.2799830738995,-0.0555
17.2899830506493,-0.05574
17.2999830273992,-0.05597
17.3099830041491,-0.0562
17.3199829808989,-0.05644
17.3299829576488,-0.05667
17.3399829343986,-0.0569
17.3499829111485,-0.05713
17.3599828878984,-0.05736
17.3699828646482,-0.05759
17.3799828413981,-0.05782
17.3899828181479,-0.05805
17.3999827948978,-0.05828
17.4099827716477,-0.05851
17.4199827483975,-0.05874
17.4299827251474,-0.05897
17.4399827018973,-0.0592
17.4499826786471,-0.05942
17.459982655397,-0.05965
17.4699826321468,-0.05988
17.4799826088967,-0.0601
17.4899825856466,-0.06032
17.4999825623964,-0.06054
17.5099825391463,-0.06076
17.5199825158962,-0.06097
17.529982492646,-0.06118
17.5399824693959,-0.06139
17.5499824461457,-0.06159
17.5599824228956,-0.06179
17.5699823996455,-0.06199
17.5799823763953,-0.06218
17.5899823531452,-0.06237
17.599982329895,-0.06255
17.6099823066449,-0.06274
17.6199822833948,-0.06292
17.6299822601446,-0.06309
17.6399822368945,-0.06327
17.6499822136444,-0.06345
17.6599821903942,-0.06362
17.6699821671441,-0.06379
17.6799821438939,-0.06397
17.6899821206438,-0.06414
17.6999820973937,-0.06431
17.7099820741435,-0.06449
17.7199820508934,-0.06467
17.7299820276432,-0.06485
17.7399820043931,-0.06503
17.749981981143,-0.06521
17.7599819578928,-0.0654
17.7699819346427,-0.06559
17.7799819113926,-0.06578
17.7899818881424,-0.06598
17.7999818648923,-0.06618
17.8099818416421,-0.06638
17.819981818392,-0.06658
17.8299817951419,-0.06679
17.8399817718917,-0.067
17.8499817486416,-0.06721
17.8599817253914,-0.06743
17.8699817021413,-0.06764
17.8799816788912,-0.06785
17.889981655641,-0.06807
17.8999816323909,-0.06828
17.9099816091408,-0.0685
17.9199815858906,-0.06871
17.9299815626405,-0.06892
17.9399815393903,-0.06914
17.9499815161402,-0.06935
17.9599814928901,-0.06956
17.9699814696399,-0.06977
17.9799814463898,-0.06998
17.9899814231397,-0.07019
17.9999813998895,-0.0704
18.0099813766394,-0.07061
18.0199813533892,-0.07082
18.0299813301391,-0.07103
18.039981306889,-0.07124
18.0499812836388,-0.07145
18.0599812603887,-0.07166
18.0699812371385,-0.07187
18.0799812138884,-0.07207
18.0899811906383,-0.07228
18.0999811673881,-0.07249
18.109981144138,-0.07269
18.1199811208879,-0.0729
18.1299810976377,-0.0731
18.1399810743876,-0.0733
18.1499810511375,-0.0735
18.1599810278873,-0.0737
18.1699810046372,-0.0739
18.179980981387,-0.0741
18.1899809581369,-0.07429
18.1999809348868,-0.07448
18.2099809116366,-0.07466
18.2199808883865,-0.07484
18.2299808651363,-0.07502
18.2399808418862,-0.0752
18.2499808186361,-0.07537
18.2599807953859,-0.07554
18.2699807721358,-0.0757
18.2799807488856,-0.07587
18.2899807256355,-0.07603
18.2999807023854,-0.07619
18.3099806791352,-0.07634
18.3199806558851,-0.0765
18.329980632635,-0.07666
18.3399806093848,-0.07681
18.3499805861347,-0.07697
18.3599805628846,-0.07712
18.3699805396344,-0.07727
18.3799805163843,-0.07743
18.3899804931341,-0.07759
18.399980469884,-0.07775
18.4099804466339,-0.07791
18.4199804233837,-0.07807
18.4299804001336,-0.07824
18.4399803768834,-0.07841
18.4499803536333,-0.07858
18.4599803303832,-0.07875
18.469980307133,-0.07893
18.4799802838829,-0.0791
18.4899802606327,-0.07928
18.4999802373826,-0.07946
18.5099802141325,-0.07964
18.5199801908823,-0.07982
18.5299801676322,-0.08
18.5399801443821,-0.08018
18.5499801211319,-0.08036
18.5599800978818,-0.08053
18.5699800746317,-0.08071
18.5799800513815,-0.08089
18.5899800281314,-0.08106
18.5999800048812,-0.08123
18.6099799816311,-0.0814
18.619979958381,-0.08156
18.6299799351308,-0.08173
18.6399799118807,-0.08189
18.6499798886305,-0.08205
18.6599798653804,-0.08221
18.6699798421303,-0.08236
18.6799798188801,-0.08251
18.68997979563,-0.08266
18.6999797723798,-0.08281
18.7099797491297,-0.08295
18.7199797258796,-0.08309
18.7299797026294,-0.08323
18.7399796793793,-0.08337
18.7499796561292,-0.0835
18.759979632879,-0.08363
18.7699796096289,-0.08376
18.7799795863788,-0.08388
18.7899795631286,-0.084
18.7999795398785,-0.08412
18.8099795166283,-0.08424
18.8199794933782,-0.08435
18.8299794701281,-0.08447
18.8399794468779,-0.08457
18.8499794236278,-0.08468
18.8599794003776,-0.08478
18.8699793771275,-0.08488
18.8799793538774,-0.08497
18.8899793306272,-0.08506
18.8999793073771,-0.08515
18.9099792841269,-0.08524
18.9199792608768,-0.08532
18.9299792376267,-0.0854
18.9399792143765,-0.08547
18.9499791911264,-0.08555
18.9599791678763,-0.08562
18.9699791446261,-0.08569
18.979979121376,-0.08576
18.9899790981259,-0.08582
18.9999790748757,-0.08588
19.0099790516256,-0.08595
19.0199790283754,-0.08601
19.0299790051253,-0.08607
19.0399789818752,-0.08613
19.049978958625,-0.08619
19.0599789353749,-0.08624
19.0699789121247,-0.0863
19.0799788888746,-0.08636
19.0899788656245,-0.08642
19.0999788423743,-0.08648
19.1099788191242,-0.08653
19.1199787958741,-0.08659
19.1299787726239,-0.08665
19.1399787493738,-0.0867
19.1499787261236,-0.08676
19.1599787028735,-0.08682
19.1699786796234,-0.08688
19.1799786563732,-0.08693
19.1899786331231,-0.08699
19.199978609873,-0.08704
19.2099785866228,-0.0871
19.2199785633727,-0.08715
19.2299785401225,-0.0872
19.2399785168724,-0.08726
19.2499784936223,-0.08731
19.2599784703721,-0.08735
19.269978447122,-0.0874
19.2799784238718,-0.08745
19.2899784006217,-0.0875
19.2999783773716,-0.08754
19.3099783541214,-0.08759
19.3199783308713,-0.08763
19.3299783076212,-0.08767
19.339978284371,-0.08772
19.3499782611209,-0.08776
19.3599782378707,-0.0878
19.3699782146206,-0.08784
19.3799781913705,-0.08787
19.3899781681203,-0.08791
19.3999781448702,-0.08795
19.4099781216201,-0.08799
19.4199780983699,-0.08802
19.4299780751198,-0.08806
19.4399780518696,-0.08809
19.4499780286195,-0.08812
19.4599780053694,-0.08815
19.4699779821192,-0.08819
19.4799779588691,-0.08822
19.4899779356189,-0.08824
19.4999779123688,-0.08827
19.5099778891187,-0.0883
19.5199778658685,-0.08833
19.5299778426184,-0.08835
19.5399778193683,-0.08838
19.5499777961181,-0.0884
19.559977772868,-0.08842
19.5699777496178,-0.08845
19.5799777263677,-0.08847
19.5899777031176,-0.08849
19.5999776798674,-0.08851
19.6099776566173,-0.08853
19.6199776333671,-0.08854
19.629977610117,-0.08856
19.6399775868669,-0.08858
19.6499775636167,-0.08859
19.6599775403666,-0.08861
19.6699775171165,-0.08862
19.6799774938663,-0.08864
19.6899774706162,-0.08865
19.699977447366,-0.08866
19.7099774241159,-0.08867
19.7199774008658,-0.08869
19.7299773776156,-0.0887
19.7399773543655,-0.08871
19.7499773311154,-0.08872
19.7599773078652,-0.08873
19.7699772846151,-0.08874
19.7799772613649,-0.08875
19.7899772381148,-0.08876
19.7999772148647,-0.08877
19.8099771916145,-0.08878
19.8199771683644,-0.08879
19.8299771451142,-0.0888
19.8399771218641,-0.08881
19.849977098614,-0.08882
19.8599770753638,-0.08882
19.8699770521137,-0.08883
19.8799770288636,-0.08884
19.8899770056134,-0.08884
19.8999769823633,-0.08885
19.9099769591131,-0.08886
19.919976935863,-0.08886
19.9299769126129,-0.08886
19.9399768893627,-0.08887
19.9499768661126,-0.08887
19.9599768428624,-0.08887
19.9699768196123,-0.08888
19.9799767963622,-0.08888
19.989976773112,-0.08888
19.9999767498619,-0.08888

