"Distance [mm]","Distance*$Poles/(3.14159265358979*($DiaGap-$AirGap)*2*50)*1s [ms]","Flux_Lines [] - Time='0.02s'"
0,0,-0.0775693580515015
0.6755,0.0100000001449714,-0.0775695284161777
1.351,0.0200000002899428,-0.0775689837210309
2.0265,0.0300000004349142,-0.0775677238663302
2.702,0.0400000005798856,-0.0775657487541863
3.3775,0.050000000724857,-0.077563089173257
4.053,0.0600000008698284,-0.0775610056833941
4.7285,0.0700000010147998,-0.0775584022297938
5.404,0.0800000011597712,-0.0775552505796
6.0795,0.0900000013047426,-0.077551550922699
6.755,0.100000001449714,-0.0775473049936919
7.4305,0.110000001594685,-0.0775420470011475
8.106,0.120000001739657,-0.0775366190188981
8.7815,0.130000001884628,-0.0775310861052825
9.457,0.1400000020296,-0.0775254484104687
10.1325,0.150000002174571,-0.0775195755439263
10.808,0.160000002319542,-0.0775125247671552
11.4835,0.170000002464514,-0.0775051082820155
12.159,0.180000002609485,-0.0774973788938381
12.8345,0.190000002754457,-0.0774893367622924
13.51,0.200000002899428,-0.077481068039573
14.1855,0.210000003044399,-0.0774730330785797
14.861,0.220000003189371,-0.0774646528328439
15.5365,0.230000003334342,-0.0774558352830481
16.212,0.240000003479314,-0.0774465804642293
16.8875,0.250000003624285,-0.0774369097234954
17.563,0.260000003769256,-0.0774274437801102
18.2385,0.270000003914228,-0.0774177042836559
18.914,0.280000004059199,-0.077407504441529
19.5895,0.290000004204171,-0.0773968439336173
20.265,0.300000004349142,-0.0773857754137207
20.9405,0.310000004494113,-0.0773747787105306
21.616,0.320000004639085,-0.0773634759351777
22.2915,0.330000004784056,-0.0773517806790648
22.967,0.340000004929028,-0.0773396927049362
23.6425,0.350000005073999,-0.0773270376308534
24.318,0.36000000521897,-0.0773134014783472
24.9935,0.370000005363942,-0.0772993396038342
25.669,0.380000005508913,-0.0772849646080585
26.3445,0.390000005653885,-0.0772702760284111
27.02,0.400000005798856,-0.0772549168517167
27.6955,0.410000005943827,-0.077238452646991
28.371,0.420000006088799,-0.0772212854926841
29.0465,0.43000000623377,-0.077203351257938
29.722,0.440000006378742,-0.0771846497462347
30.3975,0.450000006523713,-0.0771652610543067
31.073,0.460000006668685,-0.0771452616115565
31.7485,0.470000006813656,-0.0771244396194521
32.424,0.480000006958627,-0.0771027297076574
33.0995,0.490000007103599,-0.0770801321728856
33.775,0.50000000724857,-0.0770567635274377
34.4505,0.510000007393541,-0.0770330941839342
35.126,0.520000007538513,-0.0770086016891168
35.8015,0.530000007683484,-0.076983216816591
36.477,0.540000007828456,-0.0769569398812128
37.1525,0.550000007973427,-0.076929995473518
37.828,0.560000008118399,-0.0769029850386984
38.5035,0.57000000826337,-0.0768753285003873
39.179,0.580000008408341,-0.0768469817888139
39.8545,0.590000008553313,-0.0768179453064634
40.53,0.600000008698284,-0.0767881349326125
41.2055,0.610000008843256,-0.0767571444239204
41.881,0.620000008988227,-0.0767255436268781
42.5565,0.630000009133198,-0.0766936656570642
43.232,0.64000000927817,-0.076661510902537
43.9075,0.650000009423141,-0.0766288716902303
44.583,0.660000009568113,-0.0765946240736811
45.2585,0.670000009713084,-0.0765596021413314
45.934,0.680000009858055,-0.0765238767937252
46.6095,0.690000010003027,-0.0764874482081489
47.285,0.700000010147998,-0.0764502887666211
47.9605,0.71000001029297,-0.0764129035602081
48.636,0.720000010437941,-0.0763746206303026
49.3115,0.730000010582912,-0.0763352820053834
49.987,0.740000010727884,-0.0762948882365209
50.6625,0.750000010872855,-0.0762535530970179
51.338,0.760000011017827,-0.0762122210667113
52.0135,0.770000011162798,-0.0761698018362757
52.689,0.780000011307769,-0.0761261204586038
53.3645,0.790000011452741,-0.0760811777204461
54.04,0.800000011597712,-0.076035407642294
54.7155,0.810000011742684,-0.0759901119950772
55.391,0.820000011887655,-0.0759442211826276
56.0665,0.830000012032626,-0.0758976634650298
56.742,0.840000012177598,-0.0758504402902995
57.4175,0.850000012322569,-0.0758025687050908
58.093,0.860000012467541,-0.0757529996270972
58.7685,0.870000012612512,-0.0757036201077604
59.444,0.880000012757483,-0.0756550885887581
60.1195,0.890000012902455,-0.075607406070203
60.795,0.900000013047426,-0.0755603971547505
61.4705,0.910000013192398,-0.0755110700352805
62.146,0.920000013337369,-0.0754617029749512
62.8215,0.930000013482341,-0.0754121894809919
63.497,0.940000013627312,-0.0753625284620493
64.1725,0.950000013772283,-0.0753127038898823
64.848,0.960000013917255,-0.0752640981893052
65.5235,0.970000014062226,-0.0752145444562942
66.199,0.980000014207197,-0.0751637050529028
66.8745,0.990000014352169,-0.0751115782229073
67.55,1.00000001449714,-0.0750581622128515
68.2255,1.01000001464211,-0.0750048665089948
68.901,1.02000001478708,-0.0749497209956107
69.5765,1.03000001493205,-0.0748927241684674
70.252,1.04000001507703,-0.0748338745267214
70.9275,1.050000015222,-0.0747730736354569
71.603,1.06000001536697,-0.0747115800790637
72.2785,1.07000001551194,-0.0746477251180735
72.954,1.08000001565691,-0.074581448962701
73.6295,1.09000001580188,-0.0745127506960533
74.305,1.10000001594685,-0.0744413075544863
74.9805,1.11000001609183,-0.0743660710232456
75.656,1.1200000162368,-0.0742888229063327
76.3315,1.13000001638177,-0.0742095556558929
77.007,1.14000001652674,-0.0741282697999903
77.6825,1.15000001667171,-0.0740447024087967
78.358,1.16000001681668,-0.0739565661048527
79.0335,1.17000001696165,-0.0738662265071942
79.709,1.18000001710663,-0.0737737909895165
80.3845,1.1900000172516,-0.0736792608410441
81.06,1.20000001739657,-0.0735827582611931
81.7355,1.21000001754154,-0.0734850068563007
82.411,1.22000001768651,-0.0733848798862107
83.0865,1.23000001783148,-0.0732821606708603
83.762,1.24000001797645,-0.0731768503101053
84.4375,1.25000001812143,-0.073069060317905
85.113,1.2600000182664,-0.0729605414304296
85.7885,1.27000001841137,-0.0728494654308708
86.464,1.28000001855634,-0.0727352825539729
87.1395,1.29000001870131,-0.0726179931542628
87.815,1.30000001884628,-0.0724980879246069
88.4905,1.31000001899125,-0.0723778351199912
89.166,1.32000001913623,-0.0722555716423153
89.8415,1.3300000192812,-0.0721308268840672
90.517,1.34000001942617,-0.0720036016289703
91.1925,1.35000001957114,-0.0718737862650153
91.868,1.36000001971611,-0.0717390596888056
92.5435,1.37000001986108,-0.0716027629631255
93.219,1.38000002000605,-0.0714655429967464
93.8945,1.39000002015102,-0.0713273996013371
94.57,1.400000020296,-0.0711872820086839
95.2455,1.41000002044097,-0.0710429916928216
95.921,1.42000002058594,-0.0708962724525522
96.5965,1.43000002073091,-0.0707477024567961
97.272,1.44000002087588,-0.0705972816596129
97.9475,1.45000002102085,-0.0704454686788145
98.623,1.46000002116582,-0.0702941869474511
99.2985,1.4700000213108,-0.0701413521375053
99.974,1.48000002145577,-0.0699869530561463
100.6495,1.49000002160074,-0.0698309909323274
101.325,1.50000002174571,-0.0696745707093932
102.0005,1.51000002189068,-0.0695197933967528
102.676,1.52000002203565,-0.069364827521398
103.3515,1.53000002218062,-0.0692100006965781
104.027,1.5400000223256,-0.0690553141835209
104.7025,1.55000002247057,-0.0689023609706074
105.378,1.56000002261554,-0.0687533720116213
106.0535,1.57000002276051,-0.0686058216200285
106.729,1.58000002290548,-0.068460298937028
107.4045,1.59000002305045,-0.0683168022586141
108.08,1.60000002319542,-0.0681742669274654
108.7555,1.6100000233404,-0.0680319010484595
109.431,1.62000002348537,-0.0678911505759584
110.1065,1.63000002363034,-0.0677520055810227
110.782,1.64000002377531,-0.0676144612723419
111.4575,1.65000002392028,-0.0674781505799734
112.133,1.66000002406525,-0.0673410976262266
112.8085,1.67000002421022,-0.06720433861803
113.484,1.6800000243552,-0.0670663608175022
114.1595,1.69000002450017,-0.0669271592960111
114.835,1.70000002464514,-0.0667864238216531
115.5105,1.71000002479011,-0.0666460424926832
116.186,1.72000002493508,-0.0665037469494292
116.8615,1.73000002508005,-0.0663590978589462
117.537,1.74000002522502,-0.0662120913025674
118.2125,1.75000002537,-0.0660617161667493
118.888,1.76000002551497,-0.0659081539705581
119.5635,1.77000002565994,-0.0657525446713033
120.239,1.78000002580491,-0.0655945987757394
120.9145,1.79000002594988,-0.0654343156474616
121.59,1.80000002609485,-0.0652718201414268
122.2655,1.81000002623982,-0.0651046973593089
122.941,1.8200000263848,-0.0649350717889283
123.6165,1.83000002652977,-0.0647635289345113
124.292,1.84000002667474,-0.0645900712196816
124.9675,1.85000002681971,-0.0644150045903156
125.643,1.86000002696468,-0.0642407716471035
126.3185,1.87000002710965,-0.0640653541454287
126.994,1.88000002725462,-0.0638887522245271
127.6695,1.89000002739959,-0.0637109678614976
128.345,1.90000002754457,-0.0635321161913047
129.0205,1.91000002768954,-0.0633534344664352
129.696,1.92000002783451,-0.0631744475099668
130.3715,1.93000002797948,-0.0629952024313507
131.047,1.94000002812445,-0.0628157003984452
131.7225,1.95000002826942,-0.062635918135549
132.398,1.96000002841439,-0.0624551756560035
133.0735,1.97000002855937,-0.0622741832556617
133.749,1.98000002870434,-0.0620929560683697
134.4245,1.99000002884931,-0.0619114947497952
135.1,2.00000002899428,-0.0617297999562135
135.7755,2.01000002913925,-0.0615475760403341
136.451,2.02000002928422,-0.0613649721310437
137.1265,2.03000002942919,-0.0611819889598373
137.802,2.04000002957417,-0.0609986272591535
138.4775,2.05000002971914,-0.060814887191431
139.153,2.06000002986411,-0.0606307457435048
139.8285,2.07000003000908,-0.0604462637980208
140.504,2.08000003015405,-0.0602614432987245
141.1795,2.09000003029902,-0.0600762854034704
141.855,2.10000003044399,-0.0598908369758451
142.5305,2.11000003058897,-0.059705041876253
143.206,2.12000003073394,-0.0595193003761977
143.8815,2.13000003087891,-0.0593336647417197
144.557,2.14000003102388,-0.0591481370626169
145.2325,2.15000003116885,-0.058963038851427
145.908,2.16000003131382,-0.0587781398401081
146.5835,2.17000003145879,-0.0585943653055214
147.259,2.18000003160377,-0.0584119507617347
147.9345,2.19000003174874,-0.0582308991646396
148.61,2.20000003189371,-0.0580522797067113
149.2855,2.21000003203868,-0.0578757406544209
149.961,2.22000003218365,-0.0577014340354494
150.6365,2.23000003232862,-0.057529745836657
151.312,2.24000003247359,-0.0573606765755988
151.9875,2.25000003261857,-0.057195154303735
152.663,2.26000003276354,-0.0570322827748691
153.3385,2.27000003290851,-0.0568711981400905
154.014,2.28000003305348,-0.0567119894112024
154.6895,2.29000003319845,-0.0565546529564451
155.365,2.30000003334342,-0.0563983215099665
156.0405,2.31000003348839,-0.0562441726118426
156.716,2.32000003363337,-0.0560903396889202
157.3915,2.33000003377834,-0.0559366044822254
158.067,2.34000003392331,-0.0557829618359963
158.7425,2.35000003406828,-0.0556281262235202
159.418,2.36000003421325,-0.055473281165884
160.0935,2.37000003435822,-0.0553172797927767
160.769,2.38000003450319,-0.0551595931862602
161.4445,2.39000003464817,-0.0550002165598927
162.12,2.40000003479314,-0.0548380122049576
162.7955,2.41000003493811,-0.0546724420182648
163.471,2.42000003508308,-0.0545047415360047
164.1465,2.43000003522805,-0.054334112706127
164.822,2.44000003537302,-0.054160553925099
165.4975,2.45000003551799,-0.053984629739961
166.173,2.46000003566296,-0.0538042039881872
166.8485,2.47000003580794,-0.0536204672817686
167.524,2.48000003595291,-0.0534343400163012
168.1995,2.49000003609788,-0.0532458247591036
168.875,2.50000003624285,-0.0530555503367586
169.5505,2.51000003638782,-0.0528636965616172
170.226,2.52000003653279,-0.0526701612265122
170.9015,2.53000003667776,-0.0524755573919884
171.577,2.54000003682274,-0.0522798876706327
172.2525,2.55000003696771,-0.0520836766747174
172.928,2.56000003711268,-0.0518868808355675
173.6035,2.57000003725765,-0.0516894004187971
174.279,2.58000003740262,-0.0514914625342363
174.9545,2.59000003754759,-0.0512930687656689
175.63,2.60000003769257,-0.0510942864774323
176.3055,2.61000003783754,-0.0508953844460855
176.981,2.62000003798251,-0.0506961343436979
177.6565,2.63000003812748,-0.0504965442698479
178.332,2.64000003827245,-0.0502966151179979
179.0075,2.65000003841742,-0.0500963377440343
179.683,2.66000003856239,-0.049895730353575
180.3585,2.67000003870736,-0.0496948048776038
181.034,2.68000003885234,-0.0494935325179193
181.7095,2.69000003899731,-0.049291914066053
182.385,2.70000003914228,-0.0490898923651461
183.0605,2.71000003928725,-0.0488875230549278
183.736,2.72000003943222,-0.0486848295388953
184.4115,2.73000003957719,-0.0484818027755453
185.087,2.74000003972216,-0.0482784438007007
185.7625,2.75000003986714,-0.048074730599031
186.438,2.76000004001211,-0.0478705804809326
187.1135,2.77000004015708,-0.0476663768566401
187.789,2.78000004030205,-0.0474621305097653
188.4645,2.79000004044702,-0.0472578433590762
189.14,2.80000004059199,-0.0470539023528267
189.8155,2.81000004073696,-0.0468499297425421
190.491,2.82000004088194,-0.04664630132985
191.1665,2.83000004102691,-0.0464435842936847
191.842,2.84000004117188,-0.0462417817635098
192.5175,2.85000004131685,-0.0460410696036399
193.193,2.86000004146182,-0.0458431581196487
193.8685,2.87000004160679,-0.0456473486564892
194.544,2.88000004175176,-0.0454542338633643
195.2195,2.89000004189674,-0.0452638146435763
195.895,2.90000004204171,-0.0450759232831044
196.5705,2.91000004218668,-0.0448909472585658
197.246,2.92000004233165,-0.0447092954281466
197.9215,2.93000004247662,-0.0445303629476044
198.597,2.94000004262159,-0.044354145848007
199.2725,2.95000004276656,-0.0441805262279978
199.948,2.96000004291154,-0.0440080251425697
200.6235,2.97000004305651,-0.0438369385583278
201.299,2.98000004320148,-0.0436667925422434
201.9745,2.99000004334645,-0.043497581164968
202.65,3.00000004349142,-0.0433292984966
203.3255,3.01000004363639,-0.0431608195261405
204.001,3.02000004378136,-0.0429911155991338
204.6765,3.03000004392633,-0.0428201807525184
205.352,3.04000004407131,-0.0426480090250619
206.0275,3.05000004421628,-0.0424740984247064
206.703,3.06000004436125,-0.0422986833487735
207.3785,3.07000004450622,-0.0421202631685621
208.054,3.08000004465119,-0.0419387151623953
208.7295,3.09000004479616,-0.041754035430762
209.405,3.10000004494113,-0.0415655852959605
210.0805,3.11000004508611,-0.0413737515203989
210.756,3.12000004523108,-0.0411788438295382
211.4315,3.13000004537605,-0.0409806853407274
212.107,3.14000004552102,-0.0407792770563437
212.7825,3.15000004566599,-0.0405751961657164
213.458,3.16000004581096,-0.0403677712794107
214.1335,3.17000004595593,-0.0401586541266736
214.809,3.18000004610091,-0.0399480133610717
215.4845,3.19000004624588,-0.039735852223107
216.16,3.20000004639085,-0.0395227432155629
216.8355,3.21000004653582,-0.0393091002229446
217.511,3.22000004668079,-0.0390945035813753
218.1865,3.23000004682576,-0.0388793325084453
218.862,3.24000004697073,-0.0386635889808294
219.5375,3.25000004711571,-0.0384472814718932
220.213,3.26000004726068,-0.0382308006889297
220.8885,3.27000004740565,-0.0380140654247121
221.564,3.28000004755062,-0.037797049927223
222.2395,3.29000004769559,-0.0375797552485679
222.915,3.30000004784056,-0.0373621724654844
223.5905,3.31000004798553,-0.0371443333951964
224.266,3.32000004813051,-0.0369262963406384
224.9415,3.33000004827548,-0.0367080051890373
225.617,3.34000004842045,-0.0364894607330584
226.2925,3.35000004856542,-0.0362706402347008
226.968,3.36000004871039,-0.0360515543823913
227.6435,3.37000004885536,-0.0358322436830885
228.319,3.38000004900033,-0.0356127033304464
228.9945,3.39000004914531,-0.0353929342436223
229.67,3.40000004929028,-0.0351729695105822
230.3455,3.41000004943525,-0.0349525536200915
231.021,3.42000004958022,-0.034731982464344
231.6965,3.43000004972519,-0.0345113529422127
232.372,3.44000004987016,-0.0342906667694712
233.0475,3.45000005001513,-0.0340701967616367
233.723,3.4600000501601,-0.0338498536566496
234.3985,3.47000005030508,-0.0336295707842269
235.074,3.48000005045005,-0.0334099758803995
235.7495,3.49000005059502,-0.0331910718276926
236.425,3.50000005073999,-0.0329736100171757
237.1005,3.51000005088496,-0.032757629473273
237.776,3.52000005102993,-0.0325431569856579
238.4515,3.53000005117491,-0.0323308961615345
239.127,3.54000005131988,-0.0321208498558713
239.8025,3.55000005146485,-0.0319142002825207
240.478,3.56000005160982,-0.0317125534927162
241.1535,3.57000005175479,-0.0315131938112114
241.829,3.58000005189976,-0.0313167564645645
242.5045,3.59000005204473,-0.0311232394530644
243.18,3.60000005218971,-0.0309318884808895
243.8555,3.61000005233468,-0.0307443585139104
244.531,3.62000005247965,-0.0305598719452294
245.2065,3.63000005262462,-0.0303771810807819
245.882,3.64000005276959,-0.0301962803154492
246.5575,3.65000005291456,-0.0300166118996905
247.233,3.66000005305953,-0.0298369769480807
247.9085,3.67000005320451,-0.0296586809559375
248.584,3.68000005334948,-0.0294803152984308
249.2595,3.69000005349445,-0.0293018744977602
249.935,3.70000005363942,-0.0291230403721465
250.6105,3.71000005378439,-0.0289411529163796
251.286,3.72000005392936,-0.0287578113631142
251.9615,3.73000005407433,-0.028571712323547
252.637,3.7400000542193,-0.0283828524229673
253.3125,3.75000005436428,-0.0281912864949126
253.988,3.76000005450925,-0.0279949415109801
254.6635,3.77000005465422,-0.0277934396425819
255.339,3.78000005479919,-0.0275876400053205
256.0145,3.79000005494416,-0.0273775434123083
256.69,3.80000005508913,-0.0271636022769298
257.3655,3.8100000552341,-0.0269459902539561
258.041,3.82000005537908,-0.0267244354759424
258.7165,3.83000005552405,-0.0265002232345018
259.392,3.84000005566902,-0.0262733568553126
260.0675,3.85000005581399,-0.0260441401121501
260.743,3.86000005595896,-0.0258137013751311
261.4185,3.87000005610393,-0.0255818436744705
262.094,3.8800000562489,-0.0253489994304368
262.7695,3.89000005639388,-0.025115170852908
263.445,3.90000005653885,-0.0248804313271426
264.1205,3.91000005668382,-0.0246453236290614
264.796,3.92000005682879,-0.0244097702862157
265.4715,3.93000005697376,-0.0241738355121299
266.147,3.94000005711873,-0.0239375204442004
266.8225,3.9500000572637,-0.0237008376354576
267.498,3.96000005740868,-0.0234638893395267
268.1735,3.97000005755365,-0.0232267112962003
268.849,3.98000005769862,-0.0229893100210385
269.5245,3.99000005784359,-0.0227516861570321
270.2,4.00000005798856,-0.0225138403475708
270.8755,4.01000005813353,-0.0222757837097403
271.551,4.0200000582785,-0.0220375834498636
272.2265,4.03000005842348,-0.0217992402592217
272.902,4.04000005856845,-0.0215607548295207
273.5775,4.05000005871342,-0.0213221327871552
274.253,4.06000005885839,-0.0210833602178951
274.9285,4.07000005900336,-0.0208445997223473
275.604,4.08000005914833,-0.0206058660047867
276.2795,4.0900000592933,-0.0203671603670798
276.955,4.10000005943828,-0.0201285427152171
277.6305,4.11000005958325,-0.01988990906157
278.306,4.12000005972822,-0.0196517986745878
278.9815,4.13000005987319,-0.0194142810006884
279.657,4.14000006001816,-0.0191773586067951
280.3325,4.15000006016313,-0.0189414299046994
281.008,4.1600000603081,-0.0187062665198521
281.6835,4.17000006045307,-0.0184729253587357
282.359,4.18000006059805,-0.0182416861632098
283.0345,4.19000006074302,-0.0180125526857213
283.71,4.20000006088799,-0.0177868505721661
284.3855,4.21000006103296,-0.0175642996769907
285.061,4.22000006117793,-0.0173448556305981
285.7365,4.2300000613229,-0.0171289770691303
286.412,4.24000006146787,-0.0169166647653456
287.0875,4.25000006161285,-0.0167090700047437
287.763,4.26000006175782,-0.0165052449764926
288.4385,4.27000006190279,-0.0163039104381986
289.114,4.28000006204776,-0.0161051698575527
289.7895,4.29000006219273,-0.0159090188604825
290.465,4.3000000623377,-0.0157143103309685
291.1405,4.31000006248267,-0.0155225090300949
291.816,4.32000006262765,-0.015331290172613
292.4915,4.33000006277262,-0.0151403763316645
293.167,4.34000006291759,-0.0149497611987754
293.8425,4.35000006306256,-0.0147578061292978
294.518,4.36000006320753,-0.0145659831358308
295.1935,4.3700000633525,-0.0143728404855469
295.869,4.38000006349747,-0.0141777105604441
296.5445,4.39000006364244,-0.013980587464396
297.22,4.40000006378742,-0.0137800560534508
297.8955,4.41000006393239,-0.0135753495166873
298.571,4.42000006407736,-0.0133680821242463
299.2465,4.43000006422233,-0.0131573314516792
299.922,4.4400000643673,-0.012943095299578
300.5975,4.45000006451227,-0.0127261346909733
301.273,4.46000006465724,-0.0125037411641537
301.9485,4.47000006480222,-0.0122775495367794
302.624,4.48000006494719,-0.0120488765620224
303.2995,4.49000006509216,-0.0118177250694116
303.975,4.50000006523713,-0.0115849818370705
304.6505,4.5100000653821,-0.0113508411449077
305.326,4.52000006552707,-0.0111154350864297
306.0015,4.53000006567205,-0.0108796552979194
306.677,4.54000006581702,-0.010643505177199
307.3525,4.55000006596199,-0.0104073975490362
308.028,4.56000006610696,-0.0101717253658635
308.7035,4.57000006625193,-0.00993557701859996
309.379,4.5800000663969,-0.00969901568200925
310.0545,4.59000006654187,-0.00946204437155617
310.73,4.60000006668685,-0.00922420553185471
311.4055,4.61000006683182,-0.00898555907145929
312.081,4.62000006697679,-0.00874601012659628
312.7565,4.63000006712176,-0.00850544465921894
313.432,4.64000006726673,-0.00826386373207744
314.1075,4.6500000674117,-0.00802132456269422
314.783,4.66000006755667,-0.00777824344954771
315.4585,4.67000006770165,-0.00753459584996224
316.134,4.68000006784662,-0.00729044536455524
316.8095,4.69000006799159,-0.00704579236601177
317.485,4.70000006813656,-0.00680079884111367
318.1605,4.71000006828153,-0.00655542009848942
318.836,4.7200000684265,-0.00630996422809576
319.5115,4.73000006857147,-0.00606447246471395
320.187,4.74000006871645,-0.00581894549462125
320.8625,4.75000006886142,-0.00557340615012928
321.538,4.76000006900639,-0.00532768725177163
322.2135,4.77000006915136,-0.00508237814985547
322.889,4.78000006929633,-0.00483753179667938
323.5645,4.7900000694413,-0.00459315009502674
324.24,4.80000006958627,-0.00434970090805269
324.9155,4.81000006973125,-0.0041066897929042
325.591,4.82000006987622,-0.00386460521802648
326.2665,4.83000007002119,-0.00362414681996894
326.942,4.84000007016616,-0.00338531812752968
327.6175,4.85000007031113,-0.00314832239427525
328.293,4.8600000704561,-0.00291502636978673
328.9685,4.87000007060107,-0.00268473848614789
329.644,4.88000007074604,-0.00245818172543525
330.3195,4.89000007089102,-0.00223535719665482
330.995,4.90000007103599,-0.00201606391483898
331.6705,4.91000007118096,-0.00180076739232207
332.346,4.92000007132593,-0.00158973341743465
333.0215,4.9300000714709,-0.00138220663945282
333.697,4.94000007161587,-0.00117818266627615
334.3725,4.95000007176084,-0.000977527388567441
335.048,4.96000007190582,-0.000778813585279489
335.7235,4.97000007205079,-0.00058197995755951
336.399,4.98000007219576,-0.000386438446190179
337.0745,4.99000007234073,-0.000192182493078138
337.75,5.0000000724857,7.9446130030592E-07
338.4255,5.01000007263067,0.000193770719774801
339.101,5.02000007277564,0.000388025126971018
339.7765,5.03000007292062,0.000583564272350434
340.452,5.04000007306559,0.000780394743978724
341.1275,5.05000007321056,0.000979114774008941
341.803,5.06000007335553,0.00117977214603031
342.4785,5.0700000735005,0.00138380161358991
343.154,5.08000007364547,0.0015913396458531
343.8295,5.09000007379044,0.00180239062109828
344.505,5.10000007393542,0.00201769987575156
345.1805,5.11000007408039,0.0022369579042597
345.856,5.12000007422536,0.00245975722791695
346.5315,5.13000007437033,0.00268629854322778
347.207,5.1400000745153,0.00291658074142815
347.8825,5.15000007466027,0.0031498773039309
348.558,5.16000007480524,0.00338686716615723
349.2335,5.17000007495021,0.00362569115217485
349.909,5.18000007509519,0.00386614605719278
350.5845,5.19000007524016,0.00410822835161235
351.26,5.20000007538513,0.00435123768549056
351.9355,5.2100000755301,0.00459468508904727
352.611,5.22000007567507,0.00483906568696768
353.2865,5.23000007582004,0.00508391116495813
353.962,5.24000007596501,0.00532921962011011
354.6375,5.25000007610999,0.00557493810027536
355.313,5.26000007625496,0.00582047692080994
355.9885,5.27000007639993,0.00606600331598639
356.664,5.2800000765449,0.0063114944925459
357.3395,5.29000007668987,0.00655694976518608
358.015,5.30000007683484,0.00680232773809058
358.6905,5.31000007697981,0.00704731930788018
359.366,5.32000007712479,0.00729196975407887
360.0415,5.33000007726976,0.0075361171490938
360.717,5.34000007741473,0.00777976112203607
361.3925,5.3500000775597,0.00802283786701027
362.068,5.36000007770467,0.00826537195758133
362.7435,5.37000007784964,0.00850694577494027
363.419,5.38000007799461,0.00874750188676207
364.0945,5.39000007813959,0.00898703923246332
364.77,5.40000007828456,0.00922567147195443
365.4455,5.41000007842953,0.00946349327295321
366.121,5.4200000785745,0.00970044455694463
366.7965,5.43000007871947,0.00993698274676888
367.472,5.44000007886444,0.0101731048272995
368.1475,5.45000007900941,0.0104087478070904
368.823,5.46000007915439,0.0106448233570587
369.4985,5.47000007929936,0.0108809386250638
370.174,5.48000007944433,0.0111166814878857
370.8495,5.4900000795893,0.0113520485459523
371.525,5.50000007973427,0.0115861483919026
372.2005,5.51000007987924,0.0118188497339447
372.876,5.52000008002421,0.0120499585638313
373.5515,5.53000008016918,0.0122785882845841
374.227,5.54000008031416,0.0125047360650232
374.9025,5.55000008045913,0.0127270855276352
375.578,5.5600000806041,0.0129440064528315
376.2535,5.57000008074907,0.0131581999265742
376.929,5.58000008089404,0.0133689029962956
377.6045,5.59000008103901,0.0135761178590291
378.28,5.60000008118398,0.0137807721479054
378.9555,5.61000008132896,0.0139812680298812
379.631,5.62000008147393,0.0141783566123691
380.3065,5.6300000816189,0.0143734475536041
380.982,5.64000008176387,0.0145665467494974
381.6575,5.65000008190884,0.0147583231190239
382.333,5.66000008205381,0.0149502370797588
383.0085,5.67000008219879,0.0151408112545713
383.684,5.68000008234376,0.0153316833767001
384.3595,5.69000008248873,0.0155228597531393
385.035,5.7000000826337,0.0157146181595504
385.7105,5.71000008277867,0.0159092866876042
386.386,5.72000008292364,0.0161053974137959
387.0615,5.73000008306861,0.0163040971218023
387.737,5.74000008321358,0.0165053901853631
388.4125,5.75000008335856,0.0167091732168713
389.088,5.76000008350353,0.0169167257017809
389.7635,5.7700000836485,0.017128994738318
390.439,5.78000008379347,0.0173448300309085
391.1145,5.79000008393844,0.0175642308068122
391.79,5.80000008408341,0.0177867386672674
392.4655,5.81000008422838,0.0180123988757886
393.141,5.82000008437336,0.0182414892468099
393.8165,5.83000008451833,0.0184726844012555
394.492,5.8400000846633,0.0187059805849285
395.1675,5.85000008480827,0.0189410954131809
395.843,5.86000008495324,0.0191769758473762
396.5185,5.87000008509821,0.0194138510325888
397.194,5.88000008524318,0.0196513182798685
397.8695,5.89000008538816,0.0198893750249686
398.545,5.90000008553313,0.0201279548370074
399.2205,5.9100000856781,0.0203665263382196
399.896,5.92000008582307,0.0206051836134991
400.5715,5.93000008596804,0.0208438701623945
401.247,5.94000008611301,0.0210825846830286
401.9225,5.95000008625798,0.0213213116200594
402.598,5.96000008640296,0.0215598880504136
403.2735,5.97000008654793,0.0217983280358596
403.949,5.9800000866929,0.0220366254535773
404.6245,5.99000008683787,0.0222747796109294
405.3,6.00000008698284,0.0225127898157065
405.9755,6.01000008712781,0.0227505900659385
406.651,6.02000008727278,0.0229881674645549
407.3265,6.03000008741776,0.0232255213684859
408.002,6.04000008756273,0.023462651135064
408.6775,6.0500000877077,0.0236995508450474
409.353,6.06000008785267,0.0239361869501498
410.0285,6.07000008799764,0.0241724556184148
410.704,6.08000008814261,0.0244083451859278
411.3795,6.09000008828758,0.0246438545153
412.055,6.10000008843256,0.0248789161136078
412.7305,6.11000008857753,0.0251136161276318
413.406,6.1200000887225,0.0253474057073884
414.0815,6.13000008886747,0.0255802086615328
414.757,6.14000008901244,0.0258120227763487
415.4325,6.15000008915741,0.0260424198201054
416.108,6.16000008930238,0.0262715957346042
416.7835,6.17000008944736,0.0264984192286231
417.459,6.18000008959233,0.0267225891645122
418.1345,6.1900000897373,0.0269441022170489
418.81,6.20000008988227,0.0271616736565705
419.4855,6.21000009002724,0.0273755775080109
420.161,6.22000009017221,0.0275856392187593
420.8365,6.23000009031718,0.0277914063984582
421.512,6.24000009046216,0.0279928782313798
422.1875,6.25000009060713,0.0281891956276487
422.863,6.2600000907521,0.0283807390656753
423.5385,6.27000009089707,0.0285695792488346
424.214,6.28000009104204,0.0287556612488746
424.8895,6.29000009118701,0.0289389884400449
425.565,6.30000009133198,0.029120862837487
426.2405,6.31000009147695,0.029299688769254
426.916,6.32000009162193,0.0294781239137381
427.5915,6.3300000917669,0.0296564859535414
428.267,6.34000009191187,0.0298347803696889
428.9425,6.35000009205684,0.030014418275801
429.618,6.36000009220181,0.030194091037089
430.2935,6.37000009234678,0.0303749980064844
430.969,6.38000009249175,0.0305576971461576
431.6445,6.39000009263673,0.0307421940622974
432.32,6.4000000927817,0.03092973199531
432.9955,6.41000009292667,0.0311210958478234
433.671,6.42000009307164,0.031314627461195
434.3465,6.43000009321661,0.0315110770261461
435.022,6.44000009336158,0.0317104465416202
435.6975,6.45000009350655,0.0319121028037077
436.373,6.46000009365153,0.032118762491798
437.0485,6.4700000937965,0.0323288151364927
437.724,6.48000009394147,0.03254108288567
438.3995,6.49000009408644,0.0327555628874452
439.075,6.50000009423141,0.032971550630705
439.7505,6.51000009437638,0.0331890190536423
440.426,6.52000009452135,0.0334079305557218
441.1015,6.53000009466632,0.0336275335055294
441.777,6.5400000948113,0.0338478250208982
442.4525,6.55000009495627,0.0340681768760964
443.128,6.56000009510124,0.0342886573801989
443.8035,6.57000009524621,0.0345093539368
444.479,6.58000009539118,0.0347299932463003
445.1545,6.59000009553615,0.0349505735926955
445.83,6.60000009568113,0.0351709984084131
446.5055,6.6100000958261,0.0353909732583527
447.181,6.62000009597107,0.0356107531259969
447.8565,6.63000009611604,0.0358303042528298
448.532,6.64000009626101,0.0360496257188199
449.2075,6.65000009640598,0.0362687216847882
449.883,6.66000009655095,0.0364875519570828
450.5585,6.67000009669592,0.0367061069234646
451.234,6.6800000968409,0.0369244079833255
451.9095,6.69000009698587,0.0371424543434447
452.585,6.70000009713084,0.0373603019679246
453.2605,6.71000009727581,0.0375778946556893
453.936,6.72000009742078,0.0377952001085397
454.6115,6.73000009756575,0.0380122269685875
455.287,6.74000009771073,0.038228974183173
455.9625,6.7500000978557,0.0384454664088214
456.638,6.76000009800067,0.0386617839028543
457.3135,6.77000009814564,0.03887753764033
457.989,6.78000009829061,0.0390927189405496
458.6645,6.79000009843558,0.0393073258277185
459.34,6.80000009858055,0.0395209798560595
460.0155,6.81000009872553,0.0397340991987117
460.691,6.8200000988705,0.0399462709317732
461.3665,6.83000009901547,0.0401569241061983
462.042,6.84000009916044,0.040366055482582
462.7175,6.85000009930541,0.0405734962976257
463.393,6.86000009945038,0.0407775923495482
464.0685,6.87000009959535,0.0409790169261932
464.744,6.88000009974032,0.04117719336626
465.4195,6.8900000998853,0.0413721206620862
466.095,6.90000010003027,0.0415639770193167
466.7705,6.91000010017524,0.0417524381863756
467.446,6.92000010032021,0.041937122640937
468.1215,6.93000010046518,0.0421186745466003
468.797,6.94000010061015,0.0422970978163775
469.4725,6.95000010075512,0.0424725134226465
470.148,6.9600001009001,0.0426464262373008
470.8235,6.97000010104507,0.0428186084142496
471.499,6.98000010119004,0.0429895535139086
472.1745,6.99000010133501,0.0431592674720784
472.85,7.00000010147998,0.0433277562263107
473.5255,7.01000010162495,0.0434960455096744
474.201,7.02000010176993,0.0436652632545508
474.8765,7.0300001019149,0.0438354154163465
475.552,7.04000010205987,0.0440065079498377
476.2275,7.05000010220484,0.0441790233259523
476.903,7.06000010234981,0.0443526583235625
477.5785,7.07000010249478,0.044528888767409
478.254,7.08000010263975,0.0447078343459691
478.9295,7.09000010278472,0.0448894990158631
479.605,7.1000001029297,0.0450744811918637
480.2805,7.11000010307467,0.0452623658932038
480.956,7.12000010321964,0.0454527822154523
481.6315,7.13000010336461,0.0456458964039927
482.307,7.14000010350958,0.0458417075591945
482.9825,7.15000010365455,0.0460396226211906
483.658,7.16000010379952,0.046240340447877
484.3335,7.1700001039445,0.046442149383614
485.009,7.18000010408947,0.0466448734575757
485.6845,7.19000010423444,0.0468485095387767
486.36,7.20000010437941,0.0470524893655399
487.0355,7.21000010452438,0.0472564384174596
487.711,7.22000010466935,0.0474607346923069
488.3865,7.23000010481432,0.0476649901818621
489.062,7.24000010495929,0.0478692029664717
489.7375,7.25000010510427,0.0480733624991541
490.413,7.26000010524924,0.0482770864557115
491.0885,7.27000010539421,0.0484804558671554
491.764,7.28000010553918,0.0486834924802898
492.4395,7.29000010568415,0.0488861952587385
493.115,7.30000010582912,0.0490885729830626
493.7905,7.31000010597409,0.049290602469152
494.466,7.32000010611907,0.049492230460536
495.1415,7.33000010626404,0.0496935123817691
495.817,7.34000010640901,0.0498944474395879
496.4925,7.35000010655398,0.0500950639561612
497.168,7.36000010669895,0.050295350041604
497.8435,7.37000010684392,0.0504952881354804
498.519,7.38000010698889,0.0506948871513493
499.1945,7.39000010713387,0.0508941461957457
499.87,7.40000010727884,0.0510930574577423
500.5455,7.41000010742381,0.0512918487686969
501.221,7.42000010756878,0.051490251727912
501.8965,7.43000010771375,0.0516881993998418
502.572,7.44000010785872,0.0518856902004718
503.2475,7.45000010800369,0.052082496274476
503.923,7.46000010814867,0.0522787146123004
504.5985,7.47000010829364,0.0524743924453679
505.274,7.48000010843861,0.0526690049891426
505.9495,7.49000010858358,0.0528625496298101
506.625,7.50000010872855,0.0530544133480109
507.3005,7.51000010887353,0.0532446983961521
507.976,7.52000010901849,0.0534332237287151
508.6515,7.53000010916347,0.0536193604720484
509.327,7.54000010930844,0.0538031060593231
510.0025,7.55000010945341,0.053983538815991
510.678,7.56000010959838,0.0541594727103843
511.3535,7.57000010974335,0.0543330379162154
512.029,7.58000010988832,0.0545036672045292
512.7045,7.59000011003329,0.0546713621777771
513.38,7.60000011017826,0.0548369271902651
514.0555,7.61000011032324,0.054999147718661
514.731,7.62000011046821,0.0551585386980968
515.4065,7.63000011061318,0.0553162295136283
516.082,7.64000011075815,0.0554722249505433
516.7575,7.65000011090312,0.0556270585266233
517.433,7.66000011104809,0.0557819082963771
518.1085,7.67000011119307,0.055935566935579
518.784,7.68000011133804,0.0560893127904453
519.4595,7.69000011148301,0.0562431510183861
520.135,7.70000011162798,0.0563973001284199
520.8105,7.71000011177295,0.0565536240265989
521.486,7.72000011191792,0.0567109538471213
522.1615,7.73000011206289,0.0568701661470997
522.837,7.74000011220787,0.0570312645630786
523.5125,7.75000011235284,0.0571941591146207
524.188,7.76000011249781,0.0573596625390646
524.8635,7.77000011264278,0.0575287218729946
525.539,7.78000011278775,0.0577004260294006
526.2145,7.79000011293272,0.057874774504502
526.89,7.80000011307769,0.0580513749261049
527.5655,7.81000011322266,0.058229978191645
528.241,7.82000011336764,0.0584110136454432
528.9165,7.83000011351261,0.0585934219985096
529.592,7.84000011365758,0.0587772002862001
530.2675,7.85000011380255,0.0589621092092502
530.943,7.86000011394752,0.0591472162886756
531.6185,7.87000011409249,0.0593327548193292
532.294,7.88000011423746,0.0595183984015081
532.9695,7.89000011438243,0.0597041449486526
533.645,7.90000011452741,0.0598899443733244
534.3205,7.91000011467238,0.0600753984855276
534.996,7.92000011481735,0.0602605614051871
535.6715,7.93000011496232,0.0604453893040669
536.347,7.94000011510729,0.0606298810238269
537.0225,7.95000011525227,0.0608140339426822
537.698,7.96000011539724,0.0609977823281048
538.3735,7.97000011554221,0.0611811531838773
539.049,7.98000011568718,0.0613641461179477
539.7245,7.99000011583215,0.0615467603982115
540.4,8.00000011597712,0.0617289952934985
541.0755,8.01000011612209,0.0619106965628643
541.751,8.02000011626706,0.0620921654823433
542.4265,8.03000011641204,0.0622734013977639
543.102,8.04000011655701,0.0624544036555523
543.7775,8.05000011670198,0.0626351576149778
544.453,8.06000011684695,0.0628149458208869
545.1285,8.07000011699192,0.0629944582720033
545.804,8.08000011713689,0.0631737196870533
546.4795,8.09000011728186,0.0633527288999256
547.155,8.10000011742683,0.0635314367454669
547.8305,8.11000011757181,0.06371032520393
548.506,8.12000011771678,0.0638881287451327
549.1815,8.13000011786175,0.0640647293128406
549.857,8.14000011800672,0.064240124892373
550.5325,8.15000011815169,0.0644143002500258
551.208,8.16000011829666,0.0645894549493998
551.8835,8.17000011844164,0.0647628868243372
552.559,8.18000011858661,0.0649342539481309
553.2345,8.19000011873158,0.065103553877752
553.91,8.20000011887655,0.0652698968106406
554.5855,8.21000011902152,0.0654331326971842
555.261,8.22000011916649,0.0655941581251692
555.9365,8.23000011931146,0.065752726840238
556.612,8.24000011945644,0.0659088382718573
557.2875,8.25000011960141,0.0660614066740531
557.963,8.26000011974638,0.0662108155643405
558.6385,8.27000011989135,0.06635798555619
559.314,8.28000012003632,0.0665028314663734
559.9895,8.29000012018129,0.066645356698615
560.665,8.30000012032626,0.0667866020003983
561.3405,8.31000012047124,0.0669267674691453
562.016,8.32000012061621,0.067065790928508
562.6915,8.33000012076118,0.0672037136020021
563.367,8.34000012090615,0.0673405406142503
564.0425,8.35000012105112,0.0674777622827533
564.718,8.36000012119609,0.067614245288377
565.3935,8.37000012134106,0.0677517250040551
566.069,8.38000012148603,0.0678908441747447
566.7445,8.39000012163101,0.0680316075268008
567.42,8.40000012177598,0.0681740074639423
568.0955,8.41000012192095,0.0683165617586763
568.771,8.42000012206592,0.0684600736278723
569.4465,8.43000012221089,0.068605607941631
570.122,8.44000012235586,0.068753166400917
570.7975,8.45000012250084,0.0689021629956128
571.473,8.46000012264581,0.0690551278685868
572.1485,8.47000012279078,0.0692098220139186
572.824,8.48000012293575,0.0693646552706769
573.4995,8.49000012308072,0.0695196263801017
574.175,8.50000012322569,0.0696744066881442
574.8505,8.51000012337066,0.0698308314697988
575.526,8.52000012351563,0.0699867995565753
576.2015,8.53000012366061,0.0701412046020979
576.877,8.54000012380558,0.0702940453774117
577.5525,8.55000012395055,0.0704453329282364
578.228,8.56000012409552,0.0705971518756726
578.9035,8.57000012424049,0.0707475786415012
579.579,8.58000012438546,0.0708961546070652
580.2545,8.59000012453044,0.0710428798183094
580.93,8.60000012467541,0.0711871749759562
581.6055,8.61000012482038,0.0713272987148963
582.281,8.62000012496535,0.0714654489489516
582.9565,8.63000012511032,0.071602674540222
583.632,8.64000012525529,0.0717389756741372
584.3075,8.65000012540026,0.0718737059989671
584.983,8.66000012554523,0.0720035274945915
585.6585,8.6700001256902,0.0721307575524033
586.334,8.68000012583517,0.0722555059472164
587.0095,8.69000012598015,0.0723777718976005
587.685,8.70000012612512,0.0724980292336091
588.3605,8.71000012627009,0.0726179408169575
589.036,8.72000012641506,0.0727352355043049
589.7115,8.73000012656004,0.0728494224925361
590.387,8.74000012670501,0.0729605014282256
591.0625,8.75000012684998,0.0730690225550694
591.738,8.76000012699495,0.0731768147136301
592.4135,8.77000012713992,0.0732821281723982
593.089,8.78000012728489,0.073384851690468
593.7645,8.79000012742986,0.0734849841686194
594.44,8.80000012757483,0.0735827420516593
595.1155,8.81000012771981,0.0736792480847374
595.791,8.82000012786478,0.0737737816142802
596.4665,8.83000012800975,0.0738662216961352
597.142,8.84000012815472,0.0739565670405992
597.8175,8.85000012829969,0.0740447097656101
598.493,8.86000012844466,0.0741282823706891
599.1685,8.87000012858963,0.0742095749213033
599.844,8.8800001287346,0.0742888487774648
600.5195,8.89000012887958,0.0743661034074327
601.195,8.90000012902455,0.0744413466156524
601.8705,8.91000012916952,0.074512791113347
602.546,8.92000012931449,0.0745814883641287
603.2215,8.93000012945946,0.0746477624185921
603.897,8.94000012960443,0.0747116141976339
604.5725,8.95000012974941,0.0747731028520349
605.248,8.96000012989438,0.0748339046353197
605.9235,8.97000013003935,0.0748927585225397
606.599,8.98000013018432,0.0749497592056862
607.2745,8.99000013032929,0.0750049081730542
607.95,9.00000013047426,0.0750582069160985
608.6255,9.01000013061923,0.0751116268052258
609.301,9.02000013076421,0.0751637560255837
609.9765,9.03000013090918,0.0752145963397166
610.652,9.04000013105415,0.0752641495127102
611.3275,9.05000013119912,0.0753127559610979
612.003,9.06000013134409,0.0753625807667094
612.6785,9.07000013148906,0.0754122427650347
613.354,9.08000013163404,0.0754617585631534
614.0295,9.09000013177901,0.0755111292478073
614.705,9.10000013192398,0.0755604582023598
615.3805,9.11000013206895,0.0756074626400451
616.056,9.12000013221392,0.0756551424657016
616.7315,9.13000013235889,0.0757036724715723
617.407,9.14000013250386,0.0757530516580353
618.0825,9.15000013264883,0.0758026198735715
618.758,9.1600001327938,0.0758504877566614
619.4335,9.17000013293877,0.0758977085365986
620.109,9.18000013308375,0.0759442650830209
620.7845,9.19000013322872,0.0759901559465304
621.46,9.20000013337369,0.0760354534987658
622.1355,9.21000013351866,0.0760812238658194
622.811,9.22000013366363,0.0761261666628746
623.4865,9.23000013380861,0.0761698492686404
624.162,9.24000013395358,0.0762122708975187
624.8375,9.25000013409855,0.0762536058089232
625.513,9.26000013424352,0.0762949405641611
626.1885,9.27000013438849,0.0763353337635865
626.864,9.28000013453346,0.0763746717926528
627.5395,9.29000013467843,0.0764129541020339
628.215,9.30000013482341,0.0764503396408064
628.8905,9.31000013496837,0.0764875012876325
629.566,9.32000013511335,0.0765239291504515
630.2415,9.33000013525832,0.0765596525693249
630.917,9.34000013540329,0.0765946713681313
631.5925,9.35000013554826,0.0766289165542254
632.268,9.36000013569323,0.0766615556060204
632.9435,9.3700001358382,0.0766937103605476
633.619,9.38000013598318,0.0767255883303616
634.2945,9.39000013612815,0.0767571891274038
634.97,9.40000013627312,0.0767881796360959
635.6455,9.41000013641809,0.0768179926360243
636.321,9.42000013656306,0.0768470318113948
636.9965,9.43000013670803,0.076875378836962
637.672,9.440000136853,0.0769030333094331
638.3475,9.45000013699797,0.0769300401770015
639.023,9.46000013714295,0.076956982389817
639.6985,9.47000013728792,0.0769832569476864
640.374,9.48000013743289,0.0770086406350632
641.0495,9.49000013757786,0.0770331331363705
641.725,9.50000013772283,0.0770568019818125
642.4005,9.5100001378678,0.0770801694257885
643.076,9.52000013801278,0.0771027669605602
643.7515,9.53000013815774,0.0771244768723549
644.427,9.54000013830272,0.0771452988644594
645.1025,9.55000013844769,0.0771652984114072
645.778,9.56000013859266,0.0771846869991376
646.4535,9.57000013873763,0.0772033885108409
647.129,9.58000013888261,0.077221322745587
647.8045,9.59000013902758,0.0772384898998939
648.48,9.60000013917255,0.0772549529724767
649.1555,9.61000013931752,0.0772703088287426
649.831,9.62000013946249,0.0772849949467724
650.5065,9.63000013960746,0.0772993686691835
651.182,9.64000013975243,0.0773134304580292
651.8575,9.6500001398974,0.0773270673239377
652.533,9.66000014004238,0.0773397229284445
653.2085,9.67000014018735,0.0773518114084135
653.884,9.68000014033232,0.0773635059534592
654.5595,9.69000014047729,0.0773748067986749
655.235,9.70000014062226,0.0773857990011331
655.9105,9.71000014076723,0.077396866285359
656.586,9.7200001409122,0.0774075267932708
657.2615,9.73000014105717,0.0774177266353977
657.937,9.74000014120215,0.0774274661318519
658.6125,9.75000014134712,0.0774369304016825
659.288,9.76000014149209,0.0774465979318731
659.9635,9.77000014163706,0.0774558509316756
660.639,9.78000014178203,0.0774646678039433
661.3145,9.790000141927,0.0774730485108062
661.99,9.80000014207197,0.0774810836803155
662.6655,9.81000014221694,0.0774893524537457
663.341,9.82000014236192,0.077497394563086
664.0165,9.83000014250689,0.0775051227130647
664.692,9.84000014265186,0.0775125367429254
665.3675,9.85000014279683,0.07751958435371
666.043,9.8600001429418,0.0775254487248198
666.7185,9.87000014308677,0.0775310879290426
667.394,9.88000014323175,0.0775366356747273
668.0695,9.89000014337672,0.0775420918199541
668.745,9.90000014352169,0.0775473869236266
669.4205,9.91000014366666,0.0775514589982958
670.096,9.92000014381163,0.0775551060529934
670.7715,9.9300001439566,0.0775583540052601
671.447,9.94000014410157,0.0775612027007445
672.1225,9.95000014424655,0.0775636517715395
672.798,9.96000014439152,0.0775658871424456
673.4735,9.97000014453649,0.0775675817134643
674.149,9.98000014468146,0.077568725053514
674.8245,9.99000014482643,0.077569317164876
675.5,10.0000001449714,0.0775693580508472
