"Distance*$Poles/(3.14159265358979*($DiaGap-$AirGap)*2*50)*1s [ms]",Flux_Lines [] - Time='0.01s'
0,0.212416842580668
0.00999997895792499,0.212443824199962
0.01999995791585,0.212468489997214
0.0299999368737749,0.212490839734083
0.0399999158316999,0.212510873176988
0.0499998947896249,0.212528790781729
0.0599998737475499,0.212548123759639
0.0699998527054749,0.212565763387048
0.0799998316633999,0.212581573288346
0.0899998106213249,0.212595554235222
0.0999997895792498,0.212607735767213
0.109999768537175,0.212617087344353
0.1199997474951,0.212625744803024
0.129999726453025,0.212634127573422
0.13999970541095,0.21264223725746
0.149999684368875,0.212649734938982
0.1599996633268,0.212654045611932
0.169999642284725,0.212657478196489
0.17999962124265,0.212660522866161
0.189999600200575,0.212663180779229
0.1999995791585,0.212665593659764
0.209999558116425,0.212669267412687
0.21999953707435,0.212672429208631
0.229999516032275,0.21267468393331
0.2399994949902,0.212676032379954
0.249999473948125,0.212676945022861
0.25999945290605,0.212679424260625
0.269999431863975,0.212681327110778
0.279999410821899,0.212682096193659
0.289999389779824,0.212681731616045
0.299999368737749,0.212681048845671
0.309999347695674,0.212682260140721
0.3199993266536,0.212683477004404
0.329999305611524,0.212684436998644
0.339999284569449,0.212685140727776
0.349999263527374,0.21268529486896
0.359999242485299,0.212682846185398
0.369999221443224,0.212680855692467
0.379999200401149,0.212680174787589
0.389999179359074,0.212680802948011
0.399999158316999,0.212681262416079
0.409999137274924,0.212679417580055
0.419999116232849,0.212677153130053
0.429999095190774,0.212674634335092
0.439999074148699,0.212671860229364
0.449999053106624,0.212669306829107
0.459999032064549,0.212668620780342
0.469999011022474,0.212667003810556
0.479998989980399,0.212664120700176
0.489998968938324,0.212659970904388
0.499998947896249,0.212655421715316
0.509998926854174,0.212651472357668
0.519998905812099,0.212646643366242
0.529998884770024,0.212640311701659
0.539998863727949,0.212632475796968
0.549998842685874,0.212623446143802
0.559998821643799,0.212613525865649
0.569998800601724,0.212602476143413
0.579998779559649,0.212590129670099
0.589998758517574,0.212576486096957
0.599998737475499,0.212561243841427
0.609998716433424,0.212543172781774
0.619998695391349,0.212523550542521
0.629998674349274,0.212503298346318
0.639998653307199,0.212482416278756
0.649998632265124,0.212460341742443
0.659998611223049,0.212435330830083
0.669998590180974,0.212408537263089
0.679998569138899,0.212380233001692
0.689998548096824,0.212350418226136
0.699998527054749,0.212319213239491
0.709998506012674,0.212287052180774
0.719998484970599,0.212253278086422
0.729998463928524,0.212217416655606
0.739998442886449,0.212179468975211
0.749998421844374,0.212139711774471
0.759998400802299,0.21209986802468
0.769998379760224,0.212058033175931
0.779998358718149,0.212013730635656
0.789998337676074,0.211966962805604
0.799998316633999,0.211918817617429
0.809998295591924,0.211872873554491
0.819998274549849,0.211826946709194
0.829998253507774,0.211780920356572
0.839998232465699,0.211734799077603
0.849998211423624,0.211689130265192
0.859998190381549,0.211641641571404
0.869998169339473,0.211596153059776
0.879998148297398,0.211553602423747
0.889998127255323,0.211513989639563
0.899998106213248,0.211476427380647
0.909998085171173,0.211435267545123
0.919998064129098,0.211394294499712
0.929998043087023,0.211353558413958
0.939998022044948,0.211313057302031
0.949998001002873,0.211272807121014
0.959997979960798,0.211236030175188
0.969997958918723,0.211198183605699
0.979997937876648,0.21115900279676
0.989997916834573,0.211118486168322
0.999997895792498,0.211076632142925
1.00999787475042,0.21103614202467
1.01999785370835,0.210994384623519
1.02999783266627,0.210951357603727
1.0399978116242,0.210907058632395
1.04999779058212,0.210861486340366
1.05999776954005,0.210817124098168
1.06999774849797,0.210771127638678
1.0799977274559,0.21072330524463
1.08999770641382,0.210673654546206
1.09999768537175,0.210622060935305
1.10999766432967,0.210567476543463
1.1199976432876,0.210510958519043
1.12999762224552,0.21045243234388
1.13999760120345,0.210391895799961
1.14999758016137,0.21032865281927
1.1599975591193,0.21026058451364
1.16999753807722,0.210189290835926
1.17999751703515,0.210114933154686
1.18999749599307,0.210037511871594
1.199997474951,0.209957260837555
1.20999745390892,0.209875589641604
1.21999743286685,0.209791142707836
1.22999741182477,0.209703779984286
1.2399973907827,0.209613502935377
1.24999736974062,0.209520546456289
1.25999734869855,0.209425844711547
1.26999732765647,0.20932832330122
1.2799973066144,0.209227871133078
1.28999728557232,0.209124489260832
1.29999726453025,0.209018545400163
1.30999724348817,0.208910871193839
1.3199972224461,0.208800655775954
1.32999720140402,0.208687692604728
1.33999718036195,0.208571983474119
1.34999715931987,0.208452823523769
1.3599971382778,0.20832852261722
1.36999711723572,0.208201480675542
1.37999709619365,0.208072377731128
1.38999707515157,0.207941216130553
1.3999970541095,0.20780645779488
1.40999703306742,0.2076664303645
1.41999701202535,0.207522599044932
1.42999699098327,0.207374927392257
1.4399969699412,0.207223420107788
1.44999694889912,0.207070033314981
1.45999692785705,0.206916173448626
1.46999690681497,0.2067610140633
1.4799968857729,0.206603878796236
1.48999686473082,0.206444777475461
1.49999684368875,0.206284927413165
1.50999682264667,0.206132683899736
1.5199968016046,0.205983598315733
1.52999678056252,0.20583515979615
1.53999675952045,0.205687367898729
1.54999673847837,0.205540726228707
1.5599967174363,0.205400788300914
1.56999669639422,0.205264834795637
1.57999667535215,0.205129047666863
1.58999665431007,0.204993424050354
1.599996633268,0.204857414068826
1.60999661222592,0.204716019336874
1.61999659118385,0.20457400123453
1.62999657014177,0.20443328510839
1.6399965490997,0.20429386666626
1.64999652805762,0.204153492771366
1.65999650701555,0.204004407768705
1.66999648597347,0.203851716783334
1.6799964649314,0.203695662316085
1.68999644388932,0.203536237541871
1.69999642284725,0.203372969040807
1.70999640180517,0.20320631046236
1.7199963807631,0.203033885997023
1.72999635972102,0.202853823795786
1.73999633867895,0.202666117002621
1.74999631763687,0.202469891510844
1.7599962965948,0.202265886334026
1.76999627555272,0.202051713515088
1.77999625451065,0.201825746040445
1.78999623346857,0.201587976777366
1.7999962124265,0.201337088160408
1.80999619138442,0.20107098974487
1.81999617034235,0.200791071499093
1.82999614930027,0.200496576978244
1.8399961282582,0.200187509128513
1.84999610721612,0.199863763758639
1.85999608617405,0.19951997359096
1.86999606513197,0.19916496186846
1.8799960440899,0.198799945639737
1.88999602304782,0.198424934017664
1.89999600200575,0.198039760214813
1.90999598096367,0.197642055984304
1.9199959599216,0.197233828209255
1.92999593887952,0.19681544803923
1.93999591783745,0.196386918078145
1.94999589679537,0.195948541429236
1.9599958757533,0.195505505900012
1.96999585471122,0.195053159002125
1.97999583366915,0.194591308746318
1.98999581262707,0.194119955487566
1.999995791585,0.193639099598783
2.00999577054292,0.193151308722285
2.01999574950085,0.192657023038863
2.02999572845877,0.192156242743096
2.0399957074167,0.191648968043609
2.04999568637462,0.191135371017549
2.05999566533255,0.190615938495907
2.06999564429047,0.190092405863466
2.0799956232484,0.189565004157132
2.08999560220632,0.1890337393975
2.09999558116425,0.188499407594569
2.10999556012217,0.187961509007043
2.1199955390801,0.187424462532642
2.12999551803802,0.186889732069955
2.13999549699595,0.186357335106181
2.14999547595387,0.185829098847141
2.1599954549118,0.185315923078329
2.16999543386972,0.184814052502748
2.17999541282765,0.184325121376064
2.18999539178557,0.18384913517095
2.1999953707435,0.183385600347036
2.20999534970142,0.182940917166283
2.21999532865935,0.182509312695207
2.22999530761727,0.182088694436557
2.2399952865752,0.181679048125009
2.24999526553312,0.181278409162855
2.25999524449105,0.180885473991725
2.26999522344897,0.180498996494033
2.2799952024069,0.180117171533205
2.28999518136482,0.179739982000559
2.29999516032275,0.179365891550699
2.30999513928067,0.178994530975938
2.3199951182386,0.178624114644169
2.32999509719652,0.178253667057324
2.33999507615445,0.177883171618859
2.34999505511237,0.17751094139105
2.3599950340703,0.177137740591517
2.36999501302822,0.176761065343367
2.37999499198615,0.176379978892116
2.38999497094407,0.175994464465047
2.399994949902,0.175602082042403
2.40999492885992,0.175204823937863
2.41999490781785,0.174797690745425
2.42999488677577,0.174379974085718
2.4399948657337,0.173951657619063
2.44999484469162,0.173506998475527
2.45999482364955,0.173050479332243
2.46999480260747,0.172578637062961
2.4799947815654,0.172090602810269
2.48999476052332,0.171586371207046
2.49999473948125,0.171062982617202
2.50999471843917,0.170512538289022
2.5199946973971,0.169951950519078
2.52999467635502,0.169381582841321
2.53999465531295,0.168801453027251
2.54999463427087,0.16821405075094
2.5599946132288,0.167624530149945
2.56999459218672,0.167029984271386
2.57999457114465,0.166432265855304
2.58999455010257,0.165831386511105
2.5999945290605,0.165227973933867
2.60999450801842,0.164625363443283
2.61999448697635,0.164021623831286
2.62999446593427,0.16341644140283
2.6399944448922,0.162809821481137
2.64999442385012,0.162201836763535
2.65999440280804,0.16159296682394
2.66999438176597,0.160983074415449
2.6799943607239,0.160372067400482
2.68999433968182,0.159759950232981
2.69999431863975,0.159146828455323
2.70999429759767,0.158531492313602
2.7199942765556,0.157914730987359
2.72999425551352,0.157297438493286
2.73999423447145,0.156679623157524
2.74999421342937,0.156061895780815
2.7599941923873,0.155441857308613
2.76999417134522,0.154822914579595
2.77999415030314,0.154207267464244
2.78999412926107,0.153594933079029
2.79999410821899,0.152988306280823
2.80999408717692,0.152387469702081
2.81999406613485,0.151797697107237
2.82999404509277,0.151220658577904
2.8399940240507,0.150656372364751
2.84999400300862,0.150107302142557
2.85999398196654,0.149586797676577
2.86999396092447,0.149082211955097
2.8799939398824,0.148592115550818
2.88999391884032,0.148116497064042
2.89999389779824,0.147654024147342
2.90999387675617,0.147205455326728
2.91999385571409,0.146765425019293
2.92999383467202,0.146333069112692
2.93999381362994,0.145908367725268
2.94999379258787,0.145490450474458
2.95999377154579,0.14507788974148
2.96999375050372,0.144667678938961
2.97999372946164,0.144259322844962
2.98999370841957,0.143852802638329
2.99999368737749,0.143448099494413
3.00999366633542,0.143042673740096
3.01999364529334,0.142634381883694
3.02999362425127,0.142223205133726
3.03999360320919,0.141809124704139
3.04999358216712,0.141391487189378
3.05999356112504,0.14096828744028
3.06999354008297,0.140536731829994
3.07999351904089,0.140096197724868
3.08999349799882,0.139646665632848
3.09999347695674,0.139186505110723
3.10999345591467,0.138710633283669
3.11999343487259,0.138220053702285
3.12999341383052,0.137712919710265
3.13999339278844,0.137189220404895
3.14999337174637,0.136649573316568
3.15999335070429,0.136081671020626
3.16999332966222,0.135493967046425
3.17999330862014,0.134890432017931
3.18999328757807,0.13427108435774
3.199993266536,0.133637654950444
3.20999324549392,0.132995776162705
3.21999322445184,0.132345403128655
3.22999320340977,0.13168894292271
3.23999318236769,0.131026412697474
3.24999316132562,0.130359981203424
3.25999314028354,0.129692888985693
3.26999311924147,0.12902293479051
3.27999309819939,0.128350758755969
3.28999307715732,0.127676369209936
3.29999305611524,0.127000651537287
3.30999303507317,0.126324219436248
3.31999301403109,0.125646147319679
3.32999299298902,0.124966612946751
3.33999297194694,0.124285620752704
3.34999295090487,0.123603235898034
3.35999292986279,0.122919148759279
3.36999290882072,0.122234342824431
3.37999288777864,0.12154903769577
3.38999286673657,0.120863239248278
3.39999284569449,0.120177038729753
3.40999282465242,0.119488105587132
3.41999280361034,0.118800806869673
3.42999278256827,0.118116146558088
3.43999276152619,0.117434138359449
3.44999274048412,0.116757399456532
3.45999271944204,0.116083083170657
3.46999269839997,0.115416725435831
3.47999267735789,0.114761351060582
3.48999265631582,0.114116979895243
3.49999263527374,0.113484227239293
3.50999261423167,0.112882135240626
3.51999259318959,0.112301735059417
3.52999257214752,0.111739297206137
3.53999255110544,0.111194815362404
3.54999253006337,0.110667444352723
3.55999250902129,0.110154132723442
3.56999248797922,0.109659170142939
3.57999246693714,0.109175949211547
3.58999244589507,0.10870445219079
3.59999242485299,0.108243883675752
3.60999240381092,0.107788633877443
3.61999238276884,0.107340837672219
3.62999236172677,0.106897609855781
3.63999234068469,0.106458932502615
3.64999231964262,0.106023597030593
3.65999229860054,0.10558846142248
3.66999227755847,0.105154431414748
3.67999225651639,0.104719253680925
3.68999223547432,0.104282910482127
3.69999221443224,0.103844123326528
3.70999219339017,0.103400666235659
3.71999217234809,0.102951903290711
3.72999215130602,0.102495748769219
3.73999213026394,0.102032184025861
3.74999210922187,0.10155880067033
3.75999208817979,0.10107378341013
3.76999206713772,0.100575603859907
3.77999204609564,0.100061825303179
3.78999202505357,0.0995324313474656
3.79999200401149,0.0989845344692201
3.80999198296942,0.0984106953458376
3.81999196192734,0.097818056670191
3.82999194088527,0.0972058698768933
3.83999191984319,0.0965741398695178
3.84999189880112,0.0959238208542652
3.85999187775904,0.0952492151246939
3.86999185671697,0.0945632627762108
3.87999183567489,0.0938677403963227
3.88999181463282,0.0931626694278975
3.89999179359074,0.0924496954965724
3.90999177254867,0.0917338019284655
3.91999175150659,0.091014118706244
3.92999173046452,0.0902914958312471
3.93999170942244,0.0895659438255009
3.94999168838037,0.0888377186465952
3.95999166733829,0.08810908856533
3.96999164629622,0.0873801551162447
3.97999162525414,0.0866510715380791
3.98999160421207,0.085921842267904
3.99999158316999,0.0851924717430786
4.00999156212792,0.0844637811594448
4.01999154108584,0.0837364110471901
4.02999152004377,0.0830103688300157
4.03999149900169,0.0822856619316005
4.04999147795962,0.0815622977751436
4.05999145691754,0.0808402837833538
4.06999143587547,0.0801168820715876
4.07999141483339,0.0793932565851996
4.08999139379132,0.078670359051416
4.09999137274924,0.0779482074969466
4.10999135170717,0.0772268199504084
4.11999133066509,0.0765062144422997
4.12999130962302,0.0757909757113682
4.13999128858094,0.0750787471687249
4.14999126753887,0.0743838238864551
4.15999124649679,0.0737064021664683
4.16999122545472,0.0730465001605864
4.17999120441264,0.0724041359867305
4.18999118337057,0.0717813220365913
4.19999116232849,0.0711892833046545
4.20999114128642,0.0706174451268949
4.21999112024434,0.0700616593738931
4.22999109920227,0.069521906712438
4.23999107816019,0.0689981677773615
4.24999105711812,0.0684904231715659
4.25999103607604,0.0679946554796056
4.26999101503397,0.0675047044255855
4.27999099399189,0.0670251419588275
4.28999097294982,0.066552665109913
4.29999095190774,0.0660866244263993
4.30999093086567,0.0656231074257803
4.31999090982359,0.0651626873912119
4.32999088878152,0.0647039041643198
4.33999086773944,0.0642466654199516
4.34999084669737,0.0637878337955791
4.35999082565529,0.0633257584467126
4.36999080461322,0.0628604220776849
4.37999078357114,0.0623892202535805
4.38999076252907,0.0619147724869448
4.39999074148699,0.0614311686099524
4.40999072044492,0.0609383897199849
4.41999069940284,0.0604326117635981
4.42999067836077,0.0599168212261792
4.43999065731869,0.0593846216000785
4.44999063627662,0.0588344730498118
4.45999061523454,0.0582663641600433
4.46999059419247,0.0576802835570571
4.47999057315039,0.0570762199087728
4.48999055210832,0.0564522752242395
4.49999053106624,0.0557899820193827
4.50999051002417,0.0551055761475828
4.51999048898209,0.0544059294089401
4.52999046794002,0.0536910630137897
4.53999044689794,0.0529609981998063
4.54999042585587,0.0522157562319745
4.55999040481379,0.0514644686353737
4.56999038377172,0.0507078359725178
4.57999036272964,0.049946054101868
4.58999034168757,0.0491806992934244
4.59999032064549,0.0484117833321095
4.60999029960342,0.0476393180068322
4.61999027856134,0.0468633151104714
4.62999025751927,0.0460892444495313
4.63999023647719,0.0453132959060078
4.64999021543512,0.044536653773924
4.65999019439304,0.0437596113460524
4.66999017335097,0.04298217344264
4.67999015230889,0.0422043448844331
4.68999013126682,0.0414261304926691
4.69999011022474,0.0406487473595304
4.70999008918267,0.0398712942001985
4.71999006814059,0.039093364724937
4.72999004709852,0.038316158264339
4.73999002605644,0.0375396081080582
4.74999000501437,0.036765006424842
4.75998998397229,0.0359947575117315
4.76998996293022,0.0352288748001199
4.77998994188814,0.0344710902022391
4.78998992084607,0.0337160324668377
4.79998989980399,0.0329727616049343
4.80998987876192,0.032241649134949
4.81998985771984,0.0315279361800732
4.82998983667777,0.0308350361932572
4.83998981563569,0.0301647017888464
4.84998979459362,0.0295169391194754
4.85998977355154,0.0288927187684771
4.86998975250947,0.0282983088531451
4.87998973146739,0.0277276195901987
4.88998971042532,0.0271806409652094
4.89998968938324,0.0266514682393895
4.90998966834117,0.0261403400916939
4.91998964729909,0.0256423564469568
4.92998962625702,0.0251566252402407
4.93998960521494,0.0246742975974898
4.94998958417287,0.0241958970854236
4.95998956313079,0.0237214060374439
4.96998954208872,0.023250062071896
4.97998952104664,0.0227805603351123
4.98998950000457,0.0223118912838041
4.99998947896249,0.0218440350145469
5.00998945792042,0.0213754968082424
5.01998943687834,0.0209042841372664
5.02998941583627,0.0204303765330468
5.03998939479419,0.0199537535333525
5.04998937375212,0.0194706563704008
5.05998935271004,0.0189801948087543
5.06998933166797,0.0184814159382179
5.07998931062589,0.0179742981304171
5.08998928958382,0.0174529613377794
5.09998926854174,0.0169178231579271
5.10998924749967,0.0163668875629845
5.11998922645759,0.0158001372387737
5.12998920541552,0.0152130201272349
5.13998918437344,0.0146026314128269
5.14998916333137,0.0139690162777855
5.15998914228929,0.0133076751049326
5.16998912124722,0.0126241770388685
5.17998910020514,0.0119171047730644
5.18998907916307,0.0111941432808004
5.19998905812099,0.0104553144344916
5.20998903707892,0.00970064013631528
5.21998901603684,0.00893077412605734
5.22998899499477,0.00815963392303546
5.23998897395269,0.00738051296879194
5.24998895291062,0.0065976742572111
5.25998893186854,0.00581113083002074
5.26998891082647,0.00502089573275191
5.27998888978439,0.00422715550470681
5.28998886874231,0.00343587108323762
5.29998884770024,0.00264309539686685
5.30998882665817,0.0018495418215868
5.31998880561609,0.00105526546074365
5.32998878457402,0.000261076494774515
5.33998876353194,-0.000533028218943866
5.34998874248987,-0.00132704556167828
5.35998872144779,-0.00212121127664188
5.36998870040572,-0.0029150287394632
5.37998867936364,-0.00370775996031688
5.38998865832157,-0.00449939840114539
5.39998863727949,-0.00529054484650235
5.40998861623742,-0.00607999014085361
5.41998859519534,-0.00686596311329473
5.42998857415327,-0.00764665072898259
5.43998855311119,-0.00842436536219682
5.44998853206912,-0.00919658650027822
5.45998851102704,-0.00995878640498444
5.46998848998497,-0.010710945660577
5.47998846894289,-0.0114532619802697
5.48998844790081,-0.0121696694736542
5.49998842685874,-0.0128613893767355
5.50998840581667,-0.0135318277933796
5.51998838477459,-0.0141809853237746
5.52998836373251,-0.0148088626182704
5.53998834269044,-0.0154154603773766
5.54998832164836,-0.0160006099567848
5.55998830060629,-0.0165624528919769
5.56998827956421,-0.0171050463128073
5.57998825852214,-0.0176354986346745
5.58998823748006,-0.0181538290685397
5.59998821643799,-0.0186600568469409
5.60998819539592,-0.0191542012239664
5.61998817435384,-0.0196384957174601
5.62998815331177,-0.0201205768950762
5.63998813226969,-0.0205970886789247
5.64998811122761,-0.0210699676899424
5.65998809018554,-0.0215403035271831
5.66998806914347,-0.0220082486627766
5.67998804810139,-0.0224760615835712
5.68998802705931,-0.0229443317133515
5.69998800601724,-0.0234151906666609
5.70998798497517,-0.0238863154941936
5.71998796393309,-0.0243605411348355
5.72998794289101,-0.0248385458162269
5.73998792184894,-0.0253249601683872
5.74998790080686,-0.0258135345900175
5.75998787976479,-0.0263158066694509
5.76998785872271,-0.0268324071558925
5.77998783768064,-0.0273691678604104
5.78998781663856,-0.0279291653701348
5.79998779559649,-0.0285089141315879
5.80998777455441,-0.0291126303037076
5.81998775351234,-0.0297403185106951
5.82998773247026,-0.0303919833224045
5.83998771142819,-0.0310694133055242
5.84998769038611,-0.0317744200218213
5.85998766934404,-0.0324936228078413
5.86998764830196,-0.0332269993677652
5.87998762725989,-0.0339745273796263
5.88998760621782,-0.034733527395451
5.89998758517574,-0.0354962428597507
5.90998756413366,-0.0362634872567262
5.91998754309159,-0.0370339897630741
5.92998752204952,-0.0378077371347454
5.93998750100744,-0.0385847161248909
5.94998747996536,-0.0393625607925178
5.95998745892329,-0.0401400427436717
5.96998743788121,-0.0409176950759189
5.97998741683914,-0.0416955122273017
5.98998739579706,-0.0424734886365208
5.99998737475499,-0.0432516187432165
6.00998735371291,-0.0440294647430202
6.01998733267084,-0.0448064915762003
6.02998731162876,-0.0455826938769433
6.03998729058669,-0.0463580662804196
6.04998726954461,-0.0471326034225161
6.05998724850254,-0.0479066901862314
6.06998722746046,-0.0486784617348894
6.07998720641839,-0.0494464246241874
6.08998718537632,-0.0502105660359075
6.09998716433424,-0.0509708731558593
6.10998714329216,-0.0517256263047674
6.11998712225009,-0.0524792140484673
6.12998710120801,-0.0532177602612146
6.13998708016594,-0.0539412418755792
6.14998705912386,-0.0546496358508775
6.15998703808179,-0.0553429191732033
6.16998701703972,-0.0560210688554594
6.17998699599764,-0.0566692084907694
6.18998697495556,-0.0572864347412661
6.19998695391349,-0.0578851204396894
6.20998693287141,-0.0584652786161962
6.21998691182934,-0.0590269223451712
6.22998689078726,-0.0595700647452098
6.23998686974519,-0.0600947189790991
6.24998684870311,-0.060611570399282
6.25998682766104,-0.061110691825945
6.26998680661896,-0.0616004841954656
6.27998678557689,-0.0620810628299551
6.28998676453481,-0.0625551023680153
6.29998674349274,-0.0630220557515634
6.30998672245066,-0.0634856927517896
6.31998670140859,-0.0639460309911057
6.32998668036651,-0.0644066229858786
6.33998665932444,-0.0648644140868352
6.34998663828236,-0.065323591287361
6.35998661724029,-0.0657841730887318
6.36998659619821,-0.0662492922490193
6.37998657515614,-0.0667172424564206
6.38998655411406,-0.0671919798364403
6.39998653307199,-0.0676735226241552
6.40998651202991,-0.0681652756271312
6.41998649098784,-0.0686655638634184
6.42998646994576,-0.069180339334955
6.43998644890369,-0.0697102002368013
6.44998642786161,-0.0702551615920805
6.45998640681954,-0.0708152383888005
6.46998638577746,-0.0713898309451126
6.47998636473539,-0.0719860190037769
6.48998634369331,-0.0726197887251948
6.49998632265124,-0.073270594479834
6.50998630160916,-0.0739380000937696
6.51998628056709,-0.0746219894076858
6.52998625952501,-0.0753225462307744
6.53998623848294,-0.076036186211579
6.54998621744086,-0.0767499651257713
6.55998619639879,-0.0774701114446591
6.56998617535671,-0.0781926567919944
6.57998615431464,-0.0789175850110957
6.58998613327256,-0.0796413563749655
6.59998611223049,-0.080363730693936
6.60998609118841,-0.081085604870128
6.61998607014634,-0.0818074947299161
6.62998604910426,-0.0825297313789967
6.63998602806219,-0.0832536391959031
6.64998600702011,-0.0839801680289229
6.65998598597804,-0.0847090488011567
6.66998596493596,-0.0854382590256739
6.67998594389389,-0.0861679025789202
6.68998592285181,-0.0868976647083001
6.69998590180974,-0.0876264107477518
6.70998588076766,-0.0883550681914677
6.71998585972559,-0.0890836388039258
6.72998583868351,-0.089810700859482
6.73998581764144,-0.0905364180437108
6.74998579659936,-0.0912592663153845
6.75998577555729,-0.0919776801192313
6.76998575451521,-0.0926916474880944
6.77998573347314,-0.093399554049606
6.78998571243106,-0.0941039864362764
6.79998569138899,-0.0947959946755647
6.80998567034691,-0.0954755567982241
6.81998564930484,-0.0961426508573221
6.82998562826276,-0.0967946345285816
6.83998560722069,-0.0974170946806786
6.84998558617861,-0.0980202646287195
6.85998556513654,-0.0986036867725488
6.86998554409446,-0.0991673654565385
6.87998552305239,-0.099711305071751
6.88998550201031,-0.100238303798871
6.89998548096824,-0.100744104806901
6.90998545992616,-0.101238212369636
6.91998543888409,-0.101720647901271
6.92998541784201,-0.102191432838766
6.93998539679994,-0.102650588641813
6.94998537575786,-0.103102717921091
6.95998535471579,-0.103549131817439
6.96998533367371,-0.103992156174768
6.97998531263164,-0.104431810747047
6.98998529158956,-0.104868115294748
6.99998527054749,-0.10530108958522
7.00998524950541,-0.105734156283236
7.01998522846334,-0.106169627112949
7.02998520742126,-0.106607521317988
7.03998518637919,-0.107047858138348
7.04998516533711,-0.1074913389343
7.05998514429504,-0.107940066150895
7.06998512325296,-0.108397136996696
7.07998510221089,-0.108863225049579
7.08998508116881,-0.10933835036456
7.09998506012674,-0.109824168838574
7.10998503908466,-0.110325426097306
7.11998501804259,-0.110841671858589
7.12998499700051,-0.111374882307057
7.13998497595844,-0.111925068656167
7.14998495491636,-0.112491462474469
7.15998493387429,-0.113085966982948
7.16998491283221,-0.113700375114786
7.17998489179014,-0.114330578931555
7.18998487074806,-0.11497655920681
7.19998484970599,-0.115636364044005
7.20998482866391,-0.116303817143188
7.21998480762184,-0.116978825081727
7.22998478657976,-0.117658682781567
7.23998476553769,-0.118343372005611
7.24998474449561,-0.11903037276614
7.25998472345354,-0.119716226979626
7.26998470241146,-0.120402918598051
7.27998468136939,-0.121089640103153
7.28998466032731,-0.121776382759411
7.29998463928524,-0.122461985244987
7.30998461824316,-0.123145812370169
7.31998459720109,-0.123828700657372
7.32998457615901,-0.124510373937193
7.33998455511694,-0.125190827759678
7.34998453407486,-0.125870050677619
7.35998451303279,-0.126548268827804
7.36998449199071,-0.127224710710921
7.37998447094864,-0.127899215339418
7.38998444990656,-0.128571776992053
7.39998442886449,-0.129242617324232
7.40998440782241,-0.129913997648848
7.41998438678034,-0.130581935010443
7.42998436573826,-0.131245584538378
7.43998434469619,-0.131904933322324
7.44998432365411,-0.132557793250413
7.45998430261204,-0.133207509237749
7.46998428156996,-0.133848044429541
7.47998426052789,-0.13447645810638
7.48998423948581,-0.135092729896356
7.49998421844374,-0.135690452248124
7.50998419740166,-0.136264195565247
7.51998417635959,-0.136822046415689
7.52998415531751,-0.137362191282338
7.53998413427544,-0.137884629188559
7.54998411323336,-0.138384123328272
7.55998409219129,-0.138869882544608
7.56998407114921,-0.139338854054905
7.57998405010714,-0.139796400339637
7.58998402906506,-0.140242538243244
7.59998400802299,-0.140678205078728
7.60998398698091,-0.141106957687031
7.61998396593884,-0.141528793053376
7.62998394489676,-0.141945837039129
7.63998392385469,-0.142358107094673
7.64998390281261,-0.142767110532699
7.65998388177054,-0.143174040278357
7.66998386072846,-0.143579815786365
7.67998383968639,-0.143985905887322
7.68998381864431,-0.144392327854568
7.69998379760224,-0.144800472822385
7.70998377656016,-0.145211227010884
7.71998375551809,-0.145626085085252
7.72998373447601,-0.146046574614775
7.73998371343394,-0.146472713265339
7.74998369239186,-0.146906380104115
7.75998367134979,-0.147349850476518
7.76998365030771,-0.147804358448411
7.77998362926564,-0.14827139024898
7.78998360822356,-0.14875096037922
7.79998358718149,-0.149246008988749
7.80998356613941,-0.149762965657099
7.81998354509734,-0.150295245114532
7.82998352405526,-0.15084297654122
7.83998350301319,-0.151406153802795
7.84998348197111,-0.151983587833887
7.85998346092904,-0.152580285567393
7.86998343988696,-0.153184187008888
7.87998341884489,-0.153793507332696
7.88998339780281,-0.154408225266333
7.89998337676073,-0.155026920032137
7.90998335571866,-0.155645289097463
7.91998333467659,-0.156264024707621
7.92998331363451,-0.156882363006673
7.93998329259244,-0.157500293618793
7.94998327155036,-0.158117717793488
7.95998325050828,-0.158733254680734
7.96998322946621,-0.159347583107787
7.97998320842414,-0.15996069298505
7.98998318738206,-0.160572579546579
7.99998316633999,-0.161183238030258
8.00998314529791,-0.161792680616427
8.01998312425584,-0.16240100740447
8.02998310321376,-0.163008213901875
8.03998308217168,-0.163614295618534
8.04998306112961,-0.164219255500851
8.05998304008754,-0.164823728493347
8.06998301904546,-0.165426554588746
8.07998299800339,-0.166027660258892
8.08998297696131,-0.166627036129305
8.09998295591924,-0.167224080359516
8.10998293487716,-0.167819924069534
8.11998291383509,-0.168410428625825
8.12998289279301,-0.168994340502301
8.13998287175094,-0.169571640315949
8.14998285070886,-0.170140731366813
8.15998282966678,-0.17069099194708
8.16998280862471,-0.171226406243703
8.17998278758263,-0.171745691542395
8.18998276654056,-0.172248842326484
8.19998274549848,-0.172736225254922
8.20998272445641,-0.173202960755381
8.21998270341433,-0.1736541085845
8.22998268237226,-0.174092299312815
8.23998266133018,-0.174517547058872
8.24998264028811,-0.174931485510514
8.25998261924603,-0.175335772149338
8.26998259820396,-0.175732144690715
8.27998257716189,-0.176122264700868
8.28998255611981,-0.176506149236111
8.29998253507773,-0.17688524098108
8.30998251403566,-0.177261029868746
8.31998249299359,-0.177634192202593
8.32998247195151,-0.178005942710893
8.33998245090944,-0.178376297978239
8.34998242986736,-0.178746516283268
8.35998240882529,-0.179117424856053
8.36998238778321,-0.179489981232328
8.37998236674114,-0.179865454814542
8.38998234569906,-0.180243862189179
8.39998232465699,-0.180626960944689
8.40998230361491,-0.181014632142798
8.41998228257283,-0.181409987581158
8.42998226153076,-0.181813864214157
8.43998224048869,-0.182226277733615
8.44998221944661,-0.182651729344818
8.45998219840454,-0.183086426456132
8.46998217736246,-0.183539546179934
8.47998215632038,-0.184006200084439
8.48998213527831,-0.184486387239692
8.49998211423623,-0.184977951484457
8.50998209319416,-0.185485990280317
8.51998207215209,-0.18600682072696
8.52998205111001,-0.186534380835819
8.53998203006794,-0.187068652946984
8.54998200902586,-0.187606378466145
8.55998198798378,-0.188140767651405
8.56998196694171,-0.18867560974987
8.57998194589964,-0.189208714664456
8.58998192485756,-0.189740073926671
8.59998190381549,-0.19026854835323
8.60998188277341,-0.190790017420072
8.61998186173133,-0.191306508651759
8.62998184068926,-0.191817561190845
8.63998181964718,-0.192323174082808
8.64998179860511,-0.192822775386837
8.65998177756303,-0.193314795559904
8.66998175652096,-0.193799611467045
8.67998173547888,-0.19427642492851
8.68998171443681,-0.194745236552979
8.69998169339473,-0.195205640246893
8.70998167235266,-0.195657210317717
8.71998165131058,-0.196100023937722
8.72998163026851,-0.196533194271866
8.73998160922643,-0.196956719240755
8.74998158818436,-0.197370307857269
8.75998156714228,-0.19777486972326
8.76998154610021,-0.198169255319946
8.77998152505814,-0.198552641377507
8.78998150401606,-0.198925020707208
8.79998148297399,-0.199285630811011
8.80998146193191,-0.199634983816526
8.81998144088983,-0.199970680674491
8.82998141984776,-0.200292114537321
8.83998139880569,-0.200599276808672
8.84998137776361,-0.200890837503946
8.85998135672154,-0.201163247440027
8.86998133567946,-0.20142275011591
8.87998131463738,-0.201669231658402
8.88998129359531,-0.201902697262758
8.89998127255323,-0.202124382395652
8.90998125151116,-0.202334969090173
8.91998123046909,-0.202536490982036
8.92998120942701,-0.202729875207693
8.93998118838493,-0.202915130059455
8.94998116734286,-0.203092607402458
8.95998114630078,-0.20326429931225
8.96998112525871,-0.203430856531491
8.97998110421663,-0.203592618319078
8.98998108317456,-0.203749591431035
8.99998106213248,-0.203901782632876
9.00998104109041,-0.204054158054868
9.01998102004833,-0.204201867220171
9.02998099900626,-0.204344915068194
9.03998097796418,-0.204483306545919
9.04998095692211,-0.204617462815499
9.05998093588003,-0.204758528609184
9.06998091483796,-0.204899240633328
9.07998089379588,-0.205039737096436
9.08998087275381,-0.205180024469314
9.09998085171173,-0.205320018028857
9.10998083066966,-0.205450911105859
9.11998080962758,-0.205587230181574
9.12998078858551,-0.205730572487518
9.13998076754343,-0.205880937778042
9.14998074650136,-0.206035010323831
9.15998072545928,-0.206189245094279
9.16998070441721,-0.206343811087543
9.17998068337513,-0.206498352520207
9.18998066233306,-0.206652858229399
9.19998064129098,-0.206807663088478
9.20998062024891,-0.206968401426945
9.21998059920683,-0.207126415096967
9.22998057816476,-0.207279105094658
9.23998055712268,-0.207426464999879
9.24998053608061,-0.207569499106833
9.25998051503853,-0.207711837241623
9.26998049399646,-0.207850650528676
9.27998047295438,-0.207985467901576
9.28998045191231,-0.208116286011455
9.29998043087024,-0.208243773952956
9.30998040982816,-0.208368589450586
9.31998038878608,-0.208490666884936
9.32998036774401,-0.208609931349167
9.33998034670193,-0.208726381396372
9.34998032565986,-0.208839616704799
9.35998030461778,-0.208947809761891
9.36998028357571,-0.209053630441213
9.37998026253364,-0.209157961786643
9.38998024149156,-0.209260802332688
9.39998022044948,-0.209361137813808
9.40998019940741,-0.209457847363761
9.41998017836533,-0.209551738218566
9.42998015732326,-0.209642964929112
9.43998013628118,-0.209731525997635
9.44998011523911,-0.20981776321029
9.45998009419703,-0.209902792754752
9.46998007315496,-0.209985222081767
9.47998005211288,-0.210064302009414
9.48998003107081,-0.210140031650568
9.49998001002873,-0.210213077498314
9.50997998898666,-0.210282777491559
9.51997996794458,-0.210349157404032
9.52997994690251,-0.210412072546648
9.53997992586043,-0.210471523994036
9.54997990481836,-0.210527892998139
9.55997988377628,-0.210584043496006
9.56997986273421,-0.210637985836712
9.57997984169213,-0.210689771187491
9.58997982065006,-0.210739402065875
9.59997979960798,-0.210786920179397
9.60997977856591,-0.21083208621274
9.61997975752383,-0.210876031337646
9.62997973648176,-0.210920322757155
9.63997971543968,-0.210964962969105
9.64997969439761,-0.211009187071772
9.65997967335553,-0.211050045262233
9.66997965231346,-0.211089807684589
9.67997963127138,-0.211129247009917
9.68997961022931,-0.211168364352507
9.69997958918723,-0.211207448601553
9.70997956814516,-0.211248317525972
9.71997954710308,-0.211288877436006
9.72997952606101,-0.211328435236673
9.73997950501893,-0.211366992475526
9.74997948397686,-0.211405418568546
9.75997946293478,-0.211446739075056
9.76997944189271,-0.211488137238743
9.77997942085063,-0.211529032354359
9.78997939980856,-0.21156942481879
9.79997937876648,-0.211610296570736
9.80997935772441,-0.211655404100803
9.81997933668233,-0.211701627524817
9.82997931564026,-0.21174881452766
9.83997929459818,-0.211796963361543
9.84997927355611,-0.211845216819652
9.85997925251403,-0.211889998372943
9.86997923147196,-0.211934914421348
9.87997921042988,-0.211980472437445
9.88997918938781,-0.212026668439
9.89997916834573,-0.212072718965793
9.90997914730366,-0.212114197350953
9.91997912626158,-0.212153977698201
9.92997910521951,-0.212192120237243
9.93997908417743,-0.212228623093758
9.94997906313536,-0.212263541122965
9.95997904209328,-0.212298306599804
9.96997902105121,-0.212331087183572
9.97997900000913,-0.212361770377554
9.98997897896706,-0.212390355676721
9.99997895792498,-0.212416842580787
10.0099999789579,-0.21244
10.0199999579159,-0.21247
10.0299999368738,-0.21249
10.0399999158317,-0.21251
10.0499998947896,-0.21253
10.0599998737476,-0.21255
10.0699998527055,-0.21257
10.0799998316634,-0.21258
10.0899998106213,-0.2126
10.0999997895793,-0.21261
10.1099997685372,-0.21262
10.1199997474951,-0.21263
10.129999726453,-0.21263
10.139999705411,-0.21264
10.1499996843689,-0.21265
10.1599996633268,-0.21265
10.1699996422847,-0.21266
10.1799996212427,-0.21266
10.1899996002006,-0.21266
10.1999995791585,-0.21267
10.2099995581164,-0.21267
10.2199995370744,-0.21267
10.2299995160323,-0.21267
10.2399994949902,-0.21268
10.2499994739481,-0.21268
10.259999452906,-0.21268
10.269999431864,-0.21268
10.2799994108219,-0.21268
10.2899993897798,-0.21268
10.2999993687377,-0.21268
10.3099993476957,-0.21268
10.3199993266536,-0.21268
10.3299993056115,-0.21268
10.3399992845694,-0.21269
10.3499992635274,-0.21269
10.3599992424853,-0.21268
10.3699992214432,-0.21268
10.3799992004011,-0.21268
10.3899991793591,-0.21268
10.399999158317,-0.21268
10.4099991372749,-0.21268
10.4199991162328,-0.21268
10.4299990951908,-0.21267
10.4399990741487,-0.21267
10.4499990531066,-0.21267
10.4599990320645,-0.21267
10.4699990110225,-0.21267
10.4799989899804,-0.21266
10.4899989689383,-0.21266
10.4999989478962,-0.21266
10.5099989268542,-0.21265
10.5199989058121,-0.21265
10.52999888477,-0.21264
10.5399988637279,-0.21263
10.5499988426859,-0.21262
10.5599988216438,-0.21261
10.5699988006017,-0.2126
10.5799987795596,-0.21259
10.5899987585176,-0.21258
10.5999987374755,-0.21256
10.6099987164334,-0.21254
10.6199986953913,-0.21252
10.6299986743493,-0.2125
10.6399986533072,-0.21248
10.6499986322651,-0.21246
10.659998611223,-0.21244
10.669998590181,-0.21241
10.6799985691389,-0.21238
10.6899985480968,-0.21235
10.6999985270547,-0.21232
10.7099985060127,-0.21229
10.7199984849706,-0.21225
10.7299984639285,-0.21222
10.7399984428864,-0.21218
10.7499984218444,-0.21214
10.7599984008023,-0.2121
10.7699983797602,-0.21206
10.7799983587181,-0.21201
10.7899983376761,-0.21197
10.799998316634,-0.21192
10.8099982955919,-0.21187
10.8199982745498,-0.21183
10.8299982535078,-0.21178
10.8399982324657,-0.21173
10.8499982114236,-0.21169
10.8599981903815,-0.21164
10.8699981693395,-0.2116
10.8799981482974,-0.21155
10.8899981272553,-0.21151
10.8999981062132,-0.21148
10.9099980851712,-0.21144
10.9199980641291,-0.21139
10.929998043087,-0.21135
10.9399980220449,-0.21131
10.9499980010029,-0.21127
10.9599979799608,-0.21124
10.9699979589187,-0.2112
10.9799979378766,-0.21116
10.9899979168346,-0.21112
10.9999978957925,-0.21108
11.0099978747504,-0.21104
11.0199978537084,-0.21099
11.0299978326663,-0.21095
11.0399978116242,-0.21091
11.0499977905821,-0.21086
11.0599977695401,-0.21082
11.069997748498,-0.21077
11.0799977274559,-0.21072
11.0899977064138,-0.21067
11.0999976853718,-0.21062
11.1099976643297,-0.21057
11.1199976432876,-0.21051
11.1299976222455,-0.21045
11.1399976012035,-0.21039
11.1499975801614,-0.21033
11.1599975591193,-0.21026
11.1699975380772,-0.21019
11.1799975170352,-0.21011
11.1899974959931,-0.21004
11.199997474951,-0.20996
11.2099974539089,-0.20988
11.2199974328668,-0.20979
11.2299974118248,-0.2097
11.2399973907827,-0.20961
11.2499973697406,-0.20952
11.2599973486985,-0.20943
11.2699973276565,-0.20933
11.2799973066144,-0.20923
11.2899972855723,-0.20912
11.2999972645302,-0.20902
11.3099972434882,-0.20891
11.3199972224461,-0.2088
11.329997201404,-0.20869
11.3399971803619,-0.20857
11.3499971593199,-0.20845
11.3599971382778,-0.20833
11.3699971172357,-0.2082
11.3799970961936,-0.20807
11.3899970751516,-0.20794
11.3999970541095,-0.20781
11.4099970330674,-0.20767
11.4199970120254,-0.20752
11.4299969909833,-0.20737
11.4399969699412,-0.20722
11.4499969488991,-0.20707
11.4599969278571,-0.20692
11.469996906815,-0.20676
11.4799968857729,-0.2066
11.4899968647308,-0.20644
11.4999968436888,-0.20628
11.5099968226467,-0.20613
11.5199968016046,-0.20598
11.5299967805625,-0.20584
11.5399967595205,-0.20569
11.5499967384784,-0.20554
11.5599967174363,-0.2054
11.5699966963942,-0.20526
11.5799966753522,-0.20513
11.5899966543101,-0.20499
11.599996633268,-0.20486
11.6099966122259,-0.20472
11.6199965911839,-0.20457
11.6299965701418,-0.20443
11.6399965490997,-0.20429
11.6499965280576,-0.20415
11.6599965070155,-0.204
11.6699964859735,-0.20385
11.6799964649314,-0.2037
11.6899964438893,-0.20354
11.6999964228472,-0.20337
11.7099964018052,-0.20321
11.7199963807631,-0.20303
11.729996359721,-0.20285
11.7399963386789,-0.20267
11.7499963176369,-0.20247
11.7599962965948,-0.20227
11.7699962755527,-0.20205
11.7799962545106,-0.20183
11.7899962334686,-0.20159
11.7999962124265,-0.20134
11.8099961913844,-0.20107
11.8199961703423,-0.20079
11.8299961493003,-0.2005
11.8399961282582,-0.20019
11.8499961072161,-0.19986
11.859996086174,-0.19952
11.869996065132,-0.19916
11.8799960440899,-0.1988
11.8899960230478,-0.19842
11.8999960020058,-0.19804
11.9099959809637,-0.19764
11.9199959599216,-0.19723
11.9299959388795,-0.19682
11.9399959178375,-0.19639
11.9499958967954,-0.19595
11.9599958757533,-0.19551
11.9699958547112,-0.19505
11.9799958336692,-0.19459
11.9899958126271,-0.19412
11.999995791585,-0.19364
12.0099957705429,-0.19315
12.0199957495009,-0.19266
12.0299957284588,-0.19216
12.0399957074167,-0.19165
12.0499956863746,-0.19114
12.0599956653326,-0.19062
12.0699956442905,-0.19009
12.0799956232484,-0.18957
12.0899956022063,-0.18903
12.0999955811643,-0.1885
12.1099955601222,-0.18796
12.1199955390801,-0.18742
12.129995518038,-0.18689
12.139995496996,-0.18636
12.1499954759539,-0.18583
12.1599954549118,-0.18532
12.1699954338697,-0.18481
12.1799954128277,-0.18433
12.1899953917856,-0.18385
12.1999953707435,-0.18339
12.2099953497014,-0.18294
12.2199953286593,-0.18251
12.2299953076173,-0.18209
12.2399952865752,-0.18168
12.2499952655331,-0.18128
12.259995244491,-0.18089
12.269995223449,-0.1805
12.2799952024069,-0.18012
12.2899951813648,-0.17974
12.2999951603227,-0.17937
12.3099951392807,-0.17899
12.3199951182386,-0.17862
12.3299950971965,-0.17825
12.3399950761544,-0.17788
12.3499950551124,-0.17751
12.3599950340703,-0.17714
12.3699950130282,-0.17676
12.3799949919862,-0.17638
12.3899949709441,-0.17599
12.399994949902,-0.1756
12.4099949288599,-0.1752
12.4199949078179,-0.1748
12.4299948867758,-0.17438
12.4399948657337,-0.17395
12.4499948446916,-0.17351
12.4599948236496,-0.17305
12.4699948026075,-0.17258
12.4799947815654,-0.17209
12.4899947605233,-0.17159
12.4999947394813,-0.17106
12.5099947184392,-0.17051
12.5199946973971,-0.16995
12.529994676355,-0.16938
12.539994655313,-0.1688
12.5499946342709,-0.16821
12.5599946132288,-0.16762
12.5699945921867,-0.16703
12.5799945711446,-0.16643
12.5899945501026,-0.16583
12.5999945290605,-0.16523
12.6099945080184,-0.16463
12.6199944869763,-0.16402
12.6299944659343,-0.16342
12.6399944448922,-0.16281
12.6499944238501,-0.1622
12.659994402808,-0.16159
12.669994381766,-0.16098
12.6799943607239,-0.16037
12.6899943396818,-0.15976
12.6999943186397,-0.15915
12.7099942975977,-0.15853
12.7199942765556,-0.15791
12.7299942555135,-0.1573
12.7399942344714,-0.15668
12.7499942134294,-0.15606
12.7599941923873,-0.15544
12.7699941713452,-0.15482
12.7799941503031,-0.15421
12.7899941292611,-0.15359
12.799994108219,-0.15299
12.8099940871769,-0.15239
12.8199940661348,-0.1518
12.8299940450928,-0.15122
12.8399940240507,-0.15066
12.8499940030086,-0.15011
12.8599939819665,-0.14959
12.8699939609245,-0.14908
12.8799939398824,-0.14859
12.8899939188403,-0.14812
12.8999938977982,-0.14765
12.9099938767562,-0.14721
12.9199938557141,-0.14677
12.929993834672,-0.14633
12.9399938136299,-0.14591
12.9499937925879,-0.14549
12.9599937715458,-0.14508
12.9699937505037,-0.14467
12.9799937294616,-0.14426
12.9899937084196,-0.14385
12.9999936873775,-0.14345
13.0099936663354,-0.14304
13.0199936452933,-0.14263
13.0299936242513,-0.14222
13.0399936032092,-0.14181
13.0499935821671,-0.14139
13.059993561125,-0.14097
13.069993540083,-0.14054
13.0799935190409,-0.1401
13.0899934979988,-0.13965
13.0999934769567,-0.13919
13.1099934559147,-0.13871
13.1199934348726,-0.13822
13.1299934138305,-0.13771
13.1399933927884,-0.13719
13.1499933717464,-0.13665
13.1599933507043,-0.13608
13.1699933296622,-0.13549
13.1799933086201,-0.13489
13.1899932875781,-0.13427
13.199993266536,-0.13364
13.2099932454939,-0.133
13.2199932244518,-0.13235
13.2299932034098,-0.13169
13.2399931823677,-0.13103
13.2499931613256,-0.13036
13.2599931402835,-0.12969
13.2699931192415,-0.12902
13.2799930981994,-0.12835
13.2899930771573,-0.12768
13.2999930561152,-0.127
13.3099930350732,-0.12632
13.3199930140311,-0.12565
13.329992992989,-0.12497
13.3399929719469,-0.12429
13.3499929509049,-0.1236
13.3599929298628,-0.12292
13.3699929088207,-0.12223
13.3799928877786,-0.12155
13.3899928667366,-0.12086
13.3999928456945,-0.12018
13.4099928246524,-0.11949
13.4199928036103,-0.1188
13.4299927825683,-0.11812
13.4399927615262,-0.11743
13.4499927404841,-0.11676
13.459992719442,-0.11608
13.4699926984,-0.11542
13.4799926773579,-0.11476
13.4899926563158,-0.11412
13.4999926352737,-0.11348
13.5099926142317,-0.11288
13.5199925931896,-0.1123
13.5299925721475,-0.11174
13.5399925511054,-0.11119
13.5499925300634,-0.11067
13.5599925090213,-0.11015
13.5699924879792,-0.10966
13.5799924669371,-0.10918
13.5899924458951,-0.1087
13.599992424853,-0.10824
13.6099924038109,-0.10779
13.6199923827688,-0.10734
13.6299923617268,-0.1069
13.6399923406847,-0.10646
13.6499923196426,-0.10602
13.6599922986005,-0.10559
13.6699922775585,-0.10515
13.6799922565164,-0.10472
13.6899922354743,-0.10428
13.6999922144322,-0.10384
13.7099921933902,-0.1034
13.7199921723481,-0.10295
13.729992151306,-0.1025
13.7399921302639,-0.10203
13.7499921092219,-0.10156
13.7599920881798,-0.10107
13.7699920671377,-0.10058
13.7799920460956,-0.10006
13.7899920250536,-0.09953
13.7999920040115,-0.09898
13.8099919829694,-0.09841
13.8199919619273,-0.09782
13.8299919408853,-0.09721
13.8399919198432,-0.09657
13.8499918988011,-0.09592
13.859991877759,-0.09525
13.869991856717,-0.09456
13.8799918356749,-0.09387
13.8899918146328,-0.09316
13.8999917935907,-0.09245
13.9099917725487,-0.09173
13.9199917515066,-0.09101
13.9299917304645,-0.09029
13.9399917094224,-0.08957
13.9499916883804,-0.08884
13.9599916673383,-0.08811
13.9699916462962,-0.08738
13.9799916252541,-0.08665
13.9899916042121,-0.08592
13.99999158317,-0.08519
14.0099915621279,-0.08446
14.0199915410858,-0.08374
14.0299915200438,-0.08301
14.0399914990017,-0.08229
14.0499914779596,-0.08156
14.0599914569175,-0.08084
14.0699914358755,-0.08012
14.0799914148334,-0.07939
14.0899913937913,-0.07867
14.0999913727492,-0.07795
14.1099913517072,-0.07723
14.1199913306651,-0.07651
14.129991309623,-0.07579
14.1399912885809,-0.07508
14.1499912675389,-0.07438
14.1599912464968,-0.07371
14.1699912254547,-0.07305
14.1799912044126,-0.0724
14.1899911833706,-0.07178
14.1999911623285,-0.07119
14.2099911412864,-0.07062
14.2199911202443,-0.07006
14.2299910992023,-0.06952
14.2399910781602,-0.069
14.2499910571181,-0.06849
14.259991036076,-0.06799
14.269991015034,-0.0675
14.2799909939919,-0.06703
14.2899909729498,-0.06655
14.2999909519077,-0.06609
14.3099909308657,-0.06562
14.3199909098236,-0.06516
14.3299908887815,-0.0647
14.3399908677394,-0.06425
14.3499908466974,-0.06379
14.3599908256553,-0.06333
14.3699908046132,-0.06286
14.3799907835711,-0.06239
14.3899907625291,-0.06191
14.399990741487,-0.06143
14.4099907204449,-0.06094
14.4199906994028,-0.06043
14.4299906783608,-0.05992
14.4399906573187,-0.05938
14.4499906362766,-0.05883
14.4599906152345,-0.05827
14.4699905941925,-0.05768
14.4799905731504,-0.05708
14.4899905521083,-0.05645
14.4999905310662,-0.05579
14.5099905100242,-0.05511
14.5199904889821,-0.05441
14.52999046794,-0.05369
14.5399904468979,-0.05296
14.5499904258559,-0.05222
14.5599904048138,-0.05146
14.5699903837717,-0.05071
14.5799903627296,-0.04995
14.5899903416876,-0.04918
14.5999903206455,-0.04841
14.6099902996034,-0.04764
14.6199902785613,-0.04686
14.6299902575193,-0.04609
14.6399902364772,-0.04531
14.6499902154351,-0.04454
14.659990194393,-0.04376
14.669990173351,-0.04298
14.6799901523089,-0.0422
14.6899901312668,-0.04143
14.6999901102247,-0.04065
14.7099900891827,-0.03987
14.7199900681406,-0.03909
14.7299900470985,-0.03832
14.7399900260564,-0.03754
14.7499900050144,-0.03677
14.7599899839723,-0.03599
14.7699899629302,-0.03523
14.7799899418881,-0.03447
14.7899899208461,-0.03372
14.799989899804,-0.03297
14.8099898787619,-0.03224
14.8199898577198,-0.03153
14.8299898366778,-0.03084
14.8399898156357,-0.03016
14.8499897945936,-0.02952
14.8599897735515,-0.02889
14.8699897525095,-0.0283
14.8799897314674,-0.02773
14.8899897104253,-0.02718
14.8999896893832,-0.02665
14.9099896683412,-0.02614
14.9199896472991,-0.02564
14.929989626257,-0.02516
14.9399896052149,-0.02467
14.9499895841729,-0.0242
14.9599895631308,-0.02372
14.9699895420887,-0.02325
14.9799895210466,-0.02278
14.9899895000046,-0.02231
14.9999894789625,-0.02184
15.0099894579204,-0.02138
15.0199894368783,-0.0209
15.0299894158363,-0.02043
15.0399893947942,-0.01995
15.0499893737521,-0.01947
15.05998935271,-0.01898
15.069989331668,-0.01848
15.0799893106259,-0.01797
15.0899892895838,-0.01745
15.0999892685417,-0.01692
15.1099892474997,-0.01637
15.1199892264576,-0.0158
15.1299892054155,-0.01521
15.1399891843734,-0.0146
15.1499891633314,-0.01397
15.1599891422893,-0.01331
15.1699891212472,-0.01262
15.1799891002051,-0.01192
15.1899890791631,-0.01119
15.199989058121,-0.01046
15.2099890370789,-0.0097
15.2199890160368,-0.00893
15.2299889949948,-0.00816
15.2399889739527,-0.00738
15.2499889529106,-0.0066
15.2599889318685,-0.00581
15.2699889108265,-0.00502
15.2799888897844,-0.00423
15.2899888687423,-0.00344
15.2999888477002,-0.00264
15.3099888266582,-0.00185
15.3199888056161,-0.00106
15.329988784574,-0.00026
15.3399887635319,0.00053
15.3499887424899,0.00133
15.3599887214478,0.00212
15.3699887004057,0.00292
15.3799886793636,0.00371
15.3899886583216,0.0045
15.3999886372795,0.00529
15.4099886162374,0.00608
15.4199885951953,0.00687
15.4299885741533,0.00765
15.4399885531112,0.00842
15.4499885320691,0.0092
15.459988511027,0.00996
15.469988489985,0.01071
15.4799884689429,0.01145
15.4899884479008,0.01217
15.4999884268587,0.01286
15.5099884058167,0.01353
15.5199883847746,0.01418
15.5299883637325,0.01481
15.5399883426904,0.01542
15.5499883216484,0.016
15.5599883006063,0.01656
15.5699882795642,0.01711
15.5799882585221,0.01764
15.5899882374801,0.01815
15.599988216438,0.01866
15.6099881953959,0.01915
15.6199881743538,0.01964
15.6299881533118,0.02012
15.6399881322697,0.0206
15.6499881112276,0.02107
15.6599880901855,0.02154
15.6699880691435,0.02201
15.6799880481014,0.02248
15.6899880270593,0.02294
15.6999880060172,0.02342
15.7099879849752,0.02389
15.7199879639331,0.02436
15.729987942891,0.02484
15.7399879218489,0.02532
15.7499879008069,0.02581
15.7599878797648,0.02632
15.7699878587227,0.02683
15.7799878376806,0.02737
15.7899878166386,0.02793
15.7999877955965,0.02851
15.8099877745544,0.02911
15.8199877535123,0.02974
15.8299877324703,0.03039
15.8399877114282,0.03107
15.8499876903861,0.03177
15.859987669344,0.03249
15.869987648302,0.03323
15.8799876272599,0.03397
15.8899876062178,0.03473
15.8999875851757,0.0355
15.9099875641337,0.03626
15.9199875430916,0.03703
15.9299875220495,0.03781
15.9399875010074,0.03858
15.9499874799654,0.03936
15.9599874589233,0.04014
15.9699874378812,0.04092
15.9799874168391,0.0417
15.9899873957971,0.04247
15.999987374755,0.04325
16.0099873537129,0.04403
16.0199873326708,0.04481
16.0299873116288,0.04558
16.0399872905867,0.04636
16.0499872695446,0.04713
16.0599872485025,0.04791
16.0699872274605,0.04868
16.0799872064184,0.04945
16.0899871853763,0.05021
16.0999871643342,0.05097
16.1099871432922,0.05173
16.1199871222501,0.05248
16.129987101208,0.05322
16.1399870801659,0.05394
16.1499870591239,0.05465
16.1599870380818,0.05534
16.1699870170397,0.05602
16.1799869959976,0.05667
16.1899869749556,0.05729
16.1999869539135,0.05789
16.2099869328714,0.05847
16.2199869118293,0.05903
16.2299868907873,0.05957
16.2399868697452,0.06009
16.2499868487031,0.06061
16.259986827661,0.06111
16.269986806619,0.0616
16.2799867855769,0.06208
16.2899867645348,0.06256
16.2999867434927,0.06302
16.3099867224507,0.06349
16.3199867014086,0.06395
16.3299866803665,0.06441
16.3399866593244,0.06486
16.3499866382824,0.06532
16.3599866172403,0.06578
16.3699865961982,0.06625
16.3799865751561,0.06672
16.3899865541141,0.06719
16.399986533072,0.06767
16.4099865120299,0.06817
16.4199864909878,0.06867
16.4299864699458,0.06918
16.4399864489037,0.06971
16.4499864278616,0.07026
16.4599864068195,0.07082
16.4699863857775,0.07139
16.4799863647354,0.07199
16.4899863436933,0.07262
16.4999863226512,0.07327
16.5099863016092,0.07394
16.5199862805671,0.07462
16.529986259525,0.07532
16.5399862384829,0.07604
16.5499862174409,0.07675
16.5599861963988,0.07747
16.5699861753567,0.07819
16.5799861543146,0.07892
16.5899861332726,0.07964
16.5999861122305,0.08036
16.6099860911884,0.08109
16.6199860701463,0.08181
16.6299860491043,0.08253
16.6399860280622,0.08325
16.6499860070201,0.08398
16.659985985978,0.08471
16.669985964936,0.08544
16.6799859438939,0.08617
16.6899859228518,0.0869
16.6999859018097,0.08763
16.7099858807677,0.08836
16.7199858597256,0.08908
16.7299858386835,0.08981
16.7399858176414,0.09054
16.7499857965994,0.09126
16.7599857755573,0.09198
16.7699857545152,0.09269
16.7799857334731,0.0934
16.7899857124311,0.0941
16.799985691389,0.0948
16.8099856703469,0.09548
16.8199856493048,0.09614
16.8299856282628,0.09679
16.8399856072207,0.09742
16.8499855861786,0.09802
16.8599855651365,0.0986
16.8699855440945,0.09917
16.8799855230524,0.09971
16.8899855020103,0.10024
16.8999854809682,0.10074
16.9099854599262,0.10124
16.9199854388841,0.10172
16.929985417842,0.10219
16.9399853967999,0.10265
16.9499853757579,0.1031
16.9599853547158,0.10355
16.9699853336737,0.10399
16.9799853126316,0.10443
16.9899852915896,0.10487
16.9999852705475,0.1053
17.0099852495054,0.10573
17.0199852284633,0.10617
17.0299852074213,0.10661
17.0399851863792,0.10705
17.0499851653371,0.10749
17.059985144295,0.10794
17.069985123253,0.1084
17.0799851022109,0.10886
17.0899850811688,0.10934
17.0999850601267,0.10982
17.1099850390847,0.11033
17.1199850180426,0.11084
17.1299849970005,0.11137
17.1399849759584,0.11193
17.1499849549164,0.11249
17.1599849338743,0.11309
17.1699849128322,0.1137
17.1799848917901,0.11433
17.1899848707481,0.11498
17.199984849706,0.11564
17.2099848286639,0.1163
17.2199848076218,0.11698
17.2299847865798,0.11766
17.2399847655377,0.11834
17.2499847444956,0.11903
17.2599847234535,0.11972
17.2699847024115,0.1204
17.2799846813694,0.12109
17.2899846603273,0.12178
17.2999846392852,0.12246
17.3099846182432,0.12315
17.3199845972011,0.12383
17.329984576159,0.12451
17.3399845551169,0.12519
17.3499845340749,0.12587
17.3599845130328,0.12655
17.3699844919907,0.12722
17.3799844709486,0.1279
17.3899844499066,0.12857
17.3999844288645,0.12924
17.4099844078224,0.12991
17.4199843867803,0.13058
17.4299843657383,0.13125
17.4399843446962,0.1319
17.4499843236541,0.13256
17.459984302612,0.13321
17.46998428157,0.13385
17.4799842605279,0.13448
17.4899842394858,0.13509
17.4999842184437,0.13569
17.5099841974017,0.13626
17.5199841763596,0.13682
17.5299841553175,0.13736
17.5399841342754,0.13788
17.5499841132334,0.13838
17.5599840921913,0.13887
17.5699840711492,0.13934
17.5799840501071,0.1398
17.5899840290651,0.14024
17.599984008023,0.14068
17.6099839869809,0.14111
17.6199839659388,0.14153
17.6299839448968,0.14195
17.6399839238547,0.14236
17.6499839028126,0.14277
17.6599838817705,0.14317
17.6699838607285,0.14358
17.6799838396864,0.14399
17.6899838186443,0.14439
17.6999837976022,0.1448
17.7099837765602,0.14521
17.7199837555181,0.14563
17.729983734476,0.14605
17.7399837134339,0.14647
17.7499836923919,0.14691
17.7599836713498,0.14735
17.7699836503077,0.1478
17.7799836292656,0.14827
17.7899836082236,0.14875
17.7999835871815,0.14925
17.8099835661394,0.14976
17.8199835450973,0.1503
17.8299835240553,0.15084
17.8399835030132,0.15141
17.8499834819711,0.15198
17.859983460929,0.15258
17.869983439887,0.15318
17.8799834188449,0.15379
17.8899833978028,0.15441
17.8999833767607,0.15503
17.9099833557187,0.15565
17.9199833346766,0.15626
17.9299833136345,0.15688
17.9399832925924,0.1575
17.9499832715504,0.15812
17.9599832505083,0.15873
17.9699832294662,0.15935
17.9799832084241,0.15996
17.9899831873821,0.16057
17.99998316634,0.16118
18.0099831452979,0.16179
18.0199831242558,0.1624
18.0299831032138,0.16301
18.0399830821717,0.16361
18.0499830611296,0.16422
18.0599830400875,0.16482
18.0699830190455,0.16543
18.0799829980034,0.16603
18.0899829769613,0.16663
18.0999829559192,0.16722
18.1099829348772,0.16782
18.1199829138351,0.16841
18.129982892793,0.16899
18.1399828717509,0.16957
18.1499828507089,0.17014
18.1599828296668,0.17069
18.1699828086247,0.17123
18.1799827875826,0.17175
18.1899827665406,0.17225
18.1999827454985,0.17274
18.2099827244564,0.1732
18.2199827034143,0.17365
18.2299826823723,0.17409
18.2399826613302,0.17452
18.2499826402881,0.17493
18.259982619246,0.17534
18.269982598204,0.17573
18.2799825771619,0.17612
18.2899825561198,0.17651
18.2999825350777,0.17689
18.3099825140357,0.17726
18.3199824929936,0.17763
18.3299824719515,0.17801
18.3399824509094,0.17838
18.3499824298674,0.17875
18.3599824088253,0.17912
18.3699823877832,0.17949
18.3799823667411,0.17987
18.3899823456991,0.18024
18.399982324657,0.18063
18.4099823036149,0.18101
18.4199822825728,0.18141
18.4299822615308,0.18181
18.4399822404887,0.18223
18.4499822194466,0.18265
18.4599821984045,0.18309
18.4699821773625,0.18354
18.4799821563204,0.18401
18.4899821352783,0.18449
18.4999821142362,0.18498
18.5099820931942,0.18549
18.5199820721521,0.18601
18.52998205111,0.18653
18.5399820300679,0.18707
18.5499820090259,0.18761
18.5599819879838,0.18814
18.5699819669417,0.18868
18.5799819458996,0.18921
18.5899819248576,0.18974
18.5999819038155,0.19027
18.6099818827734,0.19079
18.6199818617313,0.19131
18.6299818406893,0.19182
18.6399818196472,0.19232
18.6499817986051,0.19282
18.659981777563,0.19331
18.669981756521,0.1938
18.6799817354789,0.19428
18.6899817144368,0.19475
18.6999816933947,0.19521
18.7099816723527,0.19566
18.7199816513106,0.1961
18.7299816302685,0.19653
18.7399816092264,0.19696
18.7499815881844,0.19737
18.7599815671423,0.19777
18.7699815461002,0.19817
18.7799815250581,0.19855
18.7899815040161,0.19893
18.799981482974,0.19929
18.8099814619319,0.19963
18.8199814408898,0.19997
18.8299814198478,0.20029
18.8399813988057,0.2006
18.8499813777636,0.20089
18.8599813567215,0.20116
18.8699813356795,0.20142
18.8799813146374,0.20167
18.8899812935953,0.2019
18.8999812725532,0.20212
18.9099812515112,0.20233
18.9199812304691,0.20254
18.929981209427,0.20273
18.9399811883849,0.20292
18.9499811673429,0.20309
18.9599811463008,0.20326
18.9699811252587,0.20343
18.9799811042166,0.20359
18.9899810831746,0.20375
18.9999810621325,0.2039
19.0099810410904,0.20405
19.0199810200483,0.2042
19.0299809990063,0.20434
19.0399809779642,0.20448
19.0499809569221,0.20462
19.05998093588,0.20476
19.069980914838,0.2049
19.0799808937959,0.20504
19.0899808727538,0.20518
19.0999808517117,0.20532
19.1099808306697,0.20545
19.1199808096276,0.20559
19.1299807885855,0.20573
19.1399807675434,0.20588
19.1499807465014,0.20604
19.1599807254593,0.20619
19.1699807044172,0.20634
19.1799806833751,0.2065
19.1899806623331,0.20665
19.199980641291,0.20681
19.2099806202489,0.20697
19.2199805992068,0.20713
19.2299805781648,0.20728
19.2399805571227,0.20743
19.2499805360806,0.20757
19.2599805150385,0.20771
19.2699804939965,0.20785
19.2799804729544,0.20799
19.2899804519123,0.20812
19.2999804308702,0.20824
19.3099804098282,0.20837
19.3199803887861,0.20849
19.329980367744,0.20861
19.3399803467019,0.20873
19.3499803256599,0.20884
19.3599803046178,0.20895
19.3699802835757,0.20905
19.3799802625336,0.20916
19.3899802414916,0.20926
19.3999802204495,0.20936
19.4099801994074,0.20946
19.4199801783653,0.20955
19.4299801573233,0.20964
19.4399801362812,0.20973
19.4499801152391,0.20982
19.459980094197,0.2099
19.469980073155,0.20999
19.4799800521129,0.21006
19.4899800310708,0.21014
19.4999800100287,0.21021
19.5099799889867,0.21028
19.5199799679446,0.21035
19.5299799469025,0.21041
19.5399799258604,0.21047
19.5499799048184,0.21053
19.5599798837763,0.21058
19.5699798627342,0.21064
19.5799798416921,0.21069
19.5899798206501,0.21074
19.599979799608,0.21079
19.6099797785659,0.21083
19.6199797575238,0.21088
19.6299797364818,0.21092
19.6399797154397,0.21096
19.6499796943976,0.21101
19.6599796733555,0.21105
19.6699796523135,0.21109
19.6799796312714,0.21113
19.6899796102293,0.21117
19.6999795891872,0.21121
19.7099795681452,0.21125
19.7199795471031,0.21129
19.729979526061,0.21133
19.7399795050189,0.21137
19.7499794839769,0.21141
19.7599794629348,0.21145
19.7699794418927,0.21149
19.7799794208506,0.21153
19.7899793998086,0.21157
19.7999793787665,0.21161
19.8099793577244,0.21166
19.8199793366823,0.2117
19.8299793156403,0.21175
19.8399792945982,0.2118
19.8499792735561,0.21185
19.859979252514,0.21189
19.869979231472,0.21193
19.8799792104299,0.21198
19.8899791893878,0.21203
19.8999791683457,0.21207
19.9099791473037,0.21211
19.9199791262616,0.21215
19.9299791052195,0.21219
19.9399790841774,0.21223
19.9499790631354,0.21226
19.9599790420933,0.2123
19.9699790210512,0.21233
19.9799790000091,0.21236
19.9899789789671,0.21239
19.999978957925,0.21242

