"Distance*$Poles/(3.14159265358979*($DiaGap []","FFT Distance*$Poles/(3.14159265358979*($DiaGap []","FFT Flux_Lines [] -  Time='0.01s'"
0,0,1.46655436363555E-07
0.0500000526052429,0.0500000526052429,0.217079170521898
0.100000105210486,0.100000105210486,1.60485579487373E-07
0.150000157815729,0.150000157815729,0.00127397944199592
0.200000210420971,0.200000210420971,9.75799490718311E-08
0.250000263026214,0.250000263026214,0.00317539713209394
0.300000315631457,0.300000315631457,4.0096438037922E-08
0.3500003682367,0.3500003682367,0.00242655360473456
0.400000420841943,0.400000420841943,8.67799291282817E-08
0.450000473447186,0.450000473447186,0.000759829502562771
0.500000526052429,0.500000526052429,1.63125416548403E-08
0.550000578657671,0.550000578657671,0.000218982875386741
0.600000631262914,0.600000631262914,6.20300222130449E-08
0.650000683868157,0.650000683868157,0.000454931185372319
0.7000007364734,0.7000007364734,1.13064484276234E-07
0.750000789078643,0.750000789078643,0.000273740122153626
0.800000841683886,0.800000841683886,1.13322300972922E-07
0.850000894289129,0.850000894289129,2.36322361388024E-06
0.900000946894371,0.900000946894371,1.2904313024217E-07
0.950000999499614,0.950000999499614,0.000151728525084174
1.00000105210486,1.00000105210486,2.00592499018516E-07
1.0500011047101,1.0500011047101,9.77940173747035E-05
1.10000115731534,1.10000115731534,1.87872233561631E-08
1.15000120992059,1.15000120992059,9.35156368613785E-05
1.20000126252583,1.20000126252583,4.82373932484534E-08
1.25000131513107,1.25000131513107,7.5230448471738E-06
1.30000136773631,1.30000136773631,6.40582911014188E-08
1.35000142034156,1.35000142034156,1.37574240312863E-05
1.4000014729468,1.4000014729468,8.50764825447263E-08
1.45000152555204,1.45000152555204,0.000916799721619409
1.50000157815729,1.50000157815729,1.69569921665919E-07
1.55000163076253,1.55000163076253,0.000928855106567979
1.60000168336777,1.60000168336777,9.09270694314199E-08
1.65000173597301,1.65000173597301,2.28524231574421E-06
1.70000178857826,1.70000178857826,1.22172625999376E-07
1.7500018411835,1.7500018411835,4.40444357327194E-05
1.80000189378874,1.80000189378874,6.60672338311279E-08
1.85000194639399,1.85000194639399,6.46698403407128E-05
1.90000199899923,1.90000199899923,1.69550213599413E-07
1.95000205160447,1.95000205160447,2.78254179047523E-05
2.00000210420971,2.00000210420971,1.09064855576065E-07
2.05000215681496,2.05000215681496,8.42208044816245E-06
2.1000022094202,2.1000022094202,7.49846544310404E-08
2.15000226202544,2.15000226202544,1.72939467671849E-05
2.20000231463069,2.20000231463069,8.4500280928537E-08
2.25000236723593,2.25000236723593,2.15427852582604E-05
2.30000241984117,2.30000241984117,4.60585815512311E-08
2.35000247244641,2.35000247244641,1.40184527619582E-05
2.40000252505166,2.40000252505166,8.66495985268044E-08
2.4500025776569,2.4500025776569,5.12230878616013E-06
2.50000263026214,2.50000263026214,2.6519992517303E-08
2.55000268286739,2.55000268286739,4.56628545828107E-06
2.60000273547263,2.60000273547263,7.64204212413745E-08
2.65000278807787,2.65000278807787,8.46492515424827E-06
2.70000284068311,2.70000284068311,9.89474694486546E-08
2.75000289328836,2.75000289328836,1.42982707000881E-05
2.8000029458936,2.8000029458936,4.88866053363567E-08
2.85000299849884,2.85000299849884,4.83275800415948E-06
2.90000305110409,2.90000305110409,9.28545561824936E-08
2.95000310370933,2.95000310370933,8.42077478310398E-05
3.00000315631457,3.00000315631457,6.68500749424382E-08
3.05000320891981,3.05000320891981,7.00149544022806E-05
3.10000326152506,3.10000326152506,4.27238280651618E-08
3.1500033141303,3.1500033141303,1.70902909504633E-06
3.20000336673554,3.20000336673554,2.62657312490249E-08
3.25000341934079,3.25000341934079,5.26708093833329E-06
3.30000347194603,3.30000347194603,7.59389332255124E-08
3.35000352455127,3.35000352455127,1.03070956506674E-06
3.40000357715651,3.40000357715651,7.42197767944697E-08
3.45000362976176,3.45000362976176,4.11165939427279E-06
3.500003682367,3.500003682367,3.19598645849788E-08
3.55000373497224,3.55000373497224,4.80750041011085E-06
3.60000378757749,3.60000378757749,2.38422675045091E-08
3.65000384018273,3.65000384018273,2.98295389966673E-06
3.70000389278797,3.70000389278797,1.01818769970807E-07
3.75000394539321,3.75000394539321,8.36966665780546E-07
3.80000399799846,3.80000399799846,7.2883843762787E-08
3.8500040506037,3.8500040506037,1.15798096782534E-06
3.90000410320894,3.90000410320894,1.03540428691462E-07
3.95000415581419,3.95000415581419,4.41774881531249E-07
4.00000420841943,4.00000420841943,4.07638636021467E-08
4.05000426102467,4.05000426102467,3.15986684592563E-07
4.10000431362991,4.10000431362991,4.7916005133005E-08
4.15000436623516,4.15000436623516,1.73106317557498E-06
4.2000044188404,4.2000044188404,5.53898361014092E-08
4.25000447144564,4.25000447144564,3.47748462460525E-06
4.30000452405088,4.30000452405088,1.06388480713209E-07
4.35000457665613,4.35000457665613,2.0720840593146E-07
4.40000462926137,4.40000462926137,6.91215545283651E-08
4.45000468186661,4.45000468186661,2.93476276398549E-05
4.50000473447186,4.50000473447186,3.58816470119037E-08
4.5500047870771,4.5500047870771,3.13346239423797E-05
4.60000483968234,4.60000483968234,7.51820050305886E-08
4.65000489228759,4.65000489228759,2.02969155659391E-06
4.70000494489283,4.70000494489283,1.52983639798243E-07
4.75000499749807,4.75000499749807,7.23120414941142E-07
4.80000505010331,4.80000505010331,1.46701077358937E-07
4.85000510270856,4.85000510270856,3.730526171762E-06
4.9000051553138,4.9000051553138,7.9349853478646E-08
4.95000520791904,4.95000520791904,7.07920510691698E-09
5.00000526052429,5.00000526052429,3.18628963495117E-08
5.05000531312953,5.05000531312953,8.09208554568623E-07
5.10000536573477,5.10000536573477,6.1340654271333E-08
5.15000541834001,5.15000541834001,2.17391293082431E-07
5.20000547094526,5.20000547094526,4.38275328176551E-08
5.2500055235505,5.2500055235505,3.63581823817053E-07
5.30000557615574,5.30000557615574,3.28690636994565E-08
5.35000562876098,5.35000562876098,4.14913814467657E-07
5.40000568136623,5.40000568136623,1.59950338750064E-07
5.45000573397147,5.45000573397147,5.80642296890786E-07
5.50000578657671,5.50000578657671,5.30209958817666E-08
5.55000583918196,5.55000583918196,5.81654473435772E-07
5.6000058917872,5.6000058917872,4.09433026161038E-08
5.65000594439244,5.65000594439244,1.25320059076865E-06
5.70000599699769,5.70000599699769,3.5766583237602E-08
5.75000604960293,5.75000604960293,3.4904109122005E-07
5.80000610220817,5.80000610220817,7.44714801840929E-08
5.85000615481341,5.85000615481341,3.3116301604158E-07
5.90000620741866,5.90000620741866,7.59049957946824E-08
5.9500062600239,5.9500062600239,7.50825708667857E-06
6.00000631262914,6.00000631262914,3.6693721645126E-08
6.05000636523438,6.05000636523438,5.92297534253886E-06
6.10000641783963,6.10000641783963,4.35792572589003E-08
6.15000647044487,6.15000647044487,5.39334691913481E-07
6.20000652305011,6.20000652305011,3.32399779166586E-08
6.25000657565536,6.25000657565536,5.11423428518411E-07
6.3000066282606,6.3000066282606,1.10952102813399E-07
6.35000668086584,6.35000668086584,2.7090312962343E-07
6.40000673347109,6.40000673347109,2.94408268168091E-08
6.45000678607633,6.45000678607633,1.28193259241184E-07
6.50000683868157,6.50000683868157,3.04256716371928E-08
6.55000689128681,6.55000689128681,3.00923324835984E-07
6.60000694389206,6.60000694389206,7.32027327116145E-08
6.6500069964973,6.6500069964973,2.61737567867044E-07
6.70000704910254,6.70000704910254,2.06814067181732E-07
6.75000710170779,6.75000710170779,8.64075576634195E-08
6.80000715431303,6.80000715431303,6.70217390850408E-08
6.85000720691827,6.85000720691827,3.36350999303274E-07
6.90000725952351,6.90000725952351,8.32521231584594E-08
6.95000731212876,6.95000731212876,7.82985070295136E-07
7.000007364734,7.000007364734,9.62171906095627E-08
7.05000741733924,7.05000741733924,9.1078073177963E-07
7.10000746994448,7.10000746994448,8.67230162483301E-08
7.15000752254973,7.15000752254973,4.30713606360115E-07
7.20000757515497,7.20000757515497,6.14356075307439E-08
7.25000762776021,7.25000762776021,8.20615929356761E-07
7.30000768036546,7.30000768036546,3.75052542733599E-08
7.3500077329707,7.3500077329707,3.60024605858445E-07
7.40000778557594,7.40000778557594,9.08670055276783E-08
7.45000783818119,7.45000783818119,3.29826604546602E-06
7.50000789078643,7.50000789078643,4.27775775661488E-08
7.55000794339167,7.55000794339167,3.53475808766859E-06
7.60000799599691,7.60000799599691,1.30648799939811E-07
7.65000804860216,7.65000804860216,7.10892517827285E-08
7.7000081012074,7.7000081012074,7.81350326440734E-08
7.75000815381264,7.75000815381264,1.8971006849182E-07
7.80000820641788,7.80000820641788,4.8232096132183E-08
7.85000825902313,7.85000825902313,2.11025532034034E-07
7.90000831162837,7.90000831162837,2.5547953571728E-07
7.95000836423361,7.95000836423361,3.918450827009E-07
8.00000841683886,8.00000841683886,7.48652456159753E-08
8.0500084694441,8.0500084694441,1.54072035938787E-08
8.10000852204934,8.10000852204934,9.87443097513887E-08
8.15000857465458,8.15000857465458,3.99053290567338E-07
8.20000862725983,8.20000862725983,4.20750380235684E-09
8.25000867986507,8.25000867986507,3.72610428981826E-07
8.30000873247031,8.30000873247031,8.37318392291358E-08
8.35000878507556,8.35000878507556,2.86863852791522E-07
8.4000088376808,8.4000088376808,4.51852764242814E-08
8.45000889028604,8.45000889028604,4.14753464564278E-07
8.50000894289128,8.50000894289128,1.42481763659043E-07
8.55000899549653,8.55000899549653,3.95626668809106E-07
8.60000904810177,8.60000904810177,8.25699953596405E-08
8.65000910070701,8.65000910070701,1.69527686834154E-07
8.70000915331226,8.70000915331226,8.81832623439611E-08
8.7500092059175,8.7500092059175,4.40582756746975E-08
8.80000925852274,8.80000925852274,1.37767912680383E-07
8.85000931112799,8.85000931112799,2.03561950580145E-07
8.90000936373323,8.90000936373323,1.1043334582479E-07
8.95000941633847,8.95000941633847,6.41099681646076E-07
9.00000946894371,9.00000946894371,3.85624305369471E-08
9.05000952154896,9.05000952154896,6.54222158607287E-07
9.1000095741542,9.1000095741542,9.509951836378E-08
9.15000962675944,9.15000962675944,5.50180713012631E-08
9.20000967936469,9.20000967936469,1.0718000602293E-07
9.25000973196993,9.25000973196993,1.36067404674174E-07
9.30000978457517,9.30000978457517,8.93356874988823E-08
9.35000983718041,9.35000983718041,2.73659790042675E-07
9.40000988978566,9.40000988978566,8.22108213289103E-08
9.4500099423909,9.4500099423909,4.30914338440645E-07
9.50000999499614,9.50000999499614,1.46335958067463E-07
9.55001004760138,9.55001004760138,1.98913744909041E-07
9.60001010020663,9.60001010020663,1.22976881055258E-07
9.65001015281187,9.65001015281187,1.64920894175284E-07
9.70001020541711,9.70001020541711,4.40714498240878E-08
9.75001025802236,9.75001025802236,4.87784536511819E-08
9.8000103106276,9.8000103106276,4.87659103766488E-08
9.85001036323284,9.85001036323284,2.23966863623359E-07
9.90001041583808,9.90001041583808,7.77299036870497E-08
9.95001046844333,9.95001046844333,1.89148057100225E-07
10.0000105210486,10.0000105210486,7.07516901958379E-08
10.0500105736538,10.0500105736538,7.95839905908531E-08
10.1000106262591,10.1000106262591,8.20620223482846E-08
10.1500106788643,10.1500106788643,4.84448307991837E-08
10.2000107314695,10.2000107314695,1.1430053361899E-07
10.2500107840748,10.2500107840748,2.49417151920792E-07
10.30001083668,10.30001083668,2.52731612096793E-08
10.3500108892853,10.3500108892853,6.27179066739483E-08
10.4000109418905,10.4000109418905,3.35645966571003E-08
10.4500109944958,10.4500109944958,5.68596117295055E-07
10.500011047101,10.500011047101,8.5887100062469E-08
10.5500110997062,10.5500110997062,7.2945219660878E-07
10.6000111523115,10.6000111523115,3.3568887097401E-08
10.6500112049167,10.6500112049167,1.28055083563815E-07
10.700011257522,10.700011257522,7.5934780690485E-08
10.7500113101272,10.7500113101272,1.38131378039833E-07
10.8000113627325,10.8000113627325,2.94828455703215E-08
10.8500114153377,10.8500114153377,1.15912684434359E-07
10.9000114679429,10.9000114679429,5.61845795149722E-08
10.9500115205482,10.9500115205482,2.26842802930377E-07
11.0000115731534,11.0000115731534,3.57335571908663E-08
11.0500116257587,11.0500116257587,2.11837113764301E-07
11.1000116783639,11.1000116783639,3.55510594746318E-08
11.1500117309692,11.1500117309692,5.44820700766818E-08
11.2000117835744,11.2000117835744,1.07098303094108E-07
11.2500118361796,11.2500118361796,9.77146306821536E-08
11.3000118887849,11.3000118887849,1.27862518879349E-07
11.3500119413901,11.3500119413901,2.88127690123333E-08
11.4000119939954,11.4000119939954,8.81102852864847E-08
11.4500120466006,11.4500120466006,2.08972908798406E-07
11.5000120992059,11.5000120992059,6.7151434719211E-08
11.5500121518111,11.5500121518111,1.01293669799047E-07
11.6000122044163,11.6000122044163,8.92205128697081E-08
11.6500122570216,11.6500122570216,2.35473485198016E-07
11.7000123096268,11.7000123096268,8.11903766666262E-08
11.7500123622321,11.7500123622321,1.44002914598234E-07
11.8000124148373,11.8000124148373,1.3451948414582E-07
11.8500124674426,11.8500124674426,1.556452567825E-07
11.9000125200478,11.9000125200478,7.20507318300847E-08
11.950012572653,11.950012572653,2.9437256819913E-07
12.0000126252583,12.0000126252583,6.63800905064938E-08
12.0500126778635,12.0500126778635,3.69071049002804E-07
12.1000127304688,12.1000127304688,6.04304112796826E-08
12.150012783074,12.150012783074,3.21152354003762E-07
12.2000128356793,12.2000128356793,3.94062476862512E-08
12.2500128882845,12.2500128882845,1.65425181867126E-07
12.3000129408897,12.3000129408897,1.14522892648999E-07
12.350012993495,12.350012993495,3.50924231472146E-07
12.4000130461002,12.4000130461002,1.23675386068017E-07
12.4500130987055,12.4500130987055,1.89120673834364E-07
12.5000131513107,12.5000131513107,1.29653889103746E-07
12.550013203916,12.550013203916,4.40732340093363E-07
12.6000132565212,12.6000132565212,2.14513670097819E-08
12.6500133091264,12.6500133091264,1.13668705484897E-07
12.7000133617317,12.7000133617317,1.20776562023468E-07
12.7500134143369,12.7500134143369,3.5982027986574E-07
12.8000134669422,12.8000134669422,1.52385847494496E-07
12.8500135195474,12.8500135195474,1.37300009760042E-07
12.9000135721527,12.9000135721527,7.68335301643622E-08
12.9500136247579,12.9500136247579,7.9199038698093E-08
13.0000136773631,13.0000136773631,8.64313775716358E-08
13.0500137299684,13.0500137299684,4.0496296608208E-08
13.1000137825736,13.1000137825736,4.43264289388895E-08
13.1500138351789,13.1500138351789,2.60227504641033E-07
13.2000138877841,13.2000138877841,1.24739242895557E-07
13.2500139403894,13.2500139403894,2.55129639474473E-07
13.3000139929946,13.3000139929946,2.66457325572581E-08
13.3500140455998,13.3500140455998,1.51950390483021E-07
13.4000140982051,13.4000140982051,6.12691036477465E-08
13.4500141508103,13.4500141508103,3.78306057288443E-07
13.5000142034156,13.5000142034156,1.09153194756381E-07
13.5500142560208,13.5500142560208,2.96519165602574E-07
13.6000143086261,13.6000143086261,6.73848534389828E-08
13.6500143612313,13.6500143612313,1.87005009376878E-07
13.7000144138365,13.7000144138365,5.15537134371296E-08
13.7500144664418,13.7500144664418,2.10364137090331E-07
13.800014519047,13.800014519047,9.95518850861565E-08
13.8500145716523,13.8500145716523,1.39222907327678E-07
13.9000146242575,13.9000146242575,1.09624530283239E-07
13.9500146768628,13.9500146768628,1.93537922772356E-07
14.000014729468,14.000014729468,4.0123540271474E-08
14.0500147820732,14.0500147820732,9.47121047981767E-08
14.1000148346785,14.1000148346785,7.97657514610502E-08
14.1500148872837,14.1500148872837,1.48158189445464E-07
14.200014939889,14.200014939889,3.19295226286903E-08
14.2500149924942,14.2500149924942,1.33349520565772E-07
14.3000150450995,14.3000150450995,9.91750869825901E-08
14.3500150977047,14.3500150977047,1.59989510284849E-07
14.4000151503099,14.4000151503099,1.11127535099006E-07
14.4500152029152,14.4500152029152,1.9915006969138E-07
14.5000152555204,14.5000152555204,1.28872525971324E-07
14.5500153081257,14.5500153081257,1.68413331712458E-07
14.6000153607309,14.6000153607309,1.14816936259737E-07
14.6500154133362,14.6500154133362,8.60377568105042E-08
14.7000154659414,14.7000154659414,1.36091284659638E-07
14.7500155185466,14.7500155185466,2.21663326568815E-07
14.8000155711519,14.8000155711519,1.47815151716411E-07
14.8500156237571,14.8500156237571,2.53669401189586E-07
14.9000156763624,14.9000156763624,1.74206987674053E-07
14.9500157289676,14.9500157289676,4.71139863945634E-08
15.0000157815729,15.0000157815729,5.61963383471376E-08
15.0500158341781,15.0500158341781,1.49413759933984E-07
15.1000158867833,15.1000158867833,8.7295206308443E-08
15.1500159393886,15.1500159393886,2.10995823493746E-07
15.2000159919938,15.2000159919938,4.66884349197577E-08
15.2500160445991,15.2500160445991,2.84499382475553E-07
15.3000160972043,15.3000160972043,6.52873887432508E-08
15.3500161498096,15.3500161498096,1.615669627344E-07
15.4000162024148,15.4000162024148,7.16268889763821E-08
15.45001625502,15.45001625502,1.83516968954103E-07
15.5000163076253,15.5000163076253,4.56491568417623E-08
15.5500163602305,15.5500163602305,4.40233959547417E-07
15.6000164128358,15.6000164128358,5.61512033833769E-08
15.650016465441,15.650016465441,3.01715299563156E-07
15.7000165180463,15.7000165180463,3.66255163349533E-08
15.7500165706515,15.7500165706515,9.87573127307085E-08
15.8000166232567,15.8000166232567,2.08683454938311E-08
15.850016675862,15.850016675862,3.43404499552903E-07
15.9000167284672,15.9000167284672,3.8691282249387E-08
15.9500167810725,15.9500167810725,3.84790997948015E-07
16.0000168336777,16.0000168336777,1.11446622393167E-07
16.050016886283,16.050016886283,4.52824326713197E-07
16.1000169388882,16.1000169388882,2.79868871983059E-08
16.1500169914934,16.1500169914934,3.07850971426436E-07
16.2000170440987,16.2000170440987,3.43556729223315E-08
16.2500170967039,16.2500170967039,2.11276847191536E-07
16.3000171493092,16.3000171493092,6.70295412967194E-08
16.3500172019144,16.3500172019144,1.3251972502823E-07
16.4000172545197,16.4000172545197,1.21139557292764E-07
16.4500173071249,16.4500173071249,5.26030753280715E-08
16.5000173597301,16.5000173597301,1.61684197683099E-07
16.5500174123354,16.5500174123354,3.81183512660383E-07
16.6000174649406,16.6000174649406,1.09212569859541E-07
16.6500175175459,16.6500175175459,1.63829083751695E-07
16.7000175701511,16.7000175701511,1.03670171146988E-07
16.7500176227564,16.7500176227564,2.0900678531936E-07
16.8000176753616,16.8000176753616,1.90895860472127E-08
16.8500177279668,16.8500177279668,9.36168498651762E-08
16.9000177805721,16.9000177805721,1.0355642436944E-07
16.9500178331773,16.9500178331773,8.42585006399877E-08
17.0000178857826,17.0000178857826,1.11108951742205E-07
17.0500179383878,17.0500179383878,1.25329859603884E-07
17.1000179909931,17.1000179909931,4.3518155701269E-08
17.1500180435983,17.1500180435983,6.60621944466123E-08
17.2000180962035,17.2000180962035,5.84644075601082E-08
17.2500181488088,17.2500181488088,1.3223567325925E-08
17.300018201414,17.300018201414,9.88484031797049E-08
17.3500182540193,17.3500182540193,8.81673971926856E-08
17.4000183066245,17.4000183066245,9.63593192789571E-08
17.4500183592298,17.4500183592298,1.19802264974401E-07
17.500018411835,17.500018411835,6.93486394733563E-08
17.5500184644402,17.5500184644402,4.77412805266512E-08
17.6000185170455,17.6000185170455,8.13244291796478E-08
17.6500185696507,17.6500185696507,7.18067911226244E-08
17.700018622256,17.700018622256,3.59771586399062E-08
17.7500186748612,17.7500186748612,1.36768272890479E-07
17.8000187274665,17.8000187274665,4.11042524812886E-08
17.8500187800717,17.8500187800717,1.56148274484322E-07
17.9000188326769,17.9000188326769,2.0876576534389E-08
17.9500188852822,17.9500188852822,1.01634743831685E-07
18.0000189378874,18.0000189378874,3.29523963041746E-08
18.0500189904927,18.0500189904927,5.82144919737808E-08
18.1000190430979,18.1000190430979,1.93187362255285E-07
18.1500190957032,18.1500190957032,7.4750262890145E-08
18.2000191483084,18.2000191483084,8.63949437909952E-08
18.2500192009136,18.2500192009136,1.32368271327607E-07
18.3000192535189,18.3000192535189,1.01297291228667E-07
18.3500193061241,18.3500193061241,9.0589331714333E-08
18.4000193587294,18.4000193587294,2.9174116447015E-08
18.4500194113346,18.4500194113346,1.00611688211018E-07
18.5000194639399,18.5000194639399,1.14010530017091E-07
18.5500195165451,18.5500195165451,2.19387078285636E-07
18.6000195691503,18.6000195691503,3.36594067313895E-08
18.6500196217556,18.6500196217556,2.07332546664606E-07
18.7000196743608,18.7000196743608,1.04654750361323E-07
18.7500197269661,18.7500197269661,1.1407274987006E-07
18.8000197795713,18.8000197795713,4.30140242068401E-08
18.8500198321766,18.8500198321766,1.69950637599008E-07
18.9000198847818,18.9000198847818,7.08047969920227E-08
18.950019937387,18.950019937387,1.40351694987147E-07
19.0000199899923,19.0000199899923,5.32959025317656E-08
19.0500200425975,19.0500200425975,2.01780551607655E-07
19.1000200952028,19.1000200952028,9.99067398586114E-08
19.150020147808,19.150020147808,1.76593283726745E-07
19.2000202004133,19.2000202004133,1.7705978243046E-08
19.2500202530185,19.2500202530185,1.5987786896289E-07
19.3000203056237,19.3000203056237,5.03007303214774E-08
19.350020358229,19.350020358229,1.05520853758818E-07
19.4000204108342,19.4000204108342,7.79114220483852E-08
19.4500204634395,19.4500204634395,6.43848667934813E-08
19.5000205160447,19.5000205160447,9.06942695202391E-08
19.55002056865,19.55002056865,1.44244295738882E-07
19.6000206212552,19.6000206212552,1.08674649540183E-07
19.6500206738604,19.6500206738604,9.16827243454546E-08
19.7000207264657,19.7000207264657,5.39752771043679E-08
19.7500207790709,19.7500207790709,5.52143524456414E-08
19.8000208316762,19.8000208316762,7.64237291695297E-08
19.8500208842814,19.8500208842814,2.01408373385254E-07
19.9000209368867,19.9000209368867,7.99827611071307E-08
19.9500209894919,19.9500209894919,1.29824581344232E-07
20.0000210420971,20.0000210420971,1.02200860242405E-07
20.0500210947024,20.0500210947024,7.8798371551792E-08
20.1000211473076,20.1000211473076,1.40867350707834E-07
20.1500211999129,20.1500211999129,7.38915073795594E-08
20.2000212525181,20.2000212525181,2.14160490471912E-07
20.2500213051234,20.2500213051234,1.72738590416018E-07
20.3000213577286,20.3000213577286,1.54310107871489E-07
20.3500214103338,20.3500214103338,1.21570544976721E-07
20.4000214629391,20.4000214629391,2.44860926139184E-08
20.4500215155443,20.4500215155443,4.88604872867333E-08
20.5000215681496,20.5000215681496,6.52873750440282E-08
20.5500216207548,20.5500216207548,1.03250406221919E-07
20.6000216733601,20.6000216733601,8.44529848880431E-08
20.6500217259653,20.6500217259653,3.37121215006592E-07
20.7000217785705,20.7000217785705,1.66234829238088E-07
20.7500218311758,20.7500218311758,1.37623095812094E-07
20.800021883781,20.800021883781,9.72500899742371E-08
20.8500219363863,20.8500219363863,4.75834917593833E-08
20.9000219889915,20.9000219889915,1.08981991680633E-08
20.9500220415968,20.9500220415968,1.09184565175926E-07
21.000022094202,21.000022094202,1.45475983685217E-07
21.0500221468072,21.0500221468072,2.37822498413829E-07
21.1000221994125,21.1000221994125,3.58914711318904E-08
21.1500222520177,21.1500222520177,2.09106235723271E-07
21.200022304623,21.200022304623,3.46028388379879E-08
21.2500223572282,21.2500223572282,1.84093336646395E-07
21.3000224098335,21.3000224098335,3.79190374538073E-08
21.3500224624387,21.3500224624387,1.91295819260422E-07
21.4000225150439,21.4000225150439,1.04968494669501E-07
21.4500225676492,21.4500225676492,1.52080011870036E-07
21.5000226202544,21.5000226202544,5.02396318340573E-08
21.5500226728597,21.5500226728597,2.21176259838535E-07
21.6000227254649,21.6000227254649,1.05895805476098E-07
21.6500227780702,21.6500227780702,1.37537452419109E-07
21.7000228306754,21.7000228306754,3.64687576023517E-08
21.7500228832806,21.7500228832806,1.40044010057146E-07
21.8000229358859,21.8000229358859,7.1981595829986E-08
21.8500229884911,21.8500229884911,1.01827624320102E-07
21.9000230410964,21.9000230410964,9.202085383626E-08
21.9500230937016,21.9500230937016,7.74617807678302E-08
22.0000231463069,22.0000231463069,1.33408015929596E-07
22.0500231989121,22.0500231989121,1.89298153339966E-07
22.1000232515173,22.1000232515173,1.39154055102124E-07
22.1500233041226,22.1500233041226,2.27098155261536E-07
22.2000233567278,22.2000233567278,7.89719541121782E-08
22.2500234093331,22.2500234093331,1.06454990530943E-07
22.3000234619383,22.3000234619383,9.48065014154607E-08
22.3500235145436,22.3500235145436,1.15483525810493E-07
22.4000235671488,22.4000235671488,1.67141245716207E-07
22.450023619754,22.450023619754,1.4677520154743E-07
22.5000236723593,22.5000236723593,6.24435136414801E-08
22.5500237249645,22.5500237249645,1.18900755234425E-07
22.6000237775698,22.6000237775698,6.89571273178891E-08
22.650023830175,22.650023830175,1.88559195030359E-07
22.7000238827803,22.7000238827803,4.85351260653512E-08
22.7500239353855,22.7500239353855,1.38573474533893E-07
22.8000239879907,22.8000239879907,1.24687086916983E-07
22.850024040596,22.850024040596,1.09105489585797E-07
22.9000240932012,22.9000240932012,8.96688030475656E-08
22.9500241458065,22.9500241458065,9.23927595364434E-08
23.0000241984117,23.0000241984117,1.35488228893788E-07
23.050024251017,23.050024251017,1.44056948416727E-07
23.1000243036222,23.1000243036222,4.60751464565622E-08
23.1500243562274,23.1500243562274,6.8817453200971E-08
23.2000244088327,23.2000244088327,5.36303975170689E-08
23.2500244614379,23.2500244614379,2.36971297683318E-08
23.3000245140432,23.3000245140432,1.49732293455834E-07
23.3500245666484,23.3500245666484,1.51556669072782E-07
23.4000246192537,23.4000246192537,4.76407684906549E-08
23.4500246718589,23.4500246718589,1.09276009651435E-07
23.5000247244641,23.5000247244641,4.13959178559509E-08
23.5500247770694,23.5500247770694,1.14216722128211E-07
23.6000248296746,23.6000248296746,1.62168340394578E-08
23.6500248822799,23.6500248822799,9.29758992343744E-08
23.7000249348851,23.7000249348851,7.9296625054106E-08
23.7500249874904,23.7500249874904,1.01470882152046E-07
23.8000250400956,23.8000250400956,5.60735403987426E-08
23.8500250927008,23.8500250927008,1.52113201046991E-07
23.9000251453061,23.9000251453061,3.96737841353849E-08
23.9500251979113,23.9500251979113,1.01918999818851E-07
24.0000252505166,24.0000252505166,1.31461746410224E-07
24.0500253031218,24.0500253031218,1.82894210822566E-07
24.1000253557271,24.1000253557271,1.52894614266451E-07
24.1500254083323,24.1500254083323,2.08492626706411E-07
24.2000254609375,24.2000254609375,3.83886715891349E-08
24.2500255135428,24.2500255135428,1.47186111837476E-07
24.300025566148,24.300025566148,1.59207443557128E-07
24.3500256187533,24.3500256187533,9.89180257602448E-08
24.4000256713585,24.4000256713585,7.7570890294138E-08
24.4500257239638,24.4500257239638,1.32117072911357E-07
24.500025776569,24.500025776569,3.37267305124448E-08
24.5500258291742,24.5500258291742,1.78869445800364E-07
24.6000258817795,24.6000258817795,3.69378212303105E-08
24.6500259343847,24.6500259343847,1.83960824487129E-07
24.70002598699,24.70002598699,8.0917102482284E-08
24.7500260395952,24.7500260395952,1.6944199793779E-07
24.8000260922005,24.8000260922005,1.47498153971394E-07
24.8500261448057,24.8500261448057,9.74833084456244E-08
24.9000261974109,24.9000261974109,5.08045891660083E-08
24.9500262500162,24.9500262500162,5.77193566792596E-08
25.0000263026214,25.0000263026214,2.92564475942776E-08
25.0500263552267,25.0500263552267,2.00337285489694E-07
25.1000264078319,25.1000264078319,8.38626365808984E-08
25.1500264604372,25.1500264604372,1.33397849022065E-07
25.2000265130424,25.2000265130424,6.42193690969873E-08
25.2500265656476,25.2500265656476,1.17114242289175E-07
25.3000266182529,25.3000266182529,5.62389780299185E-08
25.3500266708581,25.3500266708581,9.33684886438826E-08
25.4000267234634,25.4000267234634,8.46866490146038E-08
25.4500267760686,25.4500267760686,6.97560875914755E-08
25.5000268286739,25.5000268286739,1.10852331888267E-07
25.5500268812791,25.5500268812791,5.48330551120743E-08
25.6000269338843,25.6000269338843,5.73837651466517E-08
25.6500269864896,25.6500269864896,1.47507305535362E-07
25.7000270390948,25.7000270390948,2.6644165988248E-08
25.7500270917001,25.7500270917001,4.88771096067325E-08
25.8000271443053,25.8000271443053,6.1751763614815E-08
25.8500271969106,25.8500271969106,1.21123258716991E-07
25.9000272495158,25.9000272495158,1.50994648761705E-07
25.950027302121,25.950027302121,1.03510422612566E-07
26.0000273547263,26.0000273547263,6.80591248541542E-08
26.0500274073315,26.0500274073315,8.38435198088117E-08
26.1000274599368,26.1000274599368,1.11100440550477E-07
26.150027512542,26.150027512542,1.43630791600965E-07
26.2000275651473,26.2000275651473,2.7889786629676E-08
26.2500276177525,26.2500276177525,1.05421202558298E-07
26.3000276703577,26.3000276703577,1.26494762636416E-07
26.350027722963,26.350027722963,1.45667366778709E-07
26.4000277755682,26.4000277755682,1.00534782882331E-07
26.4500278281735,26.4500278281735,6.78633072229008E-08
26.5000278807787,26.5000278807787,3.8480319635051E-08
26.550027933384,26.550027933384,5.68384550035736E-08
26.6000279859892,26.6000279859892,1.40953660898893E-07
26.6500280385944,26.6500280385944,1.23694971810909E-07
26.7000280911997,26.7000280911997,8.09109403151278E-08
26.7500281438049,26.7500281438049,5.20443777868246E-08
26.8000281964102,26.8000281964102,3.344601370409E-08
26.8500282490154,26.8500282490154,1.12477488892056E-07
26.9000283016207,26.9000283016207,8.59803098761178E-08
26.9500283542259,26.9500283542259,4.06765570629867E-08
27.0000284068311,27.0000284068311,3.03300222592887E-08
27.0500284594364,27.0500284594364,4.36692399907591E-08
27.1000285120416,27.1000285120416,1.07852623713803E-07
27.1500285646469,27.1500285646469,4.76122673305241E-08
27.2000286172521,27.2000286172521,1.25947788111367E-07
27.2500286698574,27.2500286698574,1.70067110336786E-07
27.3000287224626,27.3000287224626,4.2489235908941E-08
27.3500287750678,27.3500287750678,1.07076639242477E-07
27.4000288276731,27.4000288276731,1.45443869457933E-07
27.4500288802783,27.4500288802783,2.32885194071713E-07
27.5000289328836,27.5000289328836,1.59029124577768E-07
27.5500289854888,27.5500289854888,1.12247582581116E-07
27.6000290380941,27.6000290380941,1.62408562502237E-07
27.6500290906993,27.6500290906993,6.56018912000666E-08
27.7000291433045,27.7000291433045,2.76311844476909E-08
27.7500291959098,27.7500291959098,1.50786705696036E-07
27.800029248515,27.800029248515,2.67966699217469E-08
27.8500293011203,27.8500293011203,9.54017327122746E-08
27.9000293537255,27.9000293537255,6.56389097186655E-08
27.9500294063308,27.9500294063308,4.16743374659588E-08
28.000029458936,28.000029458936,6.63546369563536E-08
28.0500295115412,28.0500295115412,1.12530762468736E-07
28.1000295641465,28.1000295641465,3.98220230061592E-08
28.1500296167517,28.1500296167517,5.09321250864488E-08
28.200029669357,28.200029669357,3.92468218141179E-08
28.2500297219622,28.2500297219622,3.46727630777429E-08
28.3000297745675,28.3000297745675,7.48919689768826E-08
28.3500298271727,28.3500298271727,8.78018060259465E-08
28.4000298797779,28.4000298797779,5.35150586775196E-08
28.4500299323832,28.4500299323832,1.17282751148044E-07
28.5000299849884,28.5000299849884,9.6043744922803E-08
28.5500300375937,28.5500300375937,9.69769023581258E-08
28.6000300901989,28.6000300901989,9.23079462312564E-08
28.6500301428042,28.6500301428042,2.70034286116583E-08
28.7000301954094,28.7000301954094,1.03572308251493E-07
28.7500302480146,28.7500302480146,1.14733596179677E-07
28.8000303006199,28.8000303006199,4.22538583588301E-08
28.8500303532251,28.8500303532251,9.65124742210467E-08
28.9000304058304,28.9000304058304,8.03569433442664E-08
28.9500304584356,28.9500304584356,2.04405607877765E-08
29.0000305110409,29.0000305110409,5.93194912692137E-08
29.0500305636461,29.0500305636461,6.31823960993945E-08
29.1000306162513,29.1000306162513,4.31475785131099E-08
29.1500306688566,29.1500306688566,4.76598471543008E-08
29.2000307214618,29.2000307214618,7.39689725653019E-08
29.2500307740671,29.2500307740671,1.37268803270383E-07
29.3000308266723,29.3000308266723,1.28844235548542E-07
29.3500308792776,29.3500308792776,1.11291202858665E-07
29.4000309318828,29.4000309318828,8.62936024518721E-08
29.450030984488,29.450030984488,7.99719705418435E-08
29.5000310370933,29.5000310370933,6.92832728002423E-08
29.5500310896985,29.5500310896985,7.3971959205409E-08
29.6000311423038,29.6000311423038,1.22461309923341E-07
29.650031194909,29.650031194909,8.75759736841503E-08
29.7000312475143,29.7000312475143,9.17802304478888E-08
29.7500313001195,29.7500313001195,7.38790201995755E-08
29.8000313527247,29.8000313527247,4.51928180111911E-08
29.85003140533,29.85003140533,7.70613040843278E-08
29.9000314579352,29.9000314579352,1.27406503136162E-07
29.9500315105405,29.9500315105405,2.31661702815589E-08
30.0000315631457,30.0000315631457,7.54536113996404E-08
30.050031615751,30.050031615751,5.41675253278362E-08
30.1000316683562,30.1000316683562,4.01159041449464E-08
30.1500317209614,30.1500317209614,9.1456975016794E-08
30.2000317735667,30.2000317735667,2.43755993818631E-08
30.2500318261719,30.2500318261719,9.81469136885354E-08
30.3000318787772,30.3000318787772,3.38383224360195E-08
30.3500319313824,30.3500319313824,1.77738760912014E-08
30.4000319839877,30.4000319839877,7.39522779000486E-08
30.4500320365929,30.4500320365929,1.76356848265501E-08
30.5000320891981,30.5000320891981,1.80523332983649E-08
30.5500321418034,30.5500321418034,1.01926229755192E-07
30.6000321944086,30.6000321944086,9.95648922371368E-08
30.6500322470139,30.6500322470139,3.25717855056522E-08
30.7000322996191,30.7000322996191,1.29817876645202E-07
30.7500323522244,30.7500323522244,6.20422159496344E-08
30.8000324048296,30.8000324048296,9.28276920568437E-08
30.8500324574348,30.8500324574348,1.4894578328609E-07
30.9000325100401,30.9000325100401,1.29424194125028E-07
30.9500325626453,30.9500325626453,1.13648295913147E-07
31.0000326152506,31.0000326152506,8.95907892264295E-08
31.0500326678558,31.0500326678558,7.03361170370105E-08
31.1000327204611,31.1000327204611,9.29840573369891E-08
31.1500327730663,31.1500327730663,5.28465389050599E-08
31.2000328256715,31.2000328256715,4.19782080659117E-08
31.2500328782768,31.2500328782768,6.37730718856791E-08
31.300032930882,31.300032930882,2.29883966219942E-08
31.3500329834873,31.3500329834873,7.99864227989946E-08
31.4000330360925,31.4000330360925,5.70373869435943E-08
31.4500330886978,31.4500330886978,7.1295141550927E-08
31.500033141303,31.500033141303,1.20356179737561E-07
31.5500331939082,31.5500331939082,3.22869921562036E-08
31.6000332465135,31.6000332465135,7.65095354341483E-08
31.6500332991187,31.6500332991187,9.33567241569631E-08
31.700033351724,31.700033351724,7.22977562759444E-08
31.7500334043292,31.7500334043292,1.19531853321492E-08
31.8000334569345,31.8000334569345,3.57059820078717E-08
31.8500335095397,31.8500335095397,9.6110290016381E-08
31.9000335621449,31.9000335621449,4.30516972634712E-08
31.9500336147502,31.9500336147502,6.58399352975536E-08
32.0000336673554,32.0000336673554,1.21478577806316E-08
32.0500337199607,32.0500337199607,1.0989364739604E-08
32.1000337725659,32.1000337725659,1.1691159756331E-07
32.1500338251712,32.1500338251712,1.59418967254219E-07
32.2000338777764,32.2000338777764,8.47582513883332E-08
32.2500339303816,32.2500339303816,3.11857292782347E-08
32.3000339829869,32.3000339829869,6.3863216388499E-09
32.3500340355921,32.3500340355921,9.15332622790268E-08
32.4000340881974,32.4000340881974,1.19064380888678E-07
32.4500341408026,32.4500341408026,5.18889716646069E-08
32.5000341934079,32.5000341934079,7.32683332353093E-08
32.5500342460131,32.5500342460131,1.09639526000455E-07
32.6000342986183,32.6000342986183,4.26058704714272E-08
32.6500343512236,32.6500343512236,1.39997221765622E-07
32.7000344038288,32.7000344038288,1.18445496629556E-07
32.7500344564341,32.7500344564341,1.8732729335438E-07
32.8000345090393,32.8000345090393,5.83017897585436E-08
32.8500345616446,32.8500345616446,3.54596676839704E-08
32.9000346142498,32.9000346142498,9.40471155770193E-08
32.950034666855,32.950034666855,1.15348937141537E-07
33.0000347194603,33.0000347194603,1.02107126391691E-07
33.0500347720655,33.0500347720655,6.54418156404889E-08
33.1000348246708,33.1000348246708,2.52583498699427E-08
33.150034877276,33.150034877276,5.6090261312176E-08
33.2000349298813,33.2000349298813,1.15508254689279E-08
33.2500349824865,33.2500349824865,7.50086896037265E-08
33.3000350350917,33.3000350350917,5.03040778952835E-08
33.350035087697,33.350035087697,1.31807755876784E-07
33.4000351403022,33.4000351403022,7.43180714882052E-08
33.4500351929075,33.4500351929075,3.31976434179175E-08
33.5000352455127,33.5000352455127,7.60286485749017E-08
33.550035298118,33.550035298118,1.59252243838097E-07
33.6000353507232,33.6000353507232,7.54530535812355E-08
33.6500354033284,33.6500354033284,4.73893367295123E-08
33.7000354559337,33.7000354559337,7.09433842040482E-08
33.7500355085389,33.7500355085389,1.29965012059149E-07
33.8000355611442,33.8000355611442,1.69368367690915E-07
33.8500356137494,33.8500356137494,1.25253516903339E-07
33.9000356663547,33.9000356663547,5.61846708220663E-08
33.9500357189599,33.9500357189599,8.61499151942137E-08
34.0000357715651,34.0000357715651,2.66871201770116E-08
34.0500358241704,34.0500358241704,7.57527564830515E-08
34.1000358767756,34.1000358767756,8.72591623609015E-08
34.1500359293809,34.1500359293809,6.6228574890411E-08
34.2000359819861,34.2000359819861,2.64038330585795E-08
34.2500360345914,34.2500360345914,1.01405547788704E-07
34.3000360871966,34.3000360871966,7.29313994772141E-08
34.3500361398018,34.3500361398018,8.77199171965035E-08
34.4000361924071,34.4000361924071,1.02739510457377E-07
34.4500362450123,34.4500362450123,4.08650823517647E-08
34.5000362976176,34.5000362976176,4.55035864444569E-08
34.5500363502228,34.5500363502228,7.75111058527943E-08
34.6000364028281,34.6000364028281,4.86737197178227E-08
34.6500364554333,34.6500364554333,2.44858085556885E-08
34.7000365080385,34.7000365080385,1.03172271728951E-07
34.7500365606438,34.7500365606438,5.87654003573572E-08
34.800036613249,34.800036613249,6.95382712384083E-09
34.8500366658543,34.8500366658543,1.81458410433634E-07
34.9000367184595,34.9000367184595,1.66025807912528E-07
34.9500367710648,34.9500367710648,1.37999326891052E-07
35.00003682367,35.00003682367,4.97441823768383E-08
35.0500368762752,35.0500368762752,1.49962183831669E-08
35.1000369288805,35.1000369288805,7.64869103733908E-08
35.1500369814857,35.1500369814857,1.43846570576613E-07
35.200037034091,35.200037034091,8.99468162437111E-08
35.2500370866962,35.2500370866962,7.36997697896988E-08
35.3000371393015,35.3000371393015,6.38045625004633E-08
35.3500371919067,35.3500371919067,9.31811101070695E-08
35.4000372445119,35.4000372445119,5.82981990825527E-08
35.4500372971172,35.4500372971172,1.70623935374151E-07
35.5000373497224,35.5000373497224,1.15865942037287E-07
35.5500374023277,35.5500374023277,1.72350018686208E-07
35.6000374549329,35.6000374549329,4.85959380401175E-08
35.6500375075382,35.6500375075382,2.0073849553762E-07
35.7000375601434,35.7000375601434,1.10987580794022E-07
35.7500376127486,35.7500376127486,4.97096801200165E-08
35.8000376653539,35.8000376653539,9.42548693559493E-08
35.8500377179591,35.8500377179591,5.00967488944834E-08
35.9000377705644,35.9000377705644,1.26569127250544E-07
35.9500378231696,35.9500378231696,2.20866830095493E-07
36.0000378757749,36.0000378757749,1.07961884535623E-07
36.0500379283801,36.0500379283801,8.96941201805433E-08
36.1000379809853,36.1000379809853,8.61425337313533E-08
36.1500380335906,36.1500380335906,5.42175429296547E-08
36.2000380861958,36.2000380861958,6.53599253045429E-08
36.2500381388011,36.2500381388011,1.61938976008855E-07
36.3000381914063,36.3000381914063,1.28623329775527E-07
36.3500382440116,36.3500382440116,1.59987877303309E-07
36.4000382966168,36.4000382966168,1.14850717500578E-07
36.450038349222,36.450038349222,7.86326287749878E-08
36.5000384018273,36.5000384018273,7.91681516547367E-08
36.5500384544325,36.5500384544325,9.67647195632979E-08
36.6000385070378,36.6000385070378,6.39382775583286E-08
36.650038559643,36.650038559643,1.10924952157823E-07
36.7000386122483,36.7000386122483,1.33977012898251E-07
36.7500386648535,36.7500386648535,1.19525044785973E-07
36.8000387174587,36.8000387174587,1.09766728091605E-07
36.850038770064,36.850038770064,7.28513108313103E-08
36.9000388226692,36.9000388226692,6.39070165425314E-08
36.9500388752745,36.9500388752745,1.70333118631943E-07
37.0000389278797,37.0000389278797,1.22655874296458E-07
37.050038980485,37.050038980485,1.08719719953562E-08
37.1000390330902,37.1000390330902,5.60309904927362E-08
37.1500390856954,37.1500390856954,8.97040551177146E-08
37.2000391383007,37.2000391383007,1.11797887183912E-07
37.2500391909059,37.2500391909059,1.38533014450095E-07
37.3000392435112,37.3000392435112,1.22657833636617E-07
37.3500392961164,37.3500392961164,9.79002804555707E-08
37.4000393487217,37.4000393487217,7.5988127678236E-08
37.4500394013269,37.4500394013269,4.61299949737299E-08
37.5000394539321,37.5000394539321,7.00715262002617E-08
37.5500395065374,37.5500395065374,5.08662600262996E-08
37.6000395591426,37.6000395591426,6.43263828888426E-08
37.6500396117479,37.6500396117479,1.1866675802286E-07
37.7000396643531,37.7000396643531,2.55625005362394E-08
37.7500397169584,37.7500397169584,6.60523161225115E-08
37.8000397695636,37.8000397695636,9.88604337907665E-08
37.8500398221688,37.8500398221688,1.0121160219015E-07
37.9000398747741,37.9000398747741,5.97892571230647E-08
37.9500399273793,37.9500399273793,9.26608170589963E-08
38.0000399799846,38.0000399799846,9.41603100162863E-08
38.0500400325898,38.0500400325898,1.09047156028384E-07
38.1000400851951,38.1000400851951,1.00812683926681E-07
38.1500401378003,38.1500401378003,6.27040668570581E-08
38.2000401904055,38.2000401904055,9.58999173177073E-08
38.2500402430108,38.2500402430108,1.88935767651955E-07
38.300040295616,38.300040295616,5.98178169282292E-08
38.3500403482213,38.3500403482213,8.23214007962713E-08
38.4000404008265,38.4000404008265,8.29589337399095E-08
38.4500404534318,38.4500404534318,2.23821840280302E-08
38.500040506037,38.500040506037,6.73399698854514E-08
38.5500405586422,38.5500405586422,5.39995166298E-08
38.6000406112475,38.6000406112475,1.28905100906045E-07
38.6500406638527,38.6500406638527,1.76608501550929E-07
38.700040716458,38.700040716458,4.72027833274115E-08
38.7500407690632,38.7500407690632,3.54092145416103E-08
38.8000408216685,38.8000408216685,1.18272502752362E-07
38.8500408742737,38.8500408742737,1.13816661991079E-07
38.9000409268789,38.9000409268789,8.89171511750935E-08
38.9500409794842,38.9500409794842,1.48504129380691E-08
39.0000410320894,39.0000410320894,4.72651186399938E-08
39.0500410846947,39.0500410846947,1.08412242371464E-07
39.1000411372999,39.1000411372999,9.75204577399462E-08
39.1500411899052,39.1500411899052,5.57804515018982E-08
39.2000412425104,39.2000412425104,6.96768776332308E-08
39.2500412951156,39.2500412951156,4.03797419446971E-08
39.3000413477209,39.3000413477209,5.14434742286142E-08
39.3500414003261,39.3500414003261,1.09949166856573E-07
39.4000414529314,39.4000414529314,1.11329305144322E-07
39.4500415055366,39.4500415055366,1.14497627107574E-07
39.5000415581419,39.5000415581419,1.56817150972402E-07
39.5500416107471,39.5500416107471,3.25025872559573E-08
39.6000416633523,39.6000416633523,5.81857965038224E-08
39.6500417159576,39.6500417159576,1.71568099968979E-07
39.7000417685628,39.7000417685628,1.98675319862322E-07
39.7500418211681,39.7500418211681,1.16214432374777E-07
39.8000418737733,39.8000418737733,5.86724229870097E-08
39.8500419263786,39.8500419263786,1.04246148703784E-07
39.9000419789838,39.9000419789838,4.89619877194751E-08
39.950042031589,39.950042031589,1.01541783499312E-07
40.0000420841943,40.0000420841943,1.03519497642147E-07
40.0500421367995,40.0500421367995,9.40913436578858E-08
40.1000421894048,40.1000421894048,1.32488278086941E-07
40.15004224201,40.15004224201,1.8164468282335E-07
40.2000422946153,40.2000422946153,5.5884703595826E-08
40.2500423472205,40.2500423472205,1.64208229056619E-07
40.3000423998257,40.3000423998257,1.90479298344381E-07
40.350042452431,40.350042452431,3.11061254622484E-08
40.4000425050362,40.4000425050362,1.97984574419701E-07
40.4500425576415,40.4500425576415,1.83800464530709E-07
40.5000426102467,40.5000426102467,5.65759582763639E-08
40.550042662852,40.550042662852,1.1796530858225E-07
40.6000427154572,40.6000427154572,1.0936366811147E-07
40.6500427680624,40.6500427680624,9.20853430444623E-08
40.7000428206677,40.7000428206677,4.84990392079956E-08
40.7500428732729,40.7500428732729,8.61426085903345E-08
40.8000429258782,40.8000429258782,1.2690672504027E-07
40.8500429784834,40.8500429784834,9.15889012771958E-08
40.9000430310887,40.9000430310887,1.00489558195013E-07
40.9500430836939,40.9500430836939,6.70201287170893E-08
41.0000431362991,41.0000431362991,1.27057188888577E-07
41.0500431889044,41.0500431889044,7.4570409126641E-08
41.1000432415096,41.1000432415096,1.27128531771676E-07
41.1500432941149,41.1500432941149,1.47468927985043E-07
41.2000433467201,41.2000433467201,1.62647726137436E-07
41.2500433993253,41.2500433993253,7.81086858279117E-08
41.3000434519306,41.3000434519306,5.72062477600235E-08
41.3500435045358,41.3500435045358,8.74168937394408E-08
41.4000435571411,41.4000435571411,8.26518914112913E-08
41.4500436097463,41.4500436097463,9.68470218223907E-08
41.5000436623516,41.5000436623516,8.14795071731031E-08
41.5500437149568,41.5500437149568,1.02076924663562E-07
41.6000437675621,41.6000437675621,7.05254022649095E-08
41.6500438201673,41.6500438201673,2.03416707863255E-08
41.7000438727725,41.7000438727725,5.03172400126327E-08
41.7500439253778,41.7500439253778,1.83604152750942E-08
41.800043977983,41.800043977983,5.8986684545413E-08
41.8500440305883,41.8500440305883,6.91496685034407E-08
41.9000440831935,41.9000440831935,8.58131215517598E-08
41.9500441357988,41.9500441357988,3.65456736984876E-09
42.000044188404,42.000044188404,4.60923405891301E-08
42.0500442410092,42.0500442410092,5.07506875054198E-08
42.1000442936145,42.1000442936145,4.61045737074427E-08
42.1500443462197,42.1500443462197,7.32258814888341E-08
42.200044398825,42.200044398825,3.17168289478528E-08
42.2500444514302,42.2500444514302,9.37363720421476E-08
42.3000445040355,42.3000445040355,5.17641389378668E-08
42.3500445566407,42.3500445566407,5.73874020772932E-08
42.4000446092459,42.4000446092459,7.36363024851972E-08
42.4500446618512,42.4500446618512,9.62277472086581E-08
42.5000447144564,42.5000447144564,9.22302339853445E-08
42.5500447670617,42.5500447670617,1.42081938088945E-07
42.6000448196669,42.6000448196669,8.24205521512418E-08
42.6500448722722,42.6500448722722,6.13676965956188E-08
42.7000449248774,42.7000449248774,1.30115346597362E-07
42.7500449774826,42.7500449774826,1.10278424959737E-07
42.8000450300879,42.8000450300879,4.41451023270218E-08
42.8500450826931,42.8500450826931,5.47258537690503E-08
42.9000451352984,42.9000451352984,1.04438852181256E-07
42.9500451879036,42.9500451879036,1.27217211853208E-07
43.0000452405089,43.0000452405089,4.16817868394763E-08
43.0500452931141,43.0500452931141,6.49057384930815E-08
43.1000453457193,43.1000453457193,7.39751211839608E-08
43.1500453983246,43.1500453983246,2.88978185353556E-08
43.2000454509298,43.2000454509298,1.41470412817642E-08
43.2500455035351,43.2500455035351,1.10573011999363E-08
43.3000455561403,43.3000455561403,7.45189725101822E-08
43.3500456087456,43.3500456087456,1.35030951215848E-07
43.4000456613508,43.4000456613508,1.43470095374791E-07
43.450045713956,43.450045713956,5.26933482665869E-08
43.5000457665613,43.5000457665613,7.75135079606805E-08
43.5500458191665,43.5500458191665,6.3307680434446E-08
43.6000458717718,43.6000458717718,8.05557270738139E-08
43.650045924377,43.650045924377,1.29629805196842E-07
43.7000459769823,43.7000459769823,2.99753364774675E-08
43.7500460295875,43.7500460295875,6.3802860634504E-08
43.8000460821927,43.8000460821927,1.29538803680711E-07
43.850046134798,43.850046134798,1.13222850667693E-07
43.9000461874032,43.9000461874032,8.19184286979831E-08
43.9500462400085,43.9500462400085,7.99976723715608E-08
44.0000462926137,44.0000462926137,5.25318139930072E-08
44.050046345219,44.050046345219,6.47903421396616E-08
44.1000463978242,44.1000463978242,9.26752425511011E-08
44.1500464504294,44.1500464504294,1.73903205464501E-07
44.2000465030347,44.2000465030347,1.17193159174376E-07
44.2500465556399,44.2500465556399,4.13358976374481E-08
44.3000466082452,44.3000466082452,5.66252216934239E-08
44.3500466608504,44.3500466608504,9.23110580984988E-08
44.4000467134557,44.4000467134557,1.29972383405565E-08
44.4500467660609,44.4500467660609,6.95109512247409E-08
44.5000468186661,44.5000468186661,5.47125413962709E-08
44.5500468712714,44.5500468712714,1.04357858122569E-07
44.6000469238766,44.6000469238766,1.43615915397971E-07
44.6500469764819,44.6500469764819,1.0637166991128E-07
44.7000470290871,44.7000470290871,6.16489076622452E-08
44.7500470816924,44.7500470816924,2.31298010616696E-08
44.8000471342976,44.8000471342976,2.75255512482315E-08
44.8500471869028,44.8500471869028,8.36177969563983E-08
44.9000472395081,44.9000472395081,1.69413173505617E-07
44.9500472921133,44.9500472921133,1.30923126457601E-07
45.0000473447186,45.0000473447186,9.84628445865895E-08
45.0500473973238,45.0500473973238,8.80675456000005E-08
45.1000474499291,45.1000474499291,7.87395144532707E-08
45.1500475025343,45.1500475025343,7.80294623266108E-08
45.2000475551395,45.2000475551395,1.68275767015564E-08
45.2500476077448,45.2500476077448,6.84588978124052E-08
45.30004766035,45.30004766035,1.50969367749721E-07
45.3500477129553,45.3500477129553,1.81275035873699E-07
45.4000477655605,45.4000477655605,6.95322390684699E-08
45.4500478181657,45.4500478181657,3.16606206448075E-08
45.500047870771,45.500047870771,5.4137457402307E-08
45.5500479233762,45.5500479233762,9.39269390041097E-08
45.6000479759815,45.6000479759815,9.36626998786653E-08
45.6500480285867,45.6500480285867,5.0923939513602E-08
45.700048081192,45.700048081192,6.90096786762761E-08
45.7500481337972,45.7500481337972,7.58620851448471E-08
45.8000481864024,45.8000481864024,7.56201599271051E-08
45.8500482390077,45.8500482390077,4.92688416868685E-08
45.9000482916129,45.9000482916129,8.221102952708E-08
45.9500483442182,45.9500483442182,7.15434696582549E-08
46.0000483968234,46.0000483968234,8.35985019745439E-08
46.0500484494287,46.0500484494287,1.08826747298063E-07
46.1000485020339,46.1000485020339,1.70205219299876E-07
46.1500485546392,46.1500485546392,1.26749516628572E-07
46.2000486072444,46.2000486072444,2.23874134317227E-08
46.2500486598496,46.2500486598496,9.59452770687568E-08
46.3000487124549,46.3000487124549,4.50068584907261E-08
46.3500487650601,46.3500487650601,5.32457893178161E-09
46.4000488176654,46.4000488176654,4.9313141856954E-08
46.4500488702706,46.4500488702706,5.83951919350625E-08
46.5000489228759,46.5000489228759,6.18812098412181E-08
46.5500489754811,46.5500489754811,1.83841638354657E-07
46.6000490280863,46.6000490280863,1.40925417934088E-07
46.6500490806916,46.6500490806916,7.65017447147581E-08
46.7000491332968,46.7000491332968,1.13921457331471E-07
46.7500491859021,46.7500491859021,1.87820197435835E-07
46.8000492385073,46.8000492385073,1.24013042070408E-07
46.8500492911126,46.8500492911126,2.73776627951937E-08
46.9000493437178,46.9000493437178,4.32721025889722E-09
46.950049396323,46.950049396323,6.14319224454234E-08
47.0000494489283,47.0000494489283,9.34124460756639E-08
47.0500495015335,47.0500495015335,1.08558233843482E-07
47.1000495541388,47.1000495541388,3.19406057530438E-08
47.150049606744,47.150049606744,7.6904627897168E-08
47.2000496593493,47.2000496593493,1.11162065150208E-07
47.2500497119545,47.2500497119545,1.58125497778773E-07
47.3000497645597,47.3000497645597,1.29622310012424E-07
47.350049817165,47.350049817165,1.30214995568278E-07
47.4000498697702,47.4000498697702,9.35298590282588E-08
47.4500499223755,47.4500499223755,4.11805862019111E-08
47.5000499749807,47.5000499749807,7.26312353677895E-08
47.550050027586,47.550050027586,3.28466463610834E-08
47.6000500801912,47.6000500801912,3.68645745443614E-08
47.6500501327964,47.6500501327964,5.14914095634126E-08
47.7000501854017,47.7000501854017,5.98293572367772E-08
47.7500502380069,47.7500502380069,1.41480636275902E-07
47.8000502906122,47.8000502906122,8.70206075368625E-08
47.8500503432174,47.8500503432174,1.92885211440312E-08
47.9000503958227,47.9000503958227,9.63005089020377E-08
47.9500504484279,47.9500504484279,8.81505589299912E-08
48.0000505010331,48.0000505010331,3.63151720851297E-08
48.0500505536384,48.0500505536384,9.1613152531476E-08
48.1000506062436,48.1000506062436,1.03994572304478E-07
48.1500506588489,48.1500506588489,1.06109904023774E-07
48.2000507114541,48.2000507114541,4.24924928861897E-08
48.2500507640594,48.2500507640594,1.00848961301503E-07
48.3000508166646,48.3000508166646,1.26070772339666E-07
48.3500508692698,48.3500508692698,1.03677144796807E-07
48.4000509218751,48.4000509218751,4.98261019869599E-08
48.4500509744803,48.4500509744803,7.42529965289918E-08
48.5000510270856,48.5000510270856,3.95721386530136E-08
48.5500510796908,48.5500510796908,6.80784786179255E-08
48.6000511322961,48.6000511322961,9.89713246335323E-08
48.6500511849013,48.6500511849013,4.88566943389469E-08
48.7000512375065,48.7000512375065,2.42114191756254E-08
48.7500512901118,48.7500512901118,1.02243166373118E-07
48.800051342717,48.800051342717,1.54736563046702E-07
48.8500513953223,48.8500513953223,9.60958033365671E-08
48.9000514479275,48.9000514479275,1.12794261092621E-07
48.9500515005328,48.9500515005328,1.70911523242757E-07
49.000051553138,49.000051553138,1.96647171893778E-07
49.0500516057432,49.0500516057432,2.07378110142727E-07
49.1000516583485,49.1000516583485,1.94145260451253E-07
49.1500517109537,49.1500517109537,1.56090193919181E-07
49.200051763559,49.200051763559,1.75098004391521E-07
49.2500518161642,49.2500518161642,1.62063595191505E-07
49.3000518687695,49.3000518687695,5.72543467440051E-08
49.3500519213747,49.3500519213747,5.30784929225205E-08
49.4000519739799,49.4000519739799,2.16537565440076E-08
49.4500520265852,49.4500520265852,1.00094128799045E-07
49.5000520791904,49.5000520791904,1.21483068392832E-07
49.5500521317957,49.5500521317957,1.13463846765327E-07
49.6000521844009,49.6000521844009,7.97936458483575E-08
49.6500522370062,49.6500522370062,2.65283223680145E-08
49.7000522896114,49.7000522896114,9.20694872752775E-08
49.7500523422166,49.7500523422166,1.94285717532096E-07
49.8000523948219,49.8000523948219,1.09615927450602E-07
49.8500524474271,49.8500524474271,9.42685620157938E-08
49.9000525000324,49.9000525000324,1.13456189958027E-07
49.9500525526376,49.9500525526376,8.90918720980311E-08
50.0000526052428,50.0000526052428,1.58630804784239E-08
