"Distance*$Poles/(3.14159265358979*($DiaGap []","FFT Distance*$Poles/(3.14159265358979*($DiaGap []","FFT Flux_Lines [] -  Time='0.02s'"
0,0,9.22811370711951E-08
0.0500000413709692,0.0500000413709692,0.212059053482994
0.100000082741938,0.100000082741938,1.14473443265376E-07
0.150000124112908,0.150000124112908,0.0047217974323883
0.200000165483877,0.200000165483877,7.3475354138949E-08
0.250000206854846,0.250000206854846,0.000141652622361022
0.300000248225815,0.300000248225815,9.80701118599178E-08
0.350000289596785,0.350000289596785,0.000953516673975327
0.400000330967754,0.400000330967754,5.76346261944635E-08
0.450000372338723,0.450000372338723,0.000995726900757321
0.500000413709692,0.500000413709692,7.80408680300456E-08
0.550000455080662,0.550000455080662,0.000491179261946146
0.600000496451631,0.600000496451631,2.31178413957161E-08
0.6500005378226,0.6500005378226,7.77625769180335E-05
0.700000579193569,0.700000579193569,3.89698248575757E-08
0.750000620564538,0.750000620564538,0.000111468745514926
0.800000661935508,0.800000661935508,6.04305840180246E-08
0.850000703306477,0.850000703306477,0.000132007582485655
0.900000744677446,0.900000744677446,5.25942736231521E-08
0.950000786048415,0.950000786048415,7.75780332109396E-05
1.00000082741938,1.00000082741938,5.56746685534938E-08
1.05000086879035,1.05000086879035,3.26857390494425E-05
1.10000091016132,1.10000091016132,1.33355409285462E-07
1.15000095153229,1.15000095153229,7.01505835802011E-05
1.20000099290326,1.20000099290326,1.50056256982606E-07
1.25000103427423,1.25000103427423,4.01307777159565E-05
1.3000010756452,1.3000010756452,4.18244044537832E-08
1.35000111701617,1.35000111701617,9.11610492254061E-06
1.40000115838714,1.40000115838714,6.76816120511032E-08
1.45000119975811,1.45000119975811,0.000428561652690695
1.50000124112908,1.50000124112908,7.72316823759332E-08
1.55000128250005,1.55000128250005,0.000405067802432237
1.60000132387102,1.60000132387102,7.51410632911553E-08
1.65000136524198,1.65000136524198,1.82664750227562E-05
1.70000140661295,1.70000140661295,1.04557757029818E-07
1.75000144798392,1.75000144798392,7.22763530843968E-06
1.80000148935489,1.80000148935489,7.65278939218325E-08
1.85000153072586,1.85000153072586,6.42628970748805E-06
1.90000157209683,1.90000157209683,8.81565262774803E-08
1.9500016134678,1.9500016134678,7.61491105245739E-06
2.00000165483877,2.00000165483877,1.78737925400114E-07
2.05000169620974,2.05000169620974,5.69391851874712E-07
2.10000173758071,2.10000173758071,8.19623101778504E-08
2.15000177895168,2.15000177895168,1.31348204670624E-06
2.20000182032265,2.20000182032265,9.39993244635514E-08
2.25000186169362,2.25000186169362,6.58898462630771E-06
2.30000190306458,2.30000190306458,5.77778908775588E-08
2.35000194443555,2.35000194443555,5.40037147787624E-06
2.40000198580652,2.40000198580652,5.4035724528248E-08
2.45000202717749,2.45000202717749,3.38835445719057E-06
2.50000206854846,2.50000206854846,8.26932461859993E-08
2.55000210991943,2.55000210991943,4.50707147198659E-06
2.6000021512904,2.6000021512904,7.09409759670292E-08
2.65000219266137,2.65000219266137,1.47685150693002E-06
2.70000223403234,2.70000223403234,2.02046442657407E-07
2.75000227540331,2.75000227540331,5.70817080462598E-07
2.80000231677428,2.80000231677428,8.37339594969732E-08
2.85000235814525,2.85000235814525,5.43902152249711E-06
2.90000239951622,2.90000239951622,5.74053887710848E-08
2.95000244088718,2.95000244088718,7.64758408518646E-05
3.00000248225815,3.00000248225815,1.72813757866435E-07
3.05000252362912,3.05000252362912,6.96299630864928E-05
3.10000256500009,3.10000256500009,1.1071513281462E-07
3.15000260637106,3.15000260637106,5.79841106951682E-06
3.20000264774203,3.20000264774203,4.26703785132523E-08
3.250002689113,3.250002689113,1.36127728922683E-06
3.30000273048397,3.30000273048397,6.50863367674778E-08
3.35000277185494,3.35000277185494,7.03680992775994E-07
3.40000281322591,3.40000281322591,9.40254386381038E-08
3.45000285459688,3.45000285459688,3.56136532194983E-06
3.50000289596785,3.50000289596785,3.87325830593135E-08
3.55000293733882,3.55000293733882,5.6418742835084E-07
3.60000297870978,3.60000297870978,3.96724552218996E-08
3.65000302008075,3.65000302008075,6.55330976625952E-07
3.70000306145172,3.70000306145172,8.40656827078046E-08
3.75000310282269,3.75000310282269,2.82294060976673E-08
3.80000314419366,3.80000314419366,8.79324763250951E-08
3.85000318556463,3.85000318556463,7.52372649922361E-07
3.9000032269356,3.9000032269356,1.20536188709109E-07
3.95000326830657,3.95000326830657,3.90387073616284E-07
4.00000330967754,4.00000330967754,1.60120451238336E-07
4.05000335104851,4.05000335104851,3.18365781989416E-07
4.10000339241948,4.10000339241948,1.35388133323629E-07
4.15000343379045,4.15000343379045,4.61485494810553E-07
4.20000347516142,4.20000347516142,3.616036013225E-08
4.25000351653238,4.25000351653238,8.56520059665684E-08
4.30000355790335,4.30000355790335,1.31172585354322E-07
4.35000359927432,4.35000359927432,1.25280658910189E-06
4.40000364064529,4.40000364064529,7.844465497201E-08
4.45000368201626,4.45000368201626,2.41666096705302E-06
4.50000372338723,4.50000372338723,1.33763290637243E-07
4.5500037647582,4.5500037647582,1.40529247920535E-06
4.60000380612917,4.60000380612917,1.42285493151368E-07
4.65000384750014,4.65000384750014,1.76095315794988E-06
4.70000388887111,4.70000388887111,6.99174073171787E-08
4.75000393024208,4.75000393024208,6.93067726502068E-07
4.80000397161305,4.80000397161305,6.13873677850433E-09
4.85000401298401,4.85000401298401,1.70732838793633E-07
4.90000405435498,4.90000405435498,2.63887615303228E-08
4.95000409572595,4.95000409572595,1.46170318616457E-07
5.00000413709692,5.00000413709692,1.8835467686451E-07
5.05000417846789,5.05000417846789,1.2416313977739E-07
5.10000421983886,5.10000421983886,1.5133142730709E-08
5.15000426120983,5.15000426120983,1.67904416667316E-07
5.2000043025808,5.2000043025808,2.03413992144162E-08
5.25000434395177,5.25000434395177,1.66104234391099E-07
5.30000438532274,5.30000438532274,3.00958152440984E-08
5.35000442669371,5.35000442669371,1.53053414210932E-07
5.40000446806468,5.40000446806468,8.51448707798043E-08
5.45000450943565,5.45000450943565,1.18226141271825E-07
5.50000455080662,5.50000455080662,1.61754928558883E-07
5.55000459217758,5.55000459217758,8.41065393481782E-08
5.60000463354855,5.60000463354855,4.44356652690514E-08
5.65000467491952,5.65000467491952,5.38878674953353E-07
5.70000471629049,5.70000471629049,9.46737862047818E-08
5.75000475766146,5.75000475766146,5.31661798234204E-07
5.80000479903243,5.80000479903243,6.0095800775511E-08
5.8500048404034,5.8500048404034,5.23464431366013E-08
5.90000488177437,5.90000488177437,1.16883055965072E-07
5.95000492314534,5.95000492314534,3.16640087442688E-06
6.00000496451631,6.00000496451631,1.23084473732792E-07
6.05000500588728,6.05000500588728,3.0328550877758E-06
6.10000504725825,6.10000504725825,1.08001811188186E-07
6.15000508862922,6.15000508862922,2.96361994461271E-07
6.20000513000018,6.20000513000018,4.04332488290478E-08
6.25000517137115,6.25000517137115,3.43776192669986E-08
6.30000521274212,6.30000521274212,1.02754950940457E-07
6.35000525411309,6.35000525411309,2.10465635282408E-07
6.40000529548406,6.40000529548406,6.55522114888114E-08
6.45000533685503,6.45000533685503,1.11876843776174E-07
6.500005378226,6.500005378226,7.44133596481952E-08
6.55000541959697,6.55000541959697,3.85939791161892E-08
6.60000546096794,6.60000546096794,2.21761262137641E-08
6.65000550233891,6.65000550233891,1.50875824042372E-07
6.70000554370988,6.70000554370988,8.42739529832995E-08
6.75000558508085,6.75000558508085,1.54686162956698E-07
6.80000562645182,6.80000562645182,7.54380839381796E-08
6.85000566782278,6.85000566782278,8.67851179044245E-08
6.90000570919375,6.90000570919375,8.76266056639132E-08
6.95000575056472,6.95000575056472,2.69364561516823E-07
7.00000579193569,7.00000579193569,1.58457319336724E-07
7.05000583330666,7.05000583330666,1.37836423133683E-07
7.10000587467763,7.10000587467763,3.09631110551591E-08
7.1500059160486,7.1500059160486,9.8473228962066E-08
7.20000595741957,7.20000595741957,9.5479541774812E-08
7.25000599879054,7.25000599879054,5.26659766407588E-08
7.30000604016151,7.30000604016151,3.79593441590889E-08
7.35000608153248,7.35000608153248,1.08730051928545E-07
7.40000612290345,7.40000612290345,1.30768822685699E-08
7.45000616427442,7.45000616427442,6.10994763899939E-07
7.50000620564538,7.50000620564538,5.79397328245649E-08
7.55000624701635,7.55000624701635,6.85743498500788E-07
7.60000628838732,7.60000628838732,6.11678205843756E-08
7.65000632975829,7.65000632975829,9.57766604964869E-08
7.70000637112926,7.70000637112926,7.30133403477617E-08
7.75000641250023,7.75000641250023,5.06812573133686E-08
7.8000064538712,7.8000064538712,6.40538602520696E-08
7.85000649524217,7.85000649524217,1.38594772001732E-07
7.90000653661314,7.90000653661314,8.27007027532314E-08
7.95000657798411,7.95000657798411,2.30912856496108E-07
8.00000661935508,8.00000661935508,8.69466380866338E-08
8.05000666072605,8.05000666072605,2.02196142589374E-07
8.10000670209702,8.10000670209702,2.78394642336322E-08
8.15000674346799,8.15000674346799,2.34359709907871E-07
8.20000678483895,8.20000678483895,1.49017744769757E-07
8.25000682620992,8.25000682620992,5.79488590820962E-08
8.30000686758089,8.30000686758089,9.87037857261041E-08
8.35000690895186,8.35000690895186,9.56468888045878E-08
8.40000695032283,8.40000695032283,6.55444044285675E-08
8.4500069916938,8.4500069916938,6.83941554779157E-08
8.50000703306477,8.50000703306477,9.90938313160627E-08
8.55000707443574,8.55000707443574,8.43440114532916E-08
8.60000711580671,8.60000711580671,7.14565575716112E-08
8.65000715717768,8.65000715717768,7.50925283619652E-08
8.70000719854865,8.70000719854865,4.2249068858622E-08
8.75000723991961,8.75000723991961,3.65942630747588E-08
8.80000728129058,8.80000728129058,1.18329590819164E-08
8.85000732266155,8.85000732266155,1.15326729694381E-07
8.90000736403252,8.90000736403252,1.6819622942175E-07
8.95000740540349,8.95000740540349,1.45929655627745E-07
9.00000744677446,9.00000744677446,6.48653159162678E-08
9.05000748814543,9.05000748814543,4.8896470911759E-07
9.1000075295164,9.1000075295164,4.85728379129038E-08
9.15000757088737,9.15000757088737,1.39566107789288E-07
9.20000761225834,9.20000761225834,1.66453787600884E-07
9.25000765362931,9.25000765362931,1.27969442639441E-07
9.30000769500028,9.30000769500028,4.84328206658983E-08
9.35000773637125,9.35000773637125,6.49732699953114E-08
9.40000777774222,9.40000777774222,5.54220113568837E-08
9.45000781911318,9.45000781911318,8.91245776494061E-08
9.50000786048415,9.50000786048415,3.6692495041858E-08
9.55000790185512,9.55000790185512,7.71955953189094E-08
9.60000794322609,9.60000794322609,7.48717273194903E-08
9.65000798459706,9.65000798459706,3.29396759766445E-08
9.70000802596803,9.70000802596803,5.82845267447561E-08
9.750008067339,9.750008067339,7.16140186654463E-09
9.80000810870997,9.80000810870997,9.08642521915561E-08
9.85000815008094,9.85000815008094,1.21809516254329E-07
9.90000819145191,9.90000819145191,1.60855099595691E-07
9.95000823282288,9.95000823282288,2.07044506667407E-07
10.0000082741938,10.0000082741938,1.08821765499011E-07
10.0500083155648,10.0500083155648,1.4769811805693E-07
10.1000083569358,10.1000083569358,1.01732299071637E-07
10.1500083983068,10.1500083983068,4.74576723345189E-08
10.2000084396777,10.2000084396777,8.35188131098156E-08
10.2500084810487,10.2500084810487,1.0834139151371E-07
10.3000085224197,10.3000085224197,1.93012848984521E-07
10.3500085637906,10.3500085637906,3.55720232819765E-07
10.4000086051616,10.4000086051616,1.72271580501345E-07
10.4500086465326,10.4500086465326,2.46207769257273E-07
10.5000086879035,10.5000086879035,5.71866760378995E-08
10.5500087292745,10.5500087292745,2.53534628052474E-07
10.6000087706455,10.6000087706455,6.84240348472432E-08
10.6500088120164,10.6500088120164,7.90219630192476E-08
10.7000088533874,10.7000088533874,7.92967569630946E-08
10.7500088947584,10.7500088947584,1.22174736250282E-07
10.8000089361294,10.8000089361294,4.92454246038873E-08
10.8500089775003,10.8500089775003,1.19594926270619E-07
10.9000090188713,10.9000090188713,1.01963662508604E-07
10.9500090602423,10.9500090602423,7.23930689830124E-08
11.0000091016132,11.0000091016132,3.90245361128613E-08
11.0500091429842,11.0500091429842,6.47635155528156E-08
11.1000091843552,11.1000091843552,8.7612672210779E-08
11.1500092257261,11.1500092257261,1.28667226607849E-07
11.2000092670971,11.2000092670971,1.53632438973236E-07
11.2500093084681,11.2500093084681,8.10400940104533E-08
11.300009349839,11.300009349839,3.55321486558276E-08
11.35000939121,11.35000939121,1.0112611989897E-07
11.400009432581,11.400009432581,9.6947190623155E-08
11.450009473952,11.450009473952,2.58664594475679E-07
11.5000095153229,11.5000095153229,9.11300431783095E-08
11.5500095566939,11.5500095566939,2.50080039718166E-07
11.6000095980649,11.6000095980649,1.36298380902697E-08
11.6500096394358,11.6500096394358,1.83473453607994E-07
11.7000096808068,11.7000096808068,4.17881201424374E-08
11.7500097221778,11.7500097221778,8.68534749210205E-08
11.8000097635487,11.8000097635487,7.00541348571805E-08
11.8500098049197,11.8500098049197,9.93455365355085E-08
11.9000098462907,11.9000098462907,1.12677066680177E-07
11.9500098876616,11.9500098876616,1.79979331921779E-07
12.0000099290326,12.0000099290326,8.2661750579236E-08
12.0500099704036,12.0500099704036,4.90127083175971E-07
12.1000100117746,12.1000100117746,2.2567660686355E-08
12.1500100531455,12.1500100531455,2.30109301513023E-07
12.2000100945165,12.2000100945165,4.34007739499846E-08
12.2500101358875,12.2500101358875,3.40812426039418E-08
12.3000101772584,12.3000101772584,4.95172173258412E-08
12.3500102186294,12.3500102186294,8.50270641174218E-08
12.4000102600004,12.4000102600004,8.60841388143955E-08
12.4500103013713,12.4500103013713,3.12924952618099E-07
12.5000103427423,12.5000103427423,9.27327146187217E-08
12.5500103841133,12.5500103841133,1.76596055832926E-07
12.6000104254842,12.6000104254842,2.73282054716127E-08
12.6500104668552,12.6500104668552,1.03120050145662E-07
12.7000105082262,12.7000105082262,1.89573681070528E-08
12.7500105495972,12.7500105495972,2.30210093268167E-07
12.8000105909681,12.8000105909681,1.89821103951298E-07
12.8500106323391,12.8500106323391,2.15509409154087E-07
12.9000106737101,12.9000106737101,1.17973007098278E-07
12.950010715081,12.950010715081,5.92604996702183E-08
13.000010756452,13.000010756452,1.0847917500506E-07
13.050010797823,13.050010797823,2.95619681631216E-07
13.1000108391939,13.1000108391939,1.16127498830765E-07
13.1500108805649,13.1500108805649,3.37040415455085E-07
13.2000109219359,13.2000109219359,1.31078813896765E-07
13.2500109633068,13.2500109633068,2.42894627031863E-07
13.3000110046778,13.3000110046778,3.3754179360265E-08
13.3500110460488,13.3500110460488,1.9069562935033E-07
13.4000110874198,13.4000110874198,2.65006935798884E-08
13.4500111287907,13.4500111287907,1.31296499510401E-07
13.5000111701617,13.5000111701617,6.11452531559914E-08
13.5500112115327,13.5500112115327,2.47543674128533E-07
13.6000112529036,13.6000112529036,5.00786989057032E-08
13.6500112942746,13.6500112942746,9.51795726166788E-08
13.7000113356456,13.7000113356456,8.15069310220422E-09
13.7500113770165,13.7500113770165,7.07042928961598E-08
13.8000114183875,13.8000114183875,4.6180304048293E-08
13.8500114597585,13.8500114597585,8.55279534314471E-08
13.9000115011294,13.9000115011294,4.54693874665849E-08
13.9500115425004,13.9500115425004,2.11422222248828E-07
14.0000115838714,14.0000115838714,9.47657464573437E-08
14.0500116252424,14.0500116252424,3.47652072875698E-07
14.1000116666133,14.1000116666133,1.19941824574376E-07
14.1500117079843,14.1500117079843,1.04063773561499E-07
14.2000117493553,14.2000117493553,9.95807772491883E-08
14.2500117907262,14.2500117907262,2.92025754802581E-07
14.3000118320972,14.3000118320972,5.50358098124203E-08
14.3500118734682,14.3500118734682,3.70974156238697E-07
14.4000119148391,14.4000119148391,6.16742836806362E-08
14.4500119562101,14.4500119562101,4.66474251332984E-08
14.5000119975811,14.5000119975811,1.21318965531281E-07
14.550012038952,14.550012038952,2.09654486550778E-07
14.600012080323,14.600012080323,7.95977361722714E-08
14.650012121694,14.650012121694,3.32425344745179E-07
14.700012163065,14.700012163065,6.48814968799717E-08
14.7500122044359,14.7500122044359,3.27320239497538E-07
14.8000122458069,14.8000122458069,7.73889492705862E-08
14.8500122871779,14.8500122871779,1.67890878382538E-07
14.9000123285488,14.9000123285488,5.54743797340234E-08
14.9500123699198,14.9500123699198,8.10691724010706E-08
15.0000124112908,15.0000124112908,5.68775142101833E-08
15.0500124526617,15.0500124526617,4.01075284820075E-08
15.1000124940327,15.1000124940327,9.42532563188959E-08
15.1500125354037,15.1500125354037,1.71102141407914E-07
15.2000125767746,15.2000125767746,8.53246335509852E-08
15.2500126181456,15.2500126181456,4.42478932254106E-08
15.3000126595166,15.3000126595166,4.26089804291343E-08
15.3500127008876,15.3500127008876,1.06590508448953E-07
15.4000127422585,15.4000127422585,2.06942236165319E-08
15.4500127836295,15.4500127836295,1.13575437925979E-07
15.5000128250005,15.5000128250005,3.81219642830012E-08
15.5500128663714,15.5500128663714,2.61650019137064E-07
15.6000129077424,15.6000129077424,9.00577713488535E-08
15.6500129491134,15.6500129491134,1.68541469683819E-07
15.7000129904843,15.7000129904843,1.07412174356555E-07
15.7500130318553,15.7500130318553,6.36819765488126E-08
15.8000130732263,15.8000130732263,7.05627297066552E-08
15.8500131145972,15.8500131145972,2.74205716230401E-07
15.9000131559682,15.9000131559682,1.5942883891515E-08
15.9500131973392,15.9500131973392,1.91325279745603E-07
16.0000132387102,16.0000132387102,9.20861662560324E-08
16.0500132800811,16.0500132800811,6.13962859551041E-07
16.1000133214521,16.1000133214521,4.42374824097109E-08
16.1500133628231,16.1500133628231,3.6062808912126E-07
16.200013404194,16.200013404194,7.91557368728317E-08
16.250013445565,16.250013445565,3.77364041028058E-08
16.300013486936,16.300013486936,8.49543207720618E-08
16.3500135283069,16.3500135283069,1.69984347986619E-07
16.4000135696779,16.4000135696779,1.03124254500095E-07
16.4500136110489,16.4500136110489,1.39095964678467E-07
16.5000136524198,16.5000136524198,7.82858533279803E-08
16.5500136937908,16.5500136937908,2.18550226302325E-07
16.6000137351618,16.6000137351618,8.20322751202283E-08
16.6500137765328,16.6500137765328,8.29221631546032E-08
16.7000138179037,16.7000138179037,1.26490298320258E-07
16.7500138592747,16.7500138592747,3.15098732384076E-08
16.8000139006457,16.8000139006457,1.00613762210341E-07
16.8500139420166,16.8500139420166,1.33211524790038E-07
16.9000139833876,16.9000139833876,7.43092481515221E-08
16.9500140247586,16.9500140247586,9.74402570285541E-08
17.0000140661295,17.0000140661295,8.58904075140362E-08
17.0500141075005,17.0500141075005,2.91839124764301E-07
17.1000141488715,17.1000141488715,6.88591358605058E-08
17.1500141902424,17.1500141902424,1.21140605336864E-07
17.2000142316134,17.2000142316134,3.25525802849952E-08
17.2500142729844,17.2500142729844,1.08099670109606E-07
17.3000143143554,17.3000143143554,9.19031558682898E-08
17.3500143557263,17.3500143557263,1.14003161722561E-07
17.4000143970973,17.4000143970973,8.43871560816344E-08
17.4500144384683,17.4500144384683,1.86845614600354E-07
17.5000144798392,17.5000144798392,4.51537841751175E-08
17.5500145212102,17.5500145212102,1.14199655406328E-07
17.6000145625812,17.6000145625812,9.76008188390052E-08
17.6500146039521,17.6500146039521,9.98330239487811E-08
17.7000146453231,17.7000146453231,6.93844954117691E-08
17.7500146866941,17.7500146866941,8.4466572729678E-08
17.800014728065,17.800014728065,4.22562749144129E-08
17.850014769436,17.850014769436,1.33651217415053E-07
17.900014810807,17.900014810807,1.79326848772595E-07
17.950014852178,17.950014852178,4.74970554868174E-08
18.0000148935489,18.0000148935489,4.98426150603967E-08
18.0500149349199,18.0500149349199,1.60868886490555E-07
18.1000149762909,18.1000149762909,1.41865250022532E-07
18.1500150176618,18.1500150176618,1.38764851888695E-07
18.2000150590328,18.2000150590328,6.16386020858674E-08
18.2500151004038,18.2500151004038,5.63651508814656E-08
18.3000151417747,18.3000151417747,4.78557846219549E-08
18.3500151831457,18.3500151831457,3.12915623914401E-08
18.4000152245167,18.4000152245167,3.50488151314676E-08
18.4500152658876,18.4500152658876,7.50552157312265E-08
18.5000153072586,18.5000153072586,1.26428376646342E-07
18.5500153486296,18.5500153486296,1.24723042508435E-07
18.6000153900006,18.6000153900006,1.20903267346258E-07
18.6500154313715,18.6500154313715,1.8409440318215E-07
18.7000154727425,18.7000154727425,1.06205783294957E-07
18.7500155141135,18.7500155141135,6.62815012387863E-08
18.8000155554844,18.8000155554844,6.36047477681138E-08
18.8500155968554,18.8500155968554,8.2535135433383E-08
18.9000156382264,18.9000156382264,9.69200846193295E-08
18.9500156795973,18.9500156795973,5.76908184842194E-08
19.0000157209683,19.0000157209683,1.4653117994104E-07
19.0500157623393,19.0500157623393,1.21772353751528E-07
19.1000158037102,19.1000158037102,2.42092266998053E-08
19.1500158450812,19.1500158450812,1.15982102991871E-08
19.2000158864522,19.2000158864522,6.53900546835153E-08
19.2500159278232,19.2500159278232,1.0913051297473E-07
19.3000159691941,19.3000159691941,1.12735757854736E-07
19.3500160105651,19.3500160105651,4.65806111000612E-08
19.4000160519361,19.4000160519361,5.47020440215967E-08
19.450016093307,19.450016093307,8.70179117866545E-08
19.500016134678,19.500016134678,1.21908822772499E-08
19.550016176049,19.550016176049,1.07336801241341E-07
19.6000162174199,19.6000162174199,1.23648389106185E-07
19.6500162587909,19.6500162587909,9.63599012505784E-08
19.7000163001619,19.7000163001619,1.53295735975762E-07
19.7500163415328,19.7500163415328,1.10707363412363E-07
19.8000163829038,19.8000163829038,5.86912399143588E-08
19.8500164242748,19.8500164242748,9.39428511065045E-08
19.9000164656458,19.9000164656458,2.6560178876856E-08
19.9500165070167,19.9500165070167,3.0053796934573E-08
20.0000165483877,20.0000165483877,7.65994191681348E-08
20.0500165897587,20.0500165897587,1.96305949089075E-07
20.1000166311296,20.1000166311296,7.29148711593631E-08
20.1500166725006,20.1500166725006,1.1697255078421E-07
20.2000167138716,20.2000167138716,1.41782170623616E-07
20.2500167552425,20.2500167552425,8.42774178256549E-08
20.3000167966135,20.3000167966135,4.53683866969427E-08
20.3500168379845,20.3500168379845,9.58634095899292E-08
20.4000168793554,20.4000168793554,1.29115188849941E-07
20.4500169207264,20.4500169207264,5.56488009341442E-08
20.5000169620974,20.5000169620974,6.02117819709291E-08
20.5500170034684,20.5500170034684,8.70132622533083E-09
20.6000170448393,20.6000170448393,3.45379649221615E-08
20.6500170862103,20.6500170862103,3.01719315697879E-08
20.7000171275813,20.7000171275813,3.20264236937901E-08
20.7500171689522,20.7500171689522,9.2714021235409E-08
20.8000172103232,20.8000172103232,7.6061417833619E-08
20.8500172516942,20.8500172516942,2.89086453281134E-08
20.9000172930651,20.9000172930651,1.45196439675882E-07
20.9500173344361,20.9500173344361,8.19990363716657E-08
21.0000173758071,21.0000173758071,9.68659759548237E-08
21.050017417178,21.050017417178,1.44071948249408E-07
21.100017458549,21.100017458549,5.21529840547009E-08
21.15001749992,21.15001749992,1.81718232841753E-07
21.200017541291,21.200017541291,1.61517813526454E-07
21.2500175826619,21.2500175826619,5.39206518164399E-08
21.3000176240329,21.3000176240329,2.69475972838873E-08
21.3500176654039,21.3500176654039,2.4918177206745E-08
21.4000177067748,21.4000177067748,4.09632733153257E-08
21.4500177481458,21.4500177481458,5.30535154781914E-08
21.5000177895168,21.5000177895168,1.42798131009841E-07
21.5500178308877,21.5500178308877,9.46859966916163E-08
21.6000178722587,21.6000178722587,1.13294786056111E-08
21.6500179136297,21.6500179136297,3.81516065879648E-08
21.7000179550006,21.7000179550006,4.15333429035262E-08
21.7500179963716,21.7500179963716,6.05645772195939E-08
21.8000180377426,21.8000180377426,2.01340266944041E-08
21.8500180791136,21.8500180791136,3.88320123316629E-08
21.9000181204845,21.9000181204845,1.03424078553427E-07
21.9500181618555,21.9500181618555,1.09229785801221E-07
22.0000182032265,22.0000182032265,6.10801669112549E-08
22.0500182445974,22.0500182445974,1.53309446751905E-07
22.1000182859684,22.1000182859684,9.33836495562029E-08
22.1500183273394,22.1500183273394,5.15695869683127E-08
22.2000183687103,22.2000183687103,7.04445199482713E-08
22.2500184100813,22.2500184100813,9.5672814393283E-08
22.3000184514523,22.3000184514523,1.29024616158664E-07
22.3500184928232,22.3500184928232,5.37714322349013E-08
22.4000185341942,22.4000185341942,8.60522753813934E-08
22.4500185755652,22.4500185755652,5.37183792662063E-08
22.5000186169362,22.5000186169362,5.50858107372787E-08
22.5500186583071,22.5500186583071,1.00481491387556E-07
22.6000186996781,22.6000186996781,1.17232780914519E-07
22.6500187410491,22.6500187410491,1.12587949299629E-07
22.70001878242,22.70001878242,7.36703591246321E-08
22.750018823791,22.750018823791,2.02668420467771E-07
22.800018865162,22.800018865162,1.64186974880203E-07
22.8500189065329,22.8500189065329,8.29703162653801E-08
22.9000189479039,22.9000189479039,8.75142120071536E-09
22.9500189892749,22.9500189892749,1.82029902632133E-07
23.0000190306458,23.0000190306458,1.04330773622792E-07
23.0500190720168,23.0500190720168,9.69611135291402E-08
23.1000191133878,23.1000191133878,4.04224687915636E-08
23.1500191547588,23.1500191547588,1.04321264195655E-07
23.2000191961297,23.2000191961297,1.09813716445139E-07
23.2500192375007,23.2500192375007,1.07436947021308E-07
23.3000192788717,23.3000192788717,1.08479081726816E-07
23.3500193202426,23.3500193202426,8.66460024481085E-08
23.4000193616136,23.4000193616136,8.33240883065751E-08
23.4500194029846,23.4500194029846,7.34107950213733E-08
23.5000194443555,23.5000194443555,1.48534697125489E-07
23.5500194857265,23.5500194857265,1.67964488094279E-08
23.6000195270975,23.6000195270975,3.64197327202257E-08
23.6500195684684,23.6500195684684,5.02898592805758E-08
23.7000196098394,23.7000196098394,6.22478237581827E-08
23.7500196512104,23.7500196512104,1.10176707025571E-07
23.8000196925814,23.8000196925814,1.03544526313469E-07
23.8500197339523,23.8500197339523,5.21574720353882E-08
23.9000197753233,23.9000197753233,1.15579180441498E-07
23.9500198166943,23.9500198166943,1.87352889588443E-07
24.0000198580652,24.0000198580652,4.06798227114214E-08
24.0500198994362,24.0500198994362,1.99477728817927E-07
24.1000199408072,24.1000199408072,1.07424601477133E-07
24.1500199821781,24.1500199821781,1.70428260843296E-07
24.2000200235491,24.2000200235491,4.71064743242934E-08
24.2500200649201,24.2500200649201,9.20768751240418E-08
24.300020106291,24.300020106291,4.24871195236656E-08
24.350020147662,24.350020147662,8.13979788342403E-08
24.400020189033,24.400020189033,1.00992932719673E-07
24.450020230404,24.450020230404,4.57791560155609E-08
24.5000202717749,24.5000202717749,1.05039500627529E-07
24.5500203131459,24.5500203131459,1.13740274368278E-07
24.6000203545169,24.6000203545169,3.28743141064032E-08
24.6500203958878,24.6500203958878,9.52006259030169E-08
24.7000204372588,24.7000204372588,4.97039357419288E-08
24.7500204786298,24.7500204786298,5.66061897823759E-08
24.8000205200007,24.8000205200007,7.7817272267867E-08
24.8500205613717,24.8500205613717,8.44249141317892E-08
24.9000206027427,24.9000206027427,6.02547317896955E-08
24.9500206441136,24.9500206441136,5.46409302850718E-08
25.0000206854846,25.0000206854846,9.78379315874889E-08
25.0500207268556,25.0500207268556,2.14874995272388E-08
25.1000207682266,25.1000207682266,1.43368710481268E-07
25.1500208095975,25.1500208095975,1.21104027586181E-07
25.2000208509685,25.2000208509685,2.55741242091995E-08
25.2500208923395,25.2500208923395,1.25246458301269E-07
25.3000209337104,25.3000209337104,4.89054344564532E-08
25.3500209750814,25.3500209750814,1.40036785784039E-07
25.4000210164524,25.4000210164524,6.68445395570147E-08
25.4500210578233,25.4500210578233,1.1116058803092E-07
25.5000210991943,25.5000210991943,9.88085928382362E-08
25.5500211405653,25.5500211405653,6.44601480621037E-08
25.6000211819362,25.6000211819362,9.42972727026137E-08
25.6500212233072,25.6500212233072,1.5824649902852E-07
25.7000212646782,25.7000212646782,7.60470951170022E-08
25.7500213060492,25.7500213060492,1.49527826588712E-08
25.8000213474201,25.8000213474201,7.44165833192467E-08
25.8500213887911,25.8500213887911,1.48644903617774E-07
25.9000214301621,25.9000214301621,1.58226342849948E-07
25.950021471533,25.950021471533,1.39358764368399E-07
26.000021512904,26.000021512904,6.39706425766471E-08
26.050021554275,26.050021554275,1.17119898460165E-07
26.1000215956459,26.1000215956459,4.58988845469568E-08
26.1500216370169,26.1500216370169,1.33920770083528E-07
26.2000216783879,26.2000216783879,2.00977944026624E-07
26.2500217197588,26.2500217197588,9.98926923520191E-08
26.3000217611298,26.3000217611298,2.68402335484607E-08
26.3500218025008,26.3500218025008,4.26075487126488E-08
26.4000218438718,26.4000218438718,5.17876427043173E-08
26.4500218852427,26.4500218852427,1.15285381024952E-07
26.5000219266137,26.5000219266137,9.42062051450233E-08
26.5500219679847,26.5500219679847,4.36192023298887E-08
26.6000220093556,26.6000220093556,1.20194986352084E-07
26.6500220507266,26.6500220507266,7.34121008449556E-08
26.7000220920976,26.7000220920976,7.31240076074338E-08
26.7500221334685,26.7500221334685,1.38796842774544E-07
26.8000221748395,26.8000221748395,1.0243402983221E-07
26.8500222162105,26.8500222162105,6.91419028641431E-08
26.9000222575814,26.9000222575814,3.74949269712194E-08
26.9500222989524,26.9500222989524,7.30551039932616E-08
27.0000223403234,27.0000223403234,5.22143500222139E-08
27.0500223816944,27.0500223816944,4.55769458454002E-08
27.1000224230653,27.1000224230653,3.63716763098417E-08
27.1500224644363,27.1500224644363,8.05804002434197E-08
27.2000225058073,27.2000225058073,9.10732941738958E-08
27.2500225471782,27.2500225471782,6.71619807081293E-08
27.3000225885492,27.3000225885492,1.16376805940634E-08
27.3500226299202,27.3500226299202,9.24898765768435E-08
27.4000226712911,27.4000226712911,1.38846402691194E-07
27.4500227126621,27.4500227126621,1.11610011582735E-07
27.5000227540331,27.5000227540331,1.00093938272365E-07
27.550022795404,27.550022795404,2.04741141530496E-07
27.600022836775,27.600022836775,1.80292803814427E-07
27.650022878146,27.650022878146,1.57989275007945E-07
27.700022919517,27.700022919517,1.54436844711804E-07
27.7500229608879,27.7500229608879,9.85040574725975E-08
27.8000230022589,27.8000230022589,7.63302809267125E-08
27.8500230436299,27.8500230436299,6.74360852040726E-08
27.9000230850008,27.9000230850008,1.37769482400556E-08
27.9500231263718,27.9500231263718,4.59190627607684E-08
28.0000231677428,28.0000231677428,8.78680709534699E-08
28.0500232091137,28.0500232091137,1.1153705806059E-07
28.1000232504847,28.1000232504847,7.77327066540366E-08
28.1500232918557,28.1500232918557,3.26367911414328E-08
28.2000233332266,28.2000233332266,5.13086207681133E-08
28.2500233745976,28.2500233745976,6.45538346181142E-08
28.3000234159686,28.3000234159686,3.21298910417294E-08
28.3500234573396,28.3500234573396,2.47718175742521E-08
28.4000234987105,28.4000234987105,4.9865168993516E-08
28.4500235400815,28.4500235400815,1.40802188269387E-07
28.5000235814525,28.5000235814525,1.46726097314672E-07
28.5500236228234,28.5500236228234,9.55014871106266E-08
28.6000236641944,28.6000236641944,1.25764856461815E-07
28.6500237055654,28.6500237055654,2.99930984730938E-08
28.7000237469363,28.7000237469363,1.27462797193957E-07
28.7500237883073,28.7500237883073,1.00433635076953E-07
28.8000238296783,28.8000238296783,8.52483978118806E-08
28.8500238710492,28.8500238710492,1.82280667264392E-07
28.9000239124202,28.9000239124202,8.91467237225127E-08
28.9500239537912,28.9500239537912,1.2160864855368E-07
29.0000239951622,29.0000239951622,8.70995555759887E-08
29.0500240365331,29.0500240365331,3.45865089957379E-08
29.1000240779041,29.1000240779041,7.85806716527782E-08
29.1500241192751,29.1500241192751,4.31095058109061E-08
29.200024160646,29.200024160646,7.85939774839018E-08
29.250024202017,29.250024202017,8.85816001099634E-08
29.300024243388,29.300024243388,7.91158341718075E-08
29.3500242847589,29.3500242847589,1.90073674428571E-07
29.4000243261299,29.4000243261299,1.81693685838419E-07
29.4500243675009,29.4500243675009,1.11978327729651E-07
29.5000244088718,29.5000244088718,2.69428780277486E-08
29.5500244502428,29.5500244502428,9.74509033434252E-08
29.6000244916138,29.6000244916138,9.39706528637231E-08
29.6500245329848,29.6500245329848,6.47577517409381E-08
29.7000245743557,29.7000245743557,1.08984516522996E-07
29.7500246157267,29.7500246157267,1.1089911982553E-07
29.8000246570977,29.8000246570977,5.18514430535924E-08
29.8500246984686,29.8500246984686,1.40323211653261E-08
29.9000247398396,29.9000247398396,2.79333251389051E-08
29.9500247812106,29.9500247812106,1.87351943718793E-09
30.0000248225815,30.0000248225815,2.39499512046858E-08
30.0500248639525,30.0500248639525,6.0281452279759E-08
30.1000249053235,30.1000249053235,1.19034876568937E-07
30.1500249466944,30.1500249466944,1.09749620515705E-07
30.2000249880654,30.2000249880654,3.95567495790277E-08
30.2500250294364,30.2500250294364,2.37868012776852E-08
30.3000250708074,30.3000250708074,2.85434184668089E-08
30.3500251121783,30.3500251121783,3.40809439776046E-08
30.4000251535493,30.4000251535493,4.13075211361456E-08
30.4500251949203,30.4500251949203,2.55375956537493E-08
30.5000252362912,30.5000252362912,2.62409855418837E-08
30.5500252776622,30.5500252776622,7.0062691617612E-08
30.6000253190332,30.6000253190332,1.20242335800875E-07
30.6500253604041,30.6500253604041,7.38136347269856E-08
30.7000254017751,30.7000254017751,4.72042407337528E-08
30.7500254431461,30.7500254431461,7.91798386475233E-08
30.800025484517,30.800025484517,5.31181110015492E-08
30.850025525888,30.850025525888,1.12628343573679E-07
30.900025567259,30.900025567259,1.32488394572089E-07
30.95002560863,30.95002560863,1.09789748237225E-07
31.0000256500009,31.0000256500009,8.23929861146396E-08
31.0500256913719,31.0500256913719,5.9483630633808E-08
31.1000257327429,31.1000257327429,6.47594963287012E-08
31.1500257741138,31.1500257741138,4.55991249407929E-08
31.2000258154848,31.2000258154848,5.79054066341615E-08
31.2500258568558,31.2500258568558,7.48854410600375E-08
31.3000258982267,31.3000258982267,9.45149490936872E-08
31.3500259395977,31.3500259395977,9.73885886562273E-08
31.4000259809687,31.4000259809687,6.85445516506814E-08
31.4500260223396,31.4500260223396,3.1417248911547E-08
31.5000260637106,31.5000260637106,6.3600181288986E-08
31.5500261050816,31.5500261050816,1.02959088867509E-07
31.6000261464526,31.6000261464526,1.7005923736925E-07
31.6500261878235,31.6500261878235,1.51083214869915E-07
31.7000262291945,31.7000262291945,3.07559701482937E-08
31.7500262705655,31.7500262705655,8.84049194665809E-08
31.8000263119364,31.8000263119364,5.68780109601777E-08
31.8500263533074,31.8500263533074,1.05680580544251E-08
31.9000263946784,31.9000263946784,3.59832962097078E-08
31.9500264360493,31.9500264360493,7.9156726484767E-08
32.0000264774203,32.0000264774203,1.15285845809355E-07
32.0500265187913,32.0500265187913,1.44910673893395E-07
32.1000265601622,32.1000265601622,1.94859703671167E-08
32.1500266015332,32.1500266015332,8.5704026344285E-08
32.2000266429042,32.2000266429042,4.10373428090892E-08
32.2500266842752,32.2500266842752,5.80995350070851E-08
32.3000267256461,32.3000267256461,5.81691445878976E-08
32.3500267670171,32.3500267670171,6.2960063133348E-08
32.4000268083881,32.4000268083881,1.88561228557008E-07
32.450026849759,32.450026849759,1.52914730816834E-07
32.50002689113,32.50002689113,4.25041236611198E-08
32.550026932501,32.550026932501,1.51136996045201E-07
32.6000269738719,32.6000269738719,4.59354854806254E-08
32.6500270152429,32.6500270152429,1.23232905077958E-07
32.7000270566139,32.7000270566139,1.09182215616209E-07
32.7500270979848,32.7500270979848,8.16808588059259E-08
32.8000271393558,32.8000271393558,1.18275872210778E-07
32.8500271807268,32.8500271807268,1.07054349942834E-07
32.9000272220978,32.9000272220978,9.42480480172997E-08
32.9500272634687,32.9500272634687,1.62812411321564E-08
33.0000273048397,33.0000273048397,7.55109786310178E-08
33.0500273462107,33.0500273462107,8.70220501606719E-08
33.1000273875816,33.1000273875816,4.30944236899573E-08
33.1500274289526,33.1500274289526,4.0234253164435E-08
33.2000274703236,33.2000274703236,1.1117980297431E-07
33.2500275116945,33.2500275116945,6.59129229481683E-08
33.3000275530655,33.3000275530655,2.99942699535975E-08
33.3500275944365,33.3500275944365,4.77062943690169E-08
33.4000276358074,33.4000276358074,4.11892242323009E-08
33.4500276771784,33.4500276771784,5.96211102609877E-08
33.5000277185494,33.5000277185494,3.25576008548427E-08
33.5500277599204,33.5500277599204,8.30746634572879E-08
33.6000278012913,33.6000278012913,5.9821607206311E-08
33.6500278426623,33.6500278426623,6.31584943394451E-09
33.7000278840333,33.7000278840333,9.19189112191738E-08
33.7500279254042,33.7500279254042,9.29154190692141E-08
33.8000279667752,33.8000279667752,3.91282702894643E-08
33.8500280081462,33.8500280081462,1.28698104827506E-07
33.9000280495171,33.9000280495171,1.46713933476099E-07
33.9500280908881,33.9500280908881,1.03401881780468E-07
34.0000281322591,34.0000281322591,3.03843706889811E-08
34.05002817363,34.05002817363,1.04715921282855E-07
34.100028215001,34.100028215001,1.15721393101327E-07
34.150028256372,34.150028256372,1.12190536296195E-07
34.200028297743,34.200028297743,1.54862892474536E-08
34.2500283391139,34.2500283391139,9.17065084849757E-08
34.3000283804849,34.3000283804849,1.12236989207342E-07
34.3500284218559,34.3500284218559,4.91289067315671E-08
34.4000284632268,34.4000284632268,8.59433614602839E-08
34.4500285045978,34.4500285045978,6.67262531090643E-08
34.5000285459688,34.5000285459688,2.08100496238481E-08
34.5500285873397,34.5500285873397,5.53615339308437E-08
34.6000286287107,34.6000286287107,4.64757617350904E-08
34.6500286700817,34.6500286700817,8.37394414698099E-08
34.7000287114526,34.7000287114526,1.32265478060076E-07
34.7500287528236,34.7500287528236,1.38257587798225E-07
34.8000287941946,34.8000287941946,2.86249782425044E-08
34.8500288355656,34.8500288355656,6.07326848762892E-08
34.9000288769365,34.9000288769365,2.15475483886363E-08
34.9500289183075,34.9500289183075,6.42449695973131E-08
35.0000289596785,35.0000289596785,3.27382850648907E-08
35.0500290010494,35.0500290010494,4.77063527295574E-08
35.1000290424204,35.1000290424204,8.52167261182343E-08
35.1500290837914,35.1500290837914,3.2015495272551E-08
35.2000291251623,35.2000291251623,5.14062243255039E-09
35.2500291665333,35.2500291665333,5.60892456586651E-08
35.3000292079043,35.3000292079043,7.04642977330366E-08
35.3500292492752,35.3500292492752,1.40092810445795E-07
35.4000292906462,35.4000292906462,9.63149083733481E-08
35.4500293320172,35.4500293320172,5.16523671665558E-08
35.5000293733882,35.5000293733882,1.37656148251733E-07
35.5500294147591,35.5500294147591,1.19657899077675E-07
35.6000294561301,35.6000294561301,4.07116717632869E-08
35.6500294975011,35.6500294975011,8.3032763415537E-08
35.700029538872,35.700029538872,4.73878464874773E-08
35.750029580243,35.750029580243,8.65797805401794E-08
35.800029621614,35.800029621614,5.95478344747263E-08
35.8500296629849,35.8500296629849,3.70489534836825E-08
35.9000297043559,35.9000297043559,5.1450075891667E-08
35.9500297457269,35.9500297457269,5.2464037720378E-08
36.0000297870978,36.0000297870978,3.366340487884E-08
36.0500298284688,36.0500298284688,1.99463394095494E-07
36.1000298698398,36.1000298698398,9.50541356330041E-08
36.1500299112108,36.1500299112108,3.40094595941229E-08
36.2000299525817,36.2000299525817,6.4121238380985E-08
36.2500299939527,36.2500299939527,1.21625792113409E-07
36.3000300353237,36.3000300353237,1.18303419407103E-07
36.3500300766946,36.3500300766946,4.60821908511591E-08
36.4000301180656,36.4000301180656,7.67622771645611E-08
36.4500301594366,36.4500301594366,5.35749699854054E-08
36.5000302008075,36.5000302008075,9.05288223489107E-08
36.5500302421785,36.5500302421785,1.37783583157253E-07
36.6000302835495,36.6000302835495,5.21522913180839E-08
36.6500303249204,36.6500303249204,3.84882408158259E-08
36.7000303662914,36.7000303662914,6.77945804615098E-08
36.7500304076624,36.7500304076624,4.18654420880799E-08
36.8000304490334,36.8000304490334,2.29692296449285E-08
36.8500304904043,36.8500304904043,3.47125671551549E-08
36.9000305317753,36.9000305317753,4.55616097469141E-08
36.9500305731463,36.9500305731463,1.36624083251366E-07
37.0000306145172,37.0000306145172,4.53884953773961E-08
37.0500306558882,37.0500306558882,3.34772587681423E-08
37.1000306972592,37.1000306972592,1.04911367641111E-07
37.1500307386301,37.1500307386301,7.53515832883313E-08
37.2000307800011,37.2000307800011,1.49355038680289E-07
37.2500308213721,37.2500308213721,1.75886422903729E-07
37.300030862743,37.300030862743,1.08764693679769E-07
37.350030904114,37.350030904114,3.15943217414974E-08
37.400030945485,37.400030945485,1.90854641433624E-08
37.4500309868559,37.4500309868559,9.85072512071427E-08
37.5000310282269,37.5000310282269,1.08758020504573E-07
37.5500310695979,37.5500310695979,1.39905828353673E-07
37.6000311109689,37.6000311109689,7.56708894189248E-08
37.6500311523398,37.6500311523398,1.15885873090526E-07
37.7000311937108,37.7000311937108,8.81208447767675E-09
37.7500312350818,37.7500312350818,9.46893610696582E-08
37.8000312764527,37.8000312764527,5.07598375012882E-08
37.8500313178237,37.8500313178237,5.55283921580177E-08
37.9000313591947,37.9000313591947,1.04285840409909E-07
37.9500314005656,37.9500314005656,7.89773695551125E-08
38.0000314419366,38.0000314419366,4.47566218934098E-08
38.0500314833076,38.0500314833076,9.76292912478257E-08
38.1000315246786,38.1000315246786,1.2112646915204E-07
38.1500315660495,38.1500315660495,3.05831454306671E-08
38.2000316074205,38.2000316074205,6.49325185554504E-08
38.2500316487915,38.2500316487915,7.14374505561876E-08
38.3000316901624,38.3000316901624,3.34124630563613E-08
38.3500317315334,38.3500317315334,8.87809293211619E-08
38.4000317729044,38.4000317729044,4.65202126351298E-08
38.4500318142753,38.4500318142753,1.20805810687782E-07
38.5000318556463,38.5000318556463,1.55263143436783E-07
38.5500318970173,38.5500318970173,1.28097300357288E-07
38.6000319383882,38.6000319383882,5.68686792783442E-08
38.6500319797592,38.6500319797592,7.69599391618027E-08
38.7000320211302,38.7000320211302,5.2632422272611E-08
38.7500320625012,38.7500320625012,5.10577029577032E-08
38.8000321038721,38.8000321038721,7.41060219688121E-08
38.8500321452431,38.8500321452431,5.54524456385166E-08
38.9000321866141,38.9000321866141,3.67134224740263E-08
38.950032227985,38.950032227985,8.28497368558067E-08
39.000032269356,39.000032269356,7.49561512820496E-08
39.050032310727,39.050032310727,1.02392812327362E-07
39.1000323520979,39.1000323520979,1.32306868095714E-07
39.1500323934689,39.1500323934689,3.96702179287604E-08
39.2000324348399,39.2000324348399,7.05880913956848E-08
39.2500324762108,39.2500324762108,5.92216461810705E-08
39.3000325175818,39.3000325175818,1.24175524726449E-07
39.3500325589528,39.3500325589528,1.33186090758445E-07
39.4000326003238,39.4000326003238,9.39327346119887E-08
39.4500326416947,39.4500326416947,7.10172906883583E-08
39.5000326830657,39.5000326830657,4.17441898234468E-08
39.5500327244367,39.5500327244367,7.7497863269088E-08
39.6000327658076,39.6000327658076,5.79163682354852E-08
39.6500328071786,39.6500328071786,2.16773496236399E-08
39.7000328485496,39.7000328485496,3.63352638882885E-08
39.7500328899205,39.7500328899205,8.54506447981347E-08
39.8000329312915,39.8000329312915,8.96803161441339E-08
39.8500329726625,39.8500329726625,9.89074871006484E-08
39.9000330140334,39.9000330140334,1.06349176222026E-07
39.9500330554044,39.9500330554044,9.57163288223963E-08
40.0000330967754,40.0000330967754,4.50745649465699E-08
40.0500331381464,40.0500331381464,7.87469908239451E-08
40.1000331795173,40.1000331795173,1.14739455998881E-07
40.1500332208883,40.1500332208883,1.18178600466532E-07
40.2000332622593,40.2000332622593,1.43210153829697E-07
40.2500333036302,40.2500333036302,1.1997561967067E-07
40.3000333450012,40.3000333450012,9.26009016789639E-08
40.3500333863722,40.3500333863722,1.26294371225562E-07
40.4000334277431,40.4000334277431,8.03456354348781E-08
40.4500334691141,40.4500334691141,1.61214846776112E-07
40.5000335104851,40.5000335104851,1.58521407281853E-07
40.550033551856,40.550033551856,9.76167293185148E-08
40.600033593227,40.600033593227,1.58740267354886E-07
40.650033634598,40.650033634598,1.57879623673063E-07
40.700033675969,40.700033675969,6.01175038144066E-08
40.7500337173399,40.7500337173399,1.4432207719211E-07
40.8000337587109,40.8000337587109,1.47335558839514E-07
40.8500338000819,40.8500338000819,5.88062932732471E-08
40.9000338414528,40.9000338414528,4.5967621080117E-08
40.9500338828238,40.9500338828238,5.36755286955824E-08
41.0000339241948,41.0000339241948,2.44005433835449E-08
41.0500339655657,41.0500339655657,8.04132163070797E-08
41.1000340069367,41.1000340069367,1.32312558893006E-07
41.1500340483077,41.1500340483077,1.06769758947021E-07
41.2000340896786,41.2000340896786,1.70619468461553E-07
41.2500341310496,41.2500341310496,1.60545919180759E-07
41.3000341724206,41.3000341724206,6.93487426643351E-08
41.3500342137916,41.3500342137916,8.15238984911303E-08
41.4000342551625,41.4000342551625,9.02437763435937E-08
41.4500342965335,41.4500342965335,9.3640947327035E-08
41.5000343379045,41.5000343379045,7.43632487247117E-08
41.5500343792754,41.5500343792754,5.68681575196598E-08
41.6000344206464,41.6000344206464,6.70140245860333E-08
41.6500344620174,41.6500344620174,6.91486873295882E-08
41.7000345033883,41.7000345033883,2.16195113187063E-08
41.7500345447593,41.7500345447593,2.50085900593213E-08
41.8000345861303,41.8000345861303,6.85009452959701E-08
41.8500346275012,41.8500346275012,9.92220108717999E-08
41.9000346688722,41.9000346688722,8.34856182914327E-08
41.9500347102432,41.9500347102432,7.77791805457321E-08
42.0000347516142,42.0000347516142,6.65809843715825E-08
42.0500347929851,42.0500347929851,8.41187295211077E-08
42.1000348343561,42.1000348343561,1.17236360458321E-07
42.1500348757271,42.1500348757271,1.21073875211399E-07
42.200034917098,42.200034917098,1.17539601168567E-07
42.250034958469,42.250034958469,1.11647831125463E-07
42.30003499984,42.30003499984,8.02453198495984E-08
42.3500350412109,42.3500350412109,1.59341523351115E-08
42.4000350825819,42.4000350825819,6.00086047342774E-08
42.4500351239529,42.4500351239529,8.52736448382233E-08
42.5000351653238,42.5000351653238,6.48082332840756E-08
42.5500352066948,42.5500352066948,6.4192921096962E-08
42.6000352480658,42.6000352480658,6.70445919817721E-08
42.6500352894368,42.6500352894368,9.55715857610719E-08
42.7000353308077,42.7000353308077,9.3144066422443E-08
42.7500353721787,42.7500353721787,5.53323632700021E-08
42.8000354135497,42.8000354135497,3.12516381059906E-08
42.8500354549206,42.8500354549206,7.14684552014176E-08
42.9000354962916,42.9000354962916,7.01608142346573E-08
42.9500355376626,42.9500355376626,5.46309286686466E-08
43.0000355790335,43.0000355790335,1.12223868108523E-07
43.0500356204045,43.0500356204045,7.63546813399736E-08
43.1000356617755,43.1000356617755,5.75837587427899E-08
43.1500357031464,43.1500357031464,8.34535162167035E-08
43.2000357445174,43.2000357445174,6.70155623325891E-08
43.2500357858884,43.2500357858884,4.90038300288949E-08
43.3000358272594,43.3000358272594,7.36850748693998E-08
43.3500358686303,43.3500358686303,1.22516232372541E-07
43.4000359100013,43.4000359100013,3.88582937892381E-08
43.4500359513723,43.4500359513723,5.75316279071478E-08
43.5000359927432,43.5000359927432,7.00626977130092E-08
43.5500360341142,43.5500360341142,5.89592617637641E-08
43.6000360754852,43.6000360754852,1.00359419927427E-07
43.6500361168561,43.6500361168561,1.31893777281033E-07
43.7000361582271,43.7000361582271,1.60945350678848E-07
43.7500361995981,43.7500361995981,1.43449846940526E-07
43.800036240969,43.800036240969,3.7873349917477E-08
43.85003628234,43.85003628234,6.72221861533733E-08
43.900036323711,43.900036323711,3.44407477317825E-08
43.9500363650819,43.9500363650819,5.46261322669431E-08
44.0000364064529,44.0000364064529,6.24081118028678E-08
44.0500364478239,44.0500364478239,5.32274095032265E-08
44.1000364891949,44.1000364891949,3.59021522503096E-08
44.1500365305658,44.1500365305658,1.80090088399298E-08
44.2000365719368,44.2000365719368,2.54257455421257E-08
44.2500366133078,44.2500366133078,1.02656271467968E-07
44.3000366546787,44.3000366546787,8.40026771992659E-08
44.3500366960497,44.3500366960497,1.19104889368005E-07
44.4000367374207,44.4000367374207,1.42215924393085E-07
44.4500367787916,44.4500367787916,1.51428742606895E-07
44.5000368201626,44.5000368201626,1.40489887097587E-07
44.5500368615336,44.5500368615336,6.92597450401564E-08
44.6000369029046,44.6000369029046,9.20973327052522E-08
44.6500369442755,44.6500369442755,1.21519897865518E-07
44.7000369856465,44.7000369856465,1.73158850794919E-07
44.7500370270175,44.7500370270175,1.59968071457358E-07
44.8000370683884,44.8000370683884,8.29528379099246E-08
44.8500371097594,44.8500371097594,6.28044550441983E-08
44.9000371511304,44.9000371511304,8.35666302901752E-08
44.9500371925013,44.9500371925013,1.51142355659774E-07
45.0000372338723,45.0000372338723,1.01655487284211E-07
45.0500372752433,45.0500372752433,5.03927048906199E-08
45.1000373166142,45.1000373166142,3.41526038888281E-08
45.1500373579852,45.1500373579852,3.81165900564314E-08
45.2000373993562,45.2000373993562,1.35621277579336E-08
45.2500374407272,45.2500374407272,2.9322596556475E-08
45.3000374820981,45.3000374820981,1.01433060358697E-07
45.3500375234691,45.3500375234691,1.72137325366414E-07
45.4000375648401,45.4000375648401,8.91080188591723E-08
45.450037606211,45.450037606211,6.02607462236072E-08
45.500037647582,45.500037647582,1.07495870394017E-07
45.550037688953,45.550037688953,8.98210944082347E-08
45.6000377303239,45.6000377303239,1.18671253756548E-07
45.6500377716949,45.6500377716949,1.27098860285792E-07
45.7000378130659,45.7000378130659,1.2139888341845E-07
45.7500378544368,45.7500378544368,1.11317192195949E-07
45.8000378958078,45.8000378958078,6.27574792743367E-08
45.8500379371788,45.8500379371788,4.0614365103275E-08
45.9000379785498,45.9000379785498,1.0071803223805E-07
45.9500380199207,45.9500380199207,9.78629529203108E-08
46.0000380612917,46.0000380612917,6.71048607879473E-08
46.0500381026627,46.0500381026627,2.06440772892334E-08
46.1000381440336,46.1000381440336,2.89983471234872E-08
46.1500381854046,46.1500381854046,1.57360158955297E-08
46.2000382267756,46.2000382267756,5.26458007239519E-08
46.2500382681465,46.2500382681465,1.06460117122056E-07
46.3000383095175,46.3000383095175,1.54627960633029E-07
46.3500383508885,46.3500383508885,1.62722930433787E-07
46.4000383922594,46.4000383922594,9.13323292938236E-08
46.4500384336304,46.4500384336304,8.89807726491096E-08
46.5000384750014,46.5000384750014,9.08380959573522E-08
46.5500385163724,46.5500385163724,5.68172730903128E-08
46.6000385577433,46.6000385577433,4.9183031363876E-08
46.6500385991143,46.6500385991143,8.05910620182676E-08
46.7000386404853,46.7000386404853,1.46934151487225E-07
46.7500386818562,46.7500386818562,1.05708976351479E-07
46.8000387232272,46.8000387232272,2.72146257647249E-08
46.8500387645982,46.8500387645982,6.10489598885584E-08
46.9000388059691,46.9000388059691,3.43855967958668E-08
46.9500388473401,46.9500388473401,1.00607753061817E-07
47.0000388887111,47.0000388887111,3.66907980960965E-08
47.050038930082,47.050038930082,1.0392354282634E-07
47.100038971453,47.100038971453,1.34021910317585E-07
47.150039012824,47.150039012824,4.99638210174399E-08
47.200039054195,47.200039054195,4.59661981759272E-08
47.2500390955659,47.2500390955659,1.21320508699691E-07
47.3000391369369,47.3000391369369,1.10173356701148E-07
47.3500391783079,47.3500391783079,3.66313156030366E-08
47.4000392196788,47.4000392196788,1.23769264299164E-08
47.4500392610498,47.4500392610498,2.01637422093653E-08
47.5000393024208,47.5000393024208,5.1728405865963E-08
47.5500393437917,47.5500393437917,5.57286209053334E-08
47.6000393851627,47.6000393851627,9.95506365690262E-08
47.6500394265337,47.6500394265337,1.27429714113112E-07
47.7000394679046,47.7000394679046,7.66066660050791E-08
47.7500395092756,47.7500395092756,5.12583957700643E-08
47.8000395506466,47.8000395506466,1.37652213960021E-07
47.8500395920176,47.8500395920176,8.42616076767276E-08
47.9000396333885,47.9000396333885,1.23785008123554E-07
47.9500396747595,47.9500396747595,2.07016514269625E-07
48.0000397161305,48.0000397161305,1.43671054612193E-07
48.0500397575014,48.0500397575014,1.0074429718417E-07
48.1000397988724,48.1000397988724,1.4771945191824E-07
48.1500398402434,48.1500398402434,1.8181106655547E-07
48.2000398816143,48.2000398816143,1.64544257992951E-07
48.2500399229853,48.2500399229853,1.1330077615528E-07
48.3000399643563,48.3000399643563,2.39361921998494E-08
48.3500400057272,48.3500400057272,3.77343101813391E-08
48.4000400470982,48.4000400470982,9.553180486701E-08
48.4500400884692,48.4500400884692,7.68466928269797E-08
48.5000401298402,48.5000401298402,8.49860759973545E-08
48.5500401712111,48.5500401712111,9.05669263384662E-08
48.6000402125821,48.6000402125821,5.58031156915533E-08
48.6500402539531,48.6500402539531,1.03554262256641E-07
48.700040295324,48.700040295324,7.96370043243375E-08
48.750040336695,48.750040336695,5.05575417682185E-08
48.800040378066,48.800040378066,6.76516360075603E-08
48.8500404194369,48.8500404194369,7.06927356967753E-08
48.9000404608079,48.9000404608079,6.21025973755122E-08
48.9500405021789,48.9500405021789,1.12696630136662E-07
49.0000405435498,49.0000405435498,1.94530491809186E-08
49.0500405849208,49.0500405849208,6.42160377052346E-08
49.1000406262918,49.1000406262918,6.66858028684723E-08
49.1500406676628,49.1500406676628,2.34128138427797E-08
49.2000407090337,49.2000407090337,2.94467464951607E-08
49.2500407504047,49.2500407504047,8.15093966291027E-08
49.3000407917757,49.3000407917757,1.1294869915878E-07
49.3500408331466,49.3500408331466,1.30631807127999E-07
49.4000408745176,49.4000408745176,1.45749818727298E-07
49.4500409158886,49.4500409158886,8.7852863357868E-08
49.5000409572595,49.5000409572595,7.50900172979667E-08
49.5500409986305,49.5500409986305,1.89362182326164E-07
49.6000410400015,49.6000410400015,1.69374209708111E-07
49.6500410813724,49.6500410813724,3.46301387385785E-08
49.7000411227434,49.7000411227434,8.02725103215723E-08
49.7500411641144,49.7500411641144,7.6199045198037E-08
49.8000412054853,49.8000412054853,4.26929053304832E-08
49.8500412468563,49.8500412468563,8.92800102534124E-08
49.9000412882273,49.9000412882273,1.07759763750715E-07
49.9500413295983,49.9500413295983,1.24570297184452E-07
50.0000413709692,50.0000413709692,1.01027684200266E-07
