"Time [ms]","InducedVoltage(Coil1) [V]","InducedVoltage(Coil2) [V]","InducedVoltage(Coil1)_1_1 [V]"
0,148.414287764047,148.814341937243,144.418728047372
0.01,,,144.817543660178
0.02,,,145.216359272984
0.03,,,145.644294076284
0.04,,,145.988281278076
0.05,,,146.124041543998
0.06,,,146.435877619142
0.07,,,146.528188760069
0.08,,,146.665557385716
0.09,,,146.752635508463
0.1,142.591476887493,142.29900527254,146.775526210201
0.11,,,147.203283732822
0.12,,,146.922388530416
0.13,,,146.813320398906
0.14,,,146.684428706016
0.15,,,146.552833460269
0.16,,,146.212012509957
0.17,,,145.821403198894
0.18,,,145.60100185769
0.19,,,145.286984723636
0.2,136.76866601094,135.783668607837,145.015315899465
0.21,,,144.547832794469
0.22,,,144.099220981139
0.23,,,143.459135445583
0.24,,,142.938781022816
0.25,,,142.414975445091
0.26,,,141.93472327098
0.27,,,141.644163834915
0.28,,,141.174787306814
0.29,,,140.516725917861
0.3,134.653616377506,133.554180877531,140.029235104021
0.31,,,139.531354641377
0.32,,,138.982666966245
0.33,,,138.523417963825
0.34,,,138.173322691885
0.35,,,137.94046922303
0.36,,,137.537140634038
0.37,,,137.36311055583
0.38,,,136.944591297591
0.39,,,136.844552447553
0.4,138.045980135196,137.761528435851,136.647217632569
0.41,,,136.586637790913
0.42,,,136.663494315063
0.43,,,136.825668780041
0.440000000000001,,,136.715867672462
0.450000000000001,,,136.914073139386
0.460000000000001,,,137.093691887784
0.470000000000001,,,137.365125609494
0.480000000000001,,,137.854353868092
0.490000000000001,,,138.034644546474
0.5,143.439689695965,144.013712463881,138.878894328758
0.510000000000001,,,138.848540358824
0.520000000000001,,,139.559520081534
0.530000000000001,,,140.0887947294
0.540000000000001,,,140.575718602894
0.550000000000001,,,141.210789207998
0.560000000000001,,,141.644706475892
0.570000000000001,,,142.371198293972
0.580000000000001,,,143.050890112595
0.590000000000001,,,143.591242400661
0.6,148.363355509519,149.246214896913,144.073430269926
0.610000000000001,,,144.743705480823
0.620000000000001,,,145.210871445111
0.630000000000001,,,145.921012177006
0.640000000000001,,,146.664144611422
0.650000000000001,,,146.693125108319
0.660000000000001,,,147.376153469568
0.670000000000001,,,147.892201586363
0.680000000000001,,,148.364046350678
0.690000000000001,,,148.619849390297
0.7,152.061731488256,152.852548412146,149.044765411891
0.710000000000001,,,149.53987607591
0.720000000000001,,,149.51477510615
0.730000000000001,,,149.853568356925
0.740000000000001,,,149.948376986656
0.750000000000001,,,150.016904810423
0.760000000000001,,,150.087294023992
0.770000000000001,,,150.101993464944
0.780000000000001,,,150.324517992882
0.790000000000001,,,149.900142650433
0.8,151.86591544769,152.232270013641,149.923582606791
0.810000000000001,,,149.517663714595
0.820000000000002,,,149.300603376741
0.830000000000002,,,148.92862548443
0.840000000000002,,,148.961177777982
0.850000000000002,,,148.349784008561
0.860000000000002,,,147.877983440428
0.870000000000002,,,147.62968284578
0.880000000000002,,,146.986895169547
0.890000000000002,,,146.530798804267
0.9,144.952480837053,144.159854651103,145.7779708948
0.910000000000002,,,145.720275404012
0.920000000000002,,,144.839519229465
0.930000000000002,,,144.194683409376
0.940000000000002,,,143.749680862612
0.950000000000002,,,142.997243681423
0.960000000000002,,,142.324794212039
0.970000000000002,,,141.787972531035
0.980000000000002,,,141.294164217796
0.990000000000002,,,140.569568579157
1,134.590047512232,131.89618502381,139.891128644147
1.01,,,139.643318079921
1.02,,,138.808076834663
1.03,,,138.339129022163
1.04,,,137.834166625973
1.05,,,137.306805483371
1.06,,,136.758192052824
1.07,,,136.510260083497
1.08,,,136.345504660043
1.09,,,135.848668874069
1.1,129.202798743249,125.760454542518,135.891822650598
1.11,,,135.356887186831
1.12,,,135.329009512359
1.13,,,135.156690793614
1.14,,,135.050444473128
1.15,,,135.028903548564
1.16,,,135.047697348785
1.17,,,135.263151522002
1.18,,,135.260956803899
1.19,,,135.499617736936
1.2,133.32072355262,131.611033745121,135.54895748693
1.21,,,135.872731399722
1.22,,,135.977923412962
1.23,,,136.219200344574
1.24,,,136.545051801528
1.25,,,136.85151118864
1.26,,,137.081608672881
1.27,,,137.36655136029
1.28,,,137.811880930259
1.29,,,137.922406109637
1.3,141.791353163098,142.976131533817,138.503922423077
1.31,,,138.668335917663
1.32,,,139.039689810885
1.33,,,139.47589476084
1.34,,,139.768159800998
1.35,,,140.356403461786
1.36,,,140.52947124504
1.37,,,141.247254590151
1.38,,,141.443538916913
1.39,,,141.839330731163
1.4,147.777377623849,150.908177030203,142.328284020387
1.41,,,142.505283039498
1.42,,,142.862275778876
1.43,,,143.217625126004
1.44,,,143.605248046244
1.45,,,143.58312329584
1.46,,,143.754617577354
1.47,,,143.98756716851
1.48,,,144.029709717202
1.49,,,144.124239364026
1.5,150.429022712403,154.018450245606,143.89750802756
1.51,,,144.334102005816
1.52,,,143.819124693392
1.53,,,143.787902393002
1.54,,,143.504216022782
1.55,,,143.213399390512
1.56,,,142.959378009596
1.57,,,142.690064880521
1.58,,,142.461782822453
1.59,,,141.748704183122
1.6,147.888694370602,150.240455707862,141.496634278595
1.61,,,141.049752559471
1.62,,,140.491000236819
1.63,,,139.923406892514
1.64,,,139.671315893488
1.65,,,139.087290426009
1.66,,,138.458226919416
1.67,,,138.169326254081
1.68,,,137.575282285054
1.69,,,137.022443889353
1.7,139.691492363863,139.826260439996,136.301702543076
1.71,,,136.475026856627
1.72,,,135.682300421888
1.73,,,135.245013402202
1.74,,,135.103922741067
1.75,,,134.78716026164
1.76,,,134.380431613534
1.77,,,134.20732670005
1.78,,,134.153644166765
1.79,,,133.874626583438
1.8,128.855917033834,126.606498348678,133.666999762618
1.81,,,133.787198193127
1.82,,,133.642616525692
1.83,,,133.588534303422
1.84,,,133.736810231632
1.85,,,133.766293627929
1.86,,,133.815226656186
1.87,,,133.842638334649
1.88,,,134.066298156104
1.89,,,134.218847872147
1.9,123.943913226155,121.167967248645,134.181692771601
1.91,,,135.012894961753
1.92,,,134.902939802422
1.93,,,135.17345121059
1.94,,,135.306961721315
1.95,,,135.624415156757
1.96,,,135.715258787252
1.97,,,136.042206545317
1.98,,,136.359041585931
1.99,,,136.43868001989
2,128.762184623762,127.618940076644,136.404010489377
2.01,,,137.083366473583
2.02,,,136.991211418444
2.03,,,137.153424402147
2.04,,,137.230716074315
2.05,,,137.267546183206
2.06,,,137.203432760957
2.07,,,137.087729478813
2.08000000000001,,,137.141734051288
2.09000000000001,,,136.925541712046
2.1,137.00569131673,137.725268002274,136.723236173166
2.11000000000001,,,136.738088587204
2.12000000000001,,,136.40734474615
2.13000000000001,,,136.144421576856
2.14000000000001,,,135.825560467792
2.15000000000001,,,135.59662079651
2.16000000000001,,,135.166975851247
2.17000000000001,,,135.005931702628
2.18000000000001,,,134.554035460768
2.19000000000001,,,134.177130791804
2.2,140.035043560485,141.356622709877,133.421463278854
2.21000000000001,,,133.805110889875
2.22000000000001,,,133.010324709176
2.23000000000001,,,132.799764875235
2.24000000000001,,,132.286004444315
2.25000000000001,,,131.942355773884
2.26000000000001,,,131.441820304312
2.27000000000001,,,131.16488950976
2.28000000000001,,,130.721904096425
2.29000000000001,,,130.300507602565
2.3,137.623446739094,138.814537665268,129.839779419138
2.31000000000001,,,129.80997148535
2.32000000000001,,,129.232297143128
2.33000000000001,,,128.690168071182
2.34000000000001,,,128.691184360052
2.35000000000001,,,128.155375876815
2.36000000000001,,,127.782476031601
2.37000000000001,,,127.470088892706
2.38000000000001,,,127.12678645449
2.39000000000001,,,126.620922908565
2.4,133.245604568778,134.146628543152,125.90764577452
2.41000000000001,,,126.49727098904
2.42000000000001,,,125.715229290174
2.43000000000001,,,125.328594113394
2.44000000000001,,,125.00826090353
2.45000000000001,,,124.673732143199
2.46000000000001,,,124.248630264811
2.47000000000001,,,123.927322921579
2.48000000000001,,,123.681123469937
2.49000000000001,,,123.381346037337
2.5,126.789586486323,127.181405189269,122.944035035488
2.51000000000001,,,123.142723121222
2.52000000000001,,,122.671899263693
2.53000000000001,,,122.486606038724
2.54000000000001,,,122.200999684013
2.55000000000001,,,122.102652231764
2.56000000000001,,,121.771307358487
2.57000000000001,,,121.620190921906
2.58000000000001,,,121.733086478181
2.59000000000001,,,121.473198591831
2.6,117.792132788851,117.28359528813,121.187960941365
2.61000000000001,,,121.264933522674
2.62000000000001,,,120.972969246074
2.63000000000001,,,120.799148280898
2.64000000000001,,,120.730321302653
2.65000000000001,,,120.54433089646
2.66000000000001,,,120.36393901752
2.67000000000001,,,120.317851110624
2.68000000000001,,,120.380191799957
2.69000000000001,,,120.294519810848
2.7,110.736681423237,109.765802148481,120.271956369833
2.71000000000001,,,120.484711047341
2.72000000000001,,,120.292653222808
2.73000000000001,,,120.228195402255
2.74000000000001,,,120.195272737455
2.75000000000001,,,120.128849481782
2.76000000000001,,,119.944395087684
2.77000000000001,,,119.899187149652
2.78000000000001,,,119.697472208246
2.79000000000001,,,119.55087987926
2.8,112.367379612032,111.783276126493,119.346775358947
2.81000000000001,,,119.477088479036
2.82000000000001,,,119.074726159113
2.83000000000001,,,119.036918482185
2.84000000000001,,,118.619824007532
2.85000000000001,,,118.441589318463
2.86000000000001,,,118.112991553498
2.87000000000001,,,117.999418925457
2.88000000000001,,,117.737761075198
2.89000000000001,,,117.370703695424
2.9,119.194279674007,119.44915654965,117.216859905244
2.91000000000001,,,116.920415296773
2.92000000000001,,,116.656114852059
2.93000000000001,,,116.283160912217
2.94000000000001,,,116.151089295435
2.95000000000001,,,115.8061695676
2.96000000000001,,,115.490768220827
2.97000000000001,,,115.351295786958
2.98000000000001,,,114.944804661898
2.99000000000001,,,114.708495833609
3,122.959615673059,123.715239032527,114.293207699217
3.01000000000001,,,114.559265331987
3.02000000000001,,,114.088845562954
3.03000000000001,,,114.060408024463
3.04000000000001,,,113.75850819133
3.05000000000001,,,113.557941429892
3.06000000000001,,,113.348278134778
3.07000000000001,,,113.254565230969
3.08000000000001,,,113.17948914703
3.09000000000001,,,113.057056342519
3.1,121.927534423017,122.704554559413,112.954521617131
3.11000000000001,,,113.139138377366
3.12000000000001,,,112.921181947445
3.13000000000001,,,112.845428890923
3.14000000000001,,,112.845924272087
3.15000000000001,,,112.892604599601
3.16000000000001,,,112.835019890916
3.17000000000001,,,112.790672551876
3.18000000000001,,,112.874623390269
3.19000000000001,,,112.636574630176
3.2,119.272401561053,119.879145353533,112.500636060436
3.21000000000001,,,112.734449475243
3.22000000000001,,,112.578565976734
3.23000000000001,,,112.458689246575
3.24000000000001,,,112.547178050592
3.25000000000001,,,112.403960056917
3.26000000000001,,,112.254440184644
3.27000000000001,,,112.153086428523
3.28000000000001,,,111.953393356706
3.29000000000001,,,111.929598217502
3.3,115.000499313485,115.261617171911,111.387056933881
3.31000000000001,,,112.046068538973
3.32000000000001,,,111.381835614998
3.33000000000001,,,111.364429950239
3.34000000000001,,,111.097640986141
3.35000000000001,,,110.988546418222
3.36000000000001,,,110.713201877899
3.37000000000001,,,110.468421473281
3.38000000000001,,,110.418056149697
3.39000000000001,,,109.992499593553
3.4,107.069057501501,106.797832575597,109.759498293898
3.41000000000001,,,109.667490026227
3.42000000000001,,,109.360550104914
3.43000000000001,,,109.133213323203
3.44000000000001,,,108.937389218294
3.45000000000001,,,108.663110203039
3.46000000000001,,,108.428095148127
3.47000000000001,,,108.212568572735
3.48000000000001,,,107.914329752362
3.49000000000001,,,107.684084555659
3.5,97.3900897238929,96.6754939263683,107.193284023632
3.51000000000001,,,107.37059418549
3.52000000000001,,,106.786134138031
3.53000000000001,,,106.573883981003
3.54000000000001,,,106.321375717971
3.55000000000001,,,106.054648437625
3.56000000000001,,,105.728794854509
3.57000000000001,,,105.427316894363
3.58000000000001,,,105.158644220404
3.59000000000001,,,104.731952765724
3.6,93.9768411253612,93.3248733190197,104.370769733824
3.61000000000001,,,104.158033082246
3.62000000000001,,,103.729186352247
3.63000000000001,,,103.467858864936
3.64000000000001,,,103.113027702345
3.65000000000001,,,102.788268990372
3.66000000000001,,,102.373455342841
3.67000000000001,,,102.081017200328
3.68000000000001,,,101.684885847663
3.69000000000001,,,101.300322491659
3.7,98.1615121883119,98.0037356208531,100.785808842313
3.71000000000001,,,100.676836001606
3.72000000000001,,,100.116824339258
3.73000000000001,,,99.7210348894325
3.74000000000001,,,99.3198040442397
3.75000000000001,,,98.9173881589697
3.76000000000001,,,98.5135561144598
3.77000000000001,,,98.0710953763006
3.78000000000001,,,97.7501273421052
3.79000000000001,,,97.1541049342214
3.8,102.963854294037,103.24148078148,96.1787849470871
3.81000000000001,,,96.7402403028114
3.82000000000001,,,95.6826024700483
3.83000000000001,,,95.1829997650419
3.84000000000001,,,94.6327387078169
3.85000000000001,,,94.149120908282
3.86000000000001,,,93.379743593813
3.87000000000001,,,92.8086832049088
3.88000000000001,,,92.1459264060229
3.89000000000001,,,91.5082533156306
3.9,102.319249339544,102.761136969644,89.8627502583402
3.91000000000001,,,90.9901038622149
3.92000000000001,,,89.4200572889506
3.93000000000001,,,88.5485782296783
3.94000000000001,,,87.8827346179925
3.95000000000001,,,86.9140135158965
3.96000000000001,,,86.2127960366312
3.97000000000001,,,85.0229735146292
3.98000000000001,,,84.3104107275151
3.99000000000001,,,83.2112767093807
4,95.461066015335,95.8574190489788,81.0457142094911
4.01000000000001,,,82.6083176162207
4.02000000000001,,,80.4089225613235
4.03,,,79.4599647465343
4.04,,,78.3382118504182
4.05,,,77.3630081151087
4.06,,,76.0763564816611
4.07,,,75.0103640800667
4.08,,,73.9246861381134
4.09,,,72.9404099858696
4.1,83.9968503867836,84.371737984463,70.3427691660792
4.11,,,71.9614733098646
4.12,,,69.4782733901251
4.13,,,68.1178090866402
4.14,,,67.0920161723459
4.15,,,65.7134200441472
4.16,,,64.6557800633134
4.17,,,63.1876495413489
4.18,,,62.2155609332068
4.19,,,60.9098405146971
4.2,67.2501439162169,67.3194320652857,58.4951349621633
4.21,,,60.0415819017621
4.22,,,57.6002362409146
4.23,,,56.5761326084125
4.24,,,55.3966328948963
4.25,,,54.4672395263091
4.26,,,53.2615407713843
4.27,,,52.44207439686
4.27999999999999,,,51.4054395813278
4.28999999999999,,,50.5510614889869
4.29999999999999,47.2965257746842,46.9457006872752,49.2511081444067
4.30999999999999,,,48.8780568456657
4.31999999999999,,,47.71518482339
4.32999999999999,,,46.7998946971323
4.33999999999999,,,46.058479320706
4.34999999999999,,,45.154435283203
4.35999999999999,,,44.5120782398852
4.36999999999999,,,43.5900669418861
4.37999999999999,,,42.7317319986593
4.38999999999999,,,41.9970024445566
4.39999999999999,33.4768978044335,33.0312096589934,40.8087986582167
4.40999999999999,,,40.8234998372575
4.41999999999999,,,39.5611822820679
4.42999999999999,,,39.0762308774067
4.43999999999999,,,38.0055516012183
4.44999999999999,,,37.4351493477269
4.45999999999999,,,36.5582298949023
4.46999999999999,,,35.9128815916446
4.47999999999999,,,35.09672195159
4.48999999999999,,,34.4016427856322
4.49999999999999,30.1464877182011,29.9074556346906,33.2902447344421
4.50999999999999,,,33.1500952833976
4.51999999999998,,,32.1294928258844
4.52999999999998,,,31.3159818759691
4.53999999999998,,,30.6788035664431
4.54999999999998,,,29.9047186836833
4.55999999999998,,,29.2814231158412
4.56999999999998,,,28.4668713547831
4.57999999999998,,,27.7941994678244
4.58999999999998,,,27.0335170509406
4.59999999999998,31.1127769295959,31.1782137462157,25.7275869134942
4.60999999999998,,,26.4319219249864
4.61999999999998,,,25.0283148629914
4.62999999999998,,,24.4976250029792
4.63999999999998,,,23.6996176060998
4.64999999999998,,,23.1599121577173
4.65999999999998,,,22.4257603777487
4.66999999999998,,,21.9078746135646
4.67999999999998,,,21.3649301294203
4.68999999999998,,,20.7740999804593
4.69999999999998,29.1372635584535,29.3578430675333,19.8627410987925
4.70999999999998,,,20.1590695950168
4.71999999999998,,,19.3248467609716
4.72999999999998,,,18.7304698122789
4.73999999999998,,,18.4645896667731
4.74999999999998,,,17.9132460870486
4.75999999999998,,,17.562645624409
4.76999999999997,,,17.1156478046337
4.77999999999997,,,16.6673020407133
4.78999999999997,,,16.3383761791598
4.79999999999997,24.0016762477357,24.2046447697102,15.515190528887
4.80999999999997,,,16.2288911925219
4.81999999999997,,,15.3769143947109
4.82999999999997,,,15.2818827621255
4.83999999999997,,,14.7135708452157
4.84999999999997,,,14.5246122674253
4.85999999999997,,,14.1935732403126
4.86999999999997,,,13.945713791958
4.87999999999997,,,13.6935168010505
4.88999999999997,,,13.3962122007786
4.89999999999997,19.2535679237004,19.4167477387407,13.1685756276817
4.90999999999997,,,12.8887511290371
4.91999999999997,,,12.7494871978223
4.92999999999997,,,12.3475298001279
4.93999999999997,,,12.3176468366076
4.94999999999997,,,11.9540308839044
4.95999999999997,,,11.8072381439576
4.96999999999997,,,11.5563825130787
4.97999999999997,,,10.9668430244019
4.98999999999997,,,10.9656997790202
4.99999999999997,13.2734413090851,13.3298231921735,10.2601011395868
5.00999999999997,,,10.9182248362376
5.01999999999996,,,10.1689916231722
5.02999999999996,,,10.3008351442506
5.03999999999996,,,9.48408814075469
5.04999999999996,,,9.41596537624195
5.05999999999996,,,9.18719610208989
5.06999999999996,,,8.98405382343018
5.07999999999996,,,8.8782180268702
5.08999999999996,,,8.51507132995678
5.09999999999996,,,8.73754636702175
5.1,4.15351848964572,3.94873368414982,
5.10999999999996,,,7.8524280362927
5.11999999999996,,,8.09640772776487
5.12999999999996,,,7.67741964087829
5.13999999999996,,,7.72769604386357
5.14999999999996,,,7.48128701377224
5.15999999999996,,,7.44663901372541
5.16999999999996,,,7.36376850815098
5.17999999999996,,,6.74997233660629
5.18999999999996,,,6.94714083586707
5.19999999999996,-3.58483724937962,-3.94633797618503,6.42753803539202
5.20999999999996,,,6.91428123809651
5.21999999999996,,,6.31131582939951
5.22999999999996,,,6.41708946878565
5.23999999999996,,,5.72881431159545
5.24999999999996,,,5.63055841764105
5.25999999999995,,,5.38245878863885
5.26999999999995,,,5.14241661117597
5.27999999999995,,,4.93601281220133
5.28999999999995,,,4.63518706356766
5.29999999999995,,,4.64013612432331
5.3,-3.0856693554776,-3.3366872643925,
5.30999999999995,,,3.88922058934831
5.31999999999995,,,3.79432896987513
5.32999999999995,,,3.38198852865026
5.33999999999995,,,3.09750233460372
5.34999999999995,,,2.72548385419358
5.35999999999995,,,2.3920837249115
5.36999999999995,,,2.07163435174693
5.37999999999995,,,1.51464862703238
5.38999999999995,,,1.16764642901228
5.39999999999995,,,0.858624275429411
5.4,3.28182335350534,3.3090241482625,
5.40999999999995,,,0.555429286147624
5.41999999999995,,,0.0692097499033234
5.42999999999995,,,-0.0743796596591769
5.43999999999995,,,-0.714059814205277
5.44999999999995,,,-1.02717014104363
5.45999999999995,,,-1.50144292772609
5.46999999999995,,,-1.72498856396704
5.47999999999995,,,-2.10107189621564
5.48999999999995,,,-2.57734534035447
5.49999999999995,,,-2.75088828901049
5.5,7.6259024577968,7.90779190035504,
5.50999999999994,,,-3.45415137471564
5.51999999999994,,,-3.54814382697591
5.52999999999994,,,-3.98390936783305
5.53999999999994,,,-4.15327314912134
5.54999999999994,,,-4.53171017386641
5.55999999999994,,,-4.84278471477604
5.56999999999994,,,-5.10096974991069
5.57999999999994,,,-5.5713948147631
5.58999999999994,,,-5.69239924942423
5.59999999999994,,,-5.91803737958776
5.6,5.53370285992115,5.82342803554068,
5.60999999999994,,,-6.0791792490025
5.61999999999994,,,-6.23037756256076
5.62999999999994,,,-6.20821525108587
5.63999999999994,,,-6.71180483248795
5.64999999999994,,,-6.7790791278724
5.65999999999994,,,-6.98499237473699
5.66999999999994,,,-7.13485218534789
5.67999999999994,,,-7.28609431378565
5.68999999999994,,,-7.4699008544846
5.69999999999994,,,-7.18663343990429
5.7,1.19610255295499,1.44153035349481,
5.70999999999994,,,-8.18007907736373
5.71999999999994,,,-8.01776822899646
5.72999999999994,,,-8.21695540753653
5.73999999999994,,,-8.32497056150217
5.74999999999993,,,-8.56503810562383
5.75999999999993,,,-8.74917046249126
5.76999999999993,,,-8.83194176374871
5.77999999999993,,,-9.39487461816307
5.78999999999993,,,-9.36295869458686
5.79999999999993,,,-9.68333237092484
5.8,-4.77317649390073,-4.64956460725195,
5.80999999999993,,,-9.68900289830583
5.81999999999993,,,-10.0540265477848
5.82999999999993,,,-10.1192008647115
5.83999999999993,,,-10.8056639839431
5.84999999999993,,,-11.0157494677969
5.85999999999993,,,-11.1046567321753
5.86999999999993,,,-11.4761810771806
5.87999999999993,,,-11.6226166245075
5.88999999999993,,,-12.0649859635063
5.89999999999993,,,-11.7333598552265
5.9,-13.9467943519222,-14.0751272842432,
5.90999999999993,,,-13.1273880366106
5.91999999999993,,,-12.7401583941316
5.92999999999993,,,-13.1020968629997
5.93999999999993,,,-13.3320739890036
5.94999999999993,,,-13.6097928550188
5.95999999999993,,,-13.8568571627312
5.96999999999993,,,-13.8297857223085
5.97999999999993,,,-14.6723378540054
5.98999999999993,,,-14.5497813808077
5.99999999999992,,,-14.9596284535375
6,-24.7963802864098,-25.1610822796338,
6.00999999999992,,,-15.0616258861042
6.01999999999992,,,-15.403039973217
6.02999999999992,,,-15.398116631194
6.03999999999992,,,-16.1936279319881
6.04999999999992,,,-16.4455042830198
6.05999999999992,,,-16.8455823428289
6.06999999999992,,,-17.1227524686575
6.07999999999992,,,-17.3256793639061
6.08999999999992,,,-17.880918166497
6.09999999999992,,,-17.7325765208188
6.1,-29.1506840722726,-29.5286747518485,
6.10999999999992,,,-19.102056461879
6.11999999999992,,,-19.0755226980818
6.12999999999992,,,-19.6550233423695
6.13999999999992,,,-20.0909572399163
6.14999999999992,,,-20.6479104577337
6.15999999999992,,,-21.1822021135186
6.16999999999992,,,-21.8463771327901
6.17999999999992,,,-22.5582788789711
6.18999999999992,,,-22.9719677433969
6.19999999999992,,,-23.7308834557147
6.2,-26.5197874584754,-26.7075796743071,
6.20999999999992,,,-24.1349835535541
6.21999999999992,,,-24.8746631143114
6.22999999999992,,,-25.4034674052172
6.23999999999991,,,-26.3342200070526
6.24999999999991,,,-26.8967283885601
6.25999999999991,,,-27.6716981370784
6.26999999999991,,,-28.3554136537146
6.27999999999991,,,-29.2907392098486
6.28999999999991,,,-29.7076049137991
6.29999999999991,,,-30.3061391725658
6.3,-23.8499522285889,-23.7993662696517,
6.30999999999991,,,-31.425308225609
6.31999999999991,,,-31.8603730724134
6.32999999999991,,,-32.7047969412755
6.33999999999991,,,-33.4561866154229
6.34999999999991,,,-34.408440929358
6.35999999999991,,,-34.6344972235138
6.36999999999991,,,-35.5734727217131
6.37999999999991,,,-36.4490675683297
6.38999999999991,,,-37.4687698295366
6.39999999999991,,,-37.7005966631998
6.4,-26.8326016073988,-26.6916976743985,
6.40999999999991,,,-38.5269091018175
6.41999999999991,,,-39.2244695525251
6.42999999999991,,,-39.8051424473427
6.43999999999991,,,-40.9004159828269
6.44999999999991,,,-41.6379107570769
6.45999999999991,,,-42.5075370161305
6.46999999999991,,,-42.925906020504
6.47999999999991,,,-43.8009811009961
6.4899999999999,,,-44.4820606364101
6.4999999999999,,,-45.4189991909178
6.5,-33.9717503682073,-33.8177346910283,
6.5099999999999,,,-46.2603053232832
6.5199999999999,,,-46.8633750598043
6.5299999999999,,,-47.7021470401148
6.5399999999999,,,-48.6029276781616
6.5499999999999,,,-49.639785234392
6.5599999999999,,,-50.2045260221427
6.5699999999999,,,-51.2870026836386
6.5799999999999,,,-52.3959397684147
6.5899999999999,,,-53.0894819502103
6.5999999999999,,,-54.0477474769063
6.6,-43.7880833190805,-43.6320306816372,
6.6099999999999,,,-55.4586571336635
6.6199999999999,,,-56.1137779850641
6.6299999999999,,,-57.1993208900302
6.6399999999999,,,-58.5991577149249
6.6499999999999,,,-59.3745353510946
6.6599999999999,,,-60.8739084879098
6.6699999999999,,,-61.6508451887402
6.6799999999999,,,-63.2717348602622
6.6899999999999,,,-64.2211692133325
6.6999999999999,,,-65.640016357285
6.7,-58.6473043753148,-58.61775976,
6.7099999999999,,,-66.990975383599
6.7199999999999,,,-68.0708072463815
6.72999999999989,,,-69.5663150800192
6.73999999999989,,,-70.6371116620004
6.74999999999989,,,-72.206097749042
6.75999999999989,,,-73.2994416743212
6.76999999999989,,,-74.9424908510074
6.77999999999989,,,-76.1635682843629
6.78999999999989,,,-77.1860548555357
6.79999999999989,,,-79.2467064399815
6.8,-79.156057250602,-79.3248138521177,
6.80999999999989,,,-79.1759090080589
6.81999999999989,,,-80.9335078123008
6.82999999999989,,,-81.7394138150607
6.83999999999989,,,-83.4499628324193
6.84999999999989,,,-84.1981512335922
6.85999999999989,,,-85.3105567906833
6.86999999999989,,,-86.3184420355636
6.87999999999989,,,-87.2605702352072
6.88999999999989,,,-88.0408939093949
6.89999999999989,,,-89.1867229319868
6.9,-95.3777514070128,-95.5925258406845,
6.90999999999989,,,-89.6998527574447
6.91999999999989,,,-90.5248802779738
6.92999999999989,,,-91.274603926537
6.93999999999989,,,-91.9157206281311
6.94999999999989,,,-92.6576909178061
6.95999999999989,,,-93.2008941499345
6.96999999999989,,,-93.9304877238517
6.97999999999988,,,-94.7368825220934
6.98999999999988,,,-95.1919255667716
6.99999999999988,,,-96.2764045100301
7,-99.1672829836357,-99.2465744665891,
7.00999999999988,,,-95.4734255216622
7.01999999999988,,,-96.623218138468
7.02999999999988,,,-96.9413058532804
7.03999999999988,,,-97.5436874496955
7.04999999999988,,,-97.8639814589717
7.05999999999988,,,-98.3676300852539
7.06999999999988,,,-98.7195637330392
7.07999999999988,,,-99.017509075698
7.08999999999988,,,-99.4359848726741
7.09999999999988,,,-100.055882990889
7.1,-95.2899878501609,-95.1764453303702,
7.10999999999988,,,-100.060420272906
7.11999999999988,,,-100.473534555116
7.12999999999988,,,-100.88104702131
7.13999999999988,,,-101.137394201715
7.14999999999988,,,-101.505779286752
7.15999999999988,,,-101.780084416352
7.16999999999988,,,-102.212906892339
7.17999999999988,,,-102.593472655053
7.18999999999988,,,-102.746323234858
7.19999999999988,,,-103.256400896871
7.20000000000001,-94.1655506711755,-93.9905695635726,
7.20999999999988,,,-103.270180962937
7.21999999999987,,,-103.657762608043
7.22999999999987,,,-103.948754341036
7.23999999999987,,,-104.413949358877
7.24999999999987,,,-104.641609639482
7.25999999999987,,,-104.90523357725
7.26999999999987,,,-105.246067433733
7.27999999999987,,,-105.581368341605
7.28999999999987,,,-105.740555292348
7.29999999999987,,,-106.117187287279
7.30000000000001,-97.5947238353367,-97.4590874320571,
7.30999999999987,,,-106.422994478166
7.31999999999987,,,-106.563299948724
7.32999999999987,,,-106.86173051354
7.33999999999987,,,-107.145905995092
7.34999999999987,,,-107.393397419047
7.35999999999987,,,-107.588385497025
7.36999999999987,,,-107.875963201902
7.37999999999987,,,-108.220192442908
7.38999999999987,,,-108.306682537678
7.39999999999987,,,-108.745810622334
7.40000000000001,-102.840644365401,-102.758405595787,
7.40999999999987,,,-108.750426623393
7.41999999999987,,,-109.125294691935
7.42999999999987,,,-109.306737376496
7.43999999999987,,,-109.732205098222
7.44999999999987,,,-109.866465283386
7.45999999999987,,,-110.106079002241
7.46999999999986,,,-110.338608565479
7.47999999999986,,,-110.528578909579
7.48999999999986,,,-110.745969335978
7.49999999999986,,,-110.916215252315
7.50000000000001,-109.388421463205,-109.376135577821,
7.50999999999986,,,-111.37027986156
7.51999999999986,,,-111.324537066203
7.52999999999986,,,-111.626495307964
7.53999999999986,,,-111.77367872821
7.54999999999986,,,-111.92128206347
7.55999999999986,,,-112.05720974296
7.56999999999986,,,-112.186160904347
7.57999999999986,,,-112.510418569843
7.58999999999986,,,-112.365225197113
7.59999999999986,,,-112.676250770298
7.60000000000001,-118.251175371873,-118.335964021564,
7.60999999999986,,,-112.518886771822
7.61999999999986,,,-112.655755980428
7.62999999999986,,,-112.617943893466
7.63999999999986,,,-112.857129789389
7.64999999999986,,,-112.745505017608
7.65999999999986,,,-112.70904499419
7.66999999999986,,,-112.728410320222
7.67999999999986,,,-112.699047307784
7.68999999999986,,,-112.733541658932
7.69999999999986,,,-112.630241509098
7.70000000000001,-124.827558306132,-124.933070743082,
7.70999999999985,,,-112.921852737407
7.71999999999985,,,-112.655305090458
7.72999999999985,,,-112.772166046475
7.73999999999985,,,-112.709362816498
7.74999999999985,,,-112.702868169455
7.75999999999985,,,-112.70797217529
7.76999999999985,,,-112.826128970782
7.77999999999985,,,-113.050449067414
7.78999999999985,,,-112.973277967337
7.79999999999985,,,-113.218019857041
7.80000000000001,-122.528422286059,-122.57884135971,
7.80999999999985,,,-113.047911498969
7.81999999999985,,,-113.295596522749
7.82999999999985,,,-113.321661952619
7.83999999999985,,,-113.691651082686
7.84999999999985,,,-113.653873806395
7.85999999999985,,,-113.859734303128
7.86999999999985,,,-114.017144753413
7.87999999999985,,,-114.229151157957
7.88999999999985,,,-114.407883626754
7.89999999999985,,,-114.696225480625
7.90000000000001,-113.969072964029,-113.913432046197,
7.90999999999985,,,-114.990810867487
7.91999999999985,,,-114.997395888221
7.92999999999985,,,-115.26166171386
7.93999999999985,,,-115.419696494222
7.94999999999985,,,-115.68164096502
7.95999999999985,,,-115.665265201747
7.96999999999985,,,-116.126462374077
7.97999999999984,,,-116.350349885907
7.98999999999984,,,-116.506173131863
7.99999999999984,,,-116.904090545988
8.00000000000001,-107.794362369384,-107.695097450625,
8.00999999999984,,,-117.005027385685
8.01999999999984,,,-117.38852848726
8.02999999999984,,,-117.687011141281
8.03999999999984,,,-118.214060624616
8.04999999999984,,,-118.406841281814
8.05999999999984,,,-118.84255914108
8.06999999999984,,,-119.171014385649
8.07999999999984,,,-119.56367798061
8.08999999999984,,,-119.747225818422
8.09999999999984,,,-120.248250736992
8.10000000000001,-107.83648421548,-107.744016700306,
8.10999999999984,,,-120.469620486068
8.11999999999984,,,-120.621488933997
8.12999999999984,,,-120.883725726122
8.13999999999984,,,-121.051949798617
8.14999999999984,,,-121.255127655905
8.15999999999984,,,-121.328984694835
8.16999999999984,,,-121.610349121936
8.17999999999984,,,-121.833384784525
8.18999999999984,,,-121.850833135717
8.19999999999984,,,-122.188199260703
8.20000000000001,-111.758602459523,-111.688714180579,
8.20999999999984,,,-122.07857325589
8.21999999999984,,,-122.249267867813
8.22999999999983,,,-122.293240967197
8.23999999999983,,,-122.509386737051
8.24999999999983,,,-122.535979795296
8.25999999999983,,,-122.751001099075
8.26999999999983,,,-122.95710568963
8.27999999999983,,,-123.02329755745
8.28999999999983,,,-123.239344933889
8.29999999999983,,,-123.674177870458
8.30000000000001,-117.294291314184,-117.259085748992,
8.30999999999983,,,-123.443772161785
8.31999999999983,,,-123.720516485287
8.32999999999983,,,-123.994507096969
8.33999999999983,,,-124.210079881897
8.34999999999983,,,-124.433972041676
8.35999999999983,,,-124.710612219353
8.36999999999983,,,-125.050585631536
8.37999999999983,,,-125.275272100589
8.38999999999983,,,-125.461584081887
8.39999999999983,,,-126.025752611347
8.4,-126.522823169421,-126.541557175656,
8.40999999999983,,,-125.844939843838
8.41999999999983,,,-126.338901726907
8.42999999999983,,,-126.7592052962
8.43999999999983,,,-127.119998871977
8.44999999999983,,,-127.289394044621
8.45999999999983,,,-127.641463163552
8.46999999999982,,,-127.980436148245
8.47999999999982,,,-128.356021933767
8.48999999999982,,,-128.615533555259
8.49999999999982,,,-129.354716239432
8.5,-138.025188064398,-138.075126945445,
8.50999999999982,,,-129.277290386598
8.51999999999982,,,-129.701993799774
8.52999999999982,,,-130.087023799596
8.53999999999982,,,-130.488038923576
8.54999999999982,,,-130.898311758481
8.55999999999982,,,-130.894153113575
8.56999999999982,,,-131.472106532959
8.57999999999982,,,-131.924156674806
8.58999999999982,,,-132.104321931547
8.59999999999982,,,-132.690073059272
8.6,-143.066304840113,-143.118979083564,
8.60999999999982,,,-132.83591675905
8.61999999999982,,,-133.38108397995
8.62999999999982,,,-133.606040660686
8.63999999999982,,,-134.233263208852
8.64999999999982,,,-134.374583955335
8.65999999999982,,,-134.795172705962
8.66999999999982,,,-135.077272341533
8.67999999999982,,,-135.422280844327
8.68999999999982,,,-135.676113841449
8.69999999999982,,,-136.043275502515
8.7,-139.62068725215,-139.650817974729,
8.70999999999982,,,-136.301920541157
8.71999999999981,,,-136.377697480247
8.72999999999981,,,-136.732870349546
8.73999999999981,,,-136.826794630418
8.74999999999981,,,-137.006767966971
8.75999999999981,,,-137.033599469338
8.76999999999981,,,-137.170844724785
8.77999999999981,,,-137.291010636167
8.78999999999981,,,-137.1316161287
8.79999999999981,,,-137.393217187445
8.8,-133.99711472003,-133.984229273896,
8.80999999999981,,,-136.704407040444
8.81999999999981,,,-136.821141673221
8.82999999999981,,,-136.634247281109
8.83999999999981,,,-136.580264739497
8.84999999999981,,,-136.213162868365
8.85999999999981,,,-136.003718015024
8.86999999999981,,,-135.833723982592
8.87999999999981,,,-135.525588107307
8.88999999999981,,,-135.256838917089
8.89999999999981,,,-135.227919200573
8.9,-129.420828894819,-129.425544573566,
8.90999999999981,,,-134.562886740724
8.91999999999981,,,-134.408149590215
8.92999999999981,,,-134.097479056736
8.93999999999981,,,-134.106644522711
8.94999999999981,,,-133.775679345949
8.9599999999998,,,-133.629752148145
8.9699999999998,,,-133.566024740783
8.9799999999998,,,-133.238842968886
8.9899999999998,,,-133.148268363503
8.9999999999998,,,-132.962169917225
9,-126.84988538217,-126.821602444544,
9.0099999999998,,,-133.032175809713
9.0199999999998,,,-132.905498079513
9.0299999999998,,,-133.151130911027
9.0399999999998,,,-133.005789740689
9.0499999999998,,,-133.070570886087
9.0599999999998,,,-133.165963922258
9.0699999999998,,,-133.290095241373
9.0799999999998,,,-133.534661966608
9.0899999999998,,,-133.720548828689
9.0999999999998,,,-134.409152350401
9.1,-128.056604069135,-128.054099968752,
9.1099999999998,,,-134.120848805563
9.1199999999998,,,-134.716867910592
9.1299999999998,,,-135.002928057767
9.1399999999998,,,-135.397236583781
9.1499999999998,,,-135.782252797498
9.1599999999998,,,-136.237866519351
9.1699999999998,,,-136.8192474034
9.1799999999998,,,-137.05722247791
9.1899999999998,,,-137.505105814392
9.1999999999998,,,-137.834632587533
9.2,-135.428783452106,-135.447395782993,
9.20999999999979,,,-138.375896199203
9.21999999999979,,,-138.696085320897
9.22999999999979,,,-139.103574463062
9.23999999999979,,,-139.555664749044
9.24999999999979,,,-139.736054905371
9.25999999999979,,,-140.03899188223
9.26999999999979,,,-140.330087666701
9.27999999999979,,,-140.728011418848
9.28999999999979,,,-140.915210406809
9.29999999999979,,,-141.236826898769
9.3,-147.216075994215,-147.276302873607,
9.30999999999979,,,-141.60087897385
9.31999999999979,,,-141.535292733289
9.32999999999979,,,-141.847559139213
9.33999999999979,,,-141.956455649806
9.34999999999979,,,-142.187778747896
9.35999999999979,,,-142.213036430825
9.36999999999979,,,-142.390961283493
9.37999999999979,,,-142.748733820694
9.38999999999979,,,-142.549408946583
9.39999999999979,,,-142.874682721617
9.4,-153.223137132432,-153.291454947592,
9.40999999999979,,,-142.757774832728
9.41999999999979,,,-142.965077179741
9.42999999999979,,,-142.849395362604
9.43999999999979,,,-143.089433007404
9.44999999999978,,,-142.83414559198
9.45999999999978,,,-142.731644313724
9.46999999999978,,,-142.562503088978
9.47999999999978,,,-142.276087857596
9.48999999999978,,,-142.108391315568
9.49999999999978,,,-141.647190973751
9.5,-147.902974802547,-147.947512427681,
9.50999999999978,,,-141.903734188437
9.51999999999978,,,-141.219174490232
9.52999999999978,,,-141.031458043833
9.53999999999978,,,-140.724635055675
9.54999999999978,,,-140.329135956845
9.55999999999978,,,-139.923070573947
9.56999999999978,,,-139.579993579891
9.57999999999978,,,-139.351649334713
9.58999999999978,,,-138.82964260723
9.59999999999978,,,-138.600033349463
9.6,-136.262040229579,-136.280409200258,
9.60999999999978,,,-138.292230917228
9.61999999999978,,,-137.887419102797
9.62999999999978,,,-137.630055759654
9.63999999999978,,,-137.281327524719
9.64999999999978,,,-136.984833341094
9.65999999999978,,,-136.698484596171
9.66999999999978,,,-136.58212093916
9.67999999999978,,,-136.547579692968
9.68999999999978,,,-136.258226724567
9.69999999999977,,,-136.624789493126
9.7,-128.138359413289,-128.140272869689,
9.70999999999977,,,-135.960268664229
9.71999999999977,,,-136.269499956045
9.72999999999977,,,-136.237171960343
9.73999999999977,,,-136.476347614871
9.74999999999977,,,-136.592378437941
9.75999999999977,,,-136.930260474941
9.76999999999977,,,-137.363889045275
9.77999999999977,,,-137.299402926047
9.78999999999977,,,-137.886485020963
9.79999999999977,,,-138.146097165196
9.8,-128.295015501593,-128.282951179029,
9.80999999999977,,,-138.688633741477
9.81999999999977,,,-139.051773883109
9.82999999999977,,,-139.886535843269
9.83999999999977,,,-140.21119436802
9.84999999999977,,,-140.810710866539
9.85999999999977,,,-141.446011334745
9.86999999999977,,,-142.020140249881
9.87999999999977,,,-142.661319822003
9.88999999999977,,,-143.139128316687
9.89999999999977,,,-144.111913382481
9.9,-135.199503073462,-135.201714637672,
9.90999999999977,,,-144.326519419794
9.91999999999977,,,-145.046826494787
9.92999999999977,,,-145.529532090762
9.93999999999976,,,-146.167771574004
9.94999999999976,,,-146.809979658966
9.95999999999976,,,-147.095801621909
9.96999999999976,,,-147.782366595887
9.97999999999976,,,-148.063059179795
9.98999999999976,,,-148.476104461129
9.99999999999976,,,-148.765374807155
10,-145.747205801746,-145.787758072486,
10.0099999999998,,,-149.110203582775
10.0199999999998,,,-149.414771027936
10.0299999999998,,,-149.629550499686
10.0399999999998,,,-149.982697422354
10.0499999999998,,,-150.003363039381
10.0599999999998,,,-150.059258040258
10.0699999999998,,,-150.038121982932
10.0799999999998,,,-149.984084726379
10.0899999999998,,,-150.047323833553
10.0999999999998,,,-149.704696426008
10.1,-156.865572692613,-156.91475284491,
10.1099999999998,,,-150.077899476655
10.1199999999998,,,-149.398043964771
10.1299999999998,,,-149.237018468787
10.1399999999998,,,-148.845742415378
10.1499999999998,,,-148.543570862602
10.1599999999998,,,-148.157819301248
10.1699999999998,,,-147.654112566931
10.1799999999998,,,-147.526019366265
10.1899999999998,,,-146.696259665102
10.1999999999998,,,-146.385107472762
10.2,-161.316713197925,-161.372618002068,
10.2099999999998,,,-145.565363771743
10.2199999999998,,,-145.073898218338
10.2299999999998,,,-144.363646835587
10.2399999999998,,,-143.975782659105
10.2499999999998,,,-143.278293029359
10.2599999999998,,,-142.63471218258
10.2699999999998,,,-142.300727857035
10.2799999999998,,,-141.589213350495
10.2899999999998,,,-141.014396681932
10.2999999999998,,,-140.319770154777
10.3,-153.634533712999,-153.68334779987,
10.3099999999997,,,-139.977386217811
10.3199999999997,,,-139.223770082101
10.3299999999997,,,-138.628205579837
10.3399999999997,,,-138.53168350562
10.3499999999997,,,-137.97431547751
10.3599999999997,,,-137.565342033134
10.3699999999997,,,-137.240125128702
10.3799999999997,,,-136.8925821731
10.3899999999997,,,-136.645350851973
10.3999999999997,,,-136.295548604772
10.4,-139.269987392795,-139.305341583404,
10.4099999999997,,,-136.47483283107
10.4199999999997,,,-136.210209499457
10.4299999999997,,,-136.330692667764
10.4399999999997,,,-136.170889711906
10.4499999999997,,,-136.171285404796
10.4599999999997,,,-136.450230159694
10.4699999999997,,,-136.457608141739
10.4799999999997,,,-136.715644472661
10.4899999999997,,,-136.905094549762
10.4999999999997,,,-137.448778653082
10.5,-129.748550044842,-129.772046764525,
10.5099999999997,,,-137.481389972009
10.5199999999997,,,-137.925716934721
10.5299999999997,,,-138.33174585872
10.5399999999997,,,-138.693761839127
10.5499999999997,,,-139.14657447311
10.5599999999997,,,-139.429963614284
10.5699999999997,,,-139.982463869298
10.5799999999997,,,-140.401850716102
10.5899999999997,,,-140.758324901334
10.5999999999997,,,-141.089472407019
10.6,-129.66302527526,-129.677289459362,
10.6099999999997,,,-141.636453255663
10.6199999999997,,,-141.92078825045
10.6299999999997,,,-142.440468258178
10.6399999999997,,,-142.750596492038
10.6499999999997,,,-143.129989718169
10.6599999999997,,,-143.576181022966
10.6699999999997,,,-143.929287931179
10.6799999999997,,,-144.412253505144
10.6899999999997,,,-144.72217266066
10.6999999999997,,,-145.454619126086
10.7,-134.196391893074,-134.224265278506,
10.7099999999997,,,-145.480144772092
10.7199999999997,,,-145.857891853311
10.7299999999997,,,-146.245314915726
10.7399999999997,,,-146.424389238454
10.7499999999997,,,-146.730001200242
10.7599999999997,,,-146.970698241563
10.7699999999997,,,-147.1473184265
10.7799999999997,,,-147.278614113281
10.7899999999997,,,-147.127936674664
10.7999999999997,,,-147.351613063238
10.8,-140.251026450903,-140.28619530379,
10.8099999999997,,,-146.910965134152
10.8199999999997,,,-147.033072157922
10.8299999999997,,,-146.795776581049
10.8399999999997,,,-146.794691184546
10.8499999999997,,,-146.361918545216
10.8599999999997,,,-146.073327587378
10.8699999999997,,,-145.771394126471
10.8799999999997,,,-145.242496674456
10.8899999999997,,,-144.97221616628
10.8999999999997,,,-144.244270334292
10.9,-146.944375369712,-146.989819644304,
10.9099999999997,,,-144.401469004192
10.9199999999997,,,-143.429618260549
10.9299999999997,,,-142.924469387991
10.9399999999997,,,-142.522084196027
10.9499999999997,,,-141.892008409614
10.9599999999997,,,-141.305919005817
10.9699999999997,,,-140.77947562802
10.9799999999997,,,-140.469750787918
10.9899999999997,,,-139.68910434545
10.9999999999997,,,-139.226192891472
11,-151.195202043017,-151.24112835898,
11.0099999999997,,,-138.955453542855
11.0199999999997,,,-138.276824076643
11.0299999999997,,,-137.801875261957
11.0399999999997,,,-137.525512944518
11.0499999999997,,,-137.126886591966
11.0599999999997,,,-136.757690318166
11.0699999999997,,,-136.547935517695
11.0799999999997,,,-136.458129841989
11.0899999999997,,,-136.260781054552
11.0999999999997,,,-136.052475789197
11.1,-148.410616918547,-148.44547559073,
11.1099999999997,,,-136.282564049024
11.1199999999997,,,-136.037587131835
11.1299999999997,,,-136.133368455177
11.1399999999997,,,-136.205592009966
11.1499999999997,,,-136.395546066816
11.1599999999997,,,-136.640237626867
11.1699999999997,,,-136.936836263536
11.1799999999997,,,-137.329941188158
11.1899999999997,,,-137.582126719212
11.1999999999997,,,-137.963442000254
11.2,-140.995810784135,-141.02695133873,
11.2099999999997,,,-138.276249223543
11.2199999999997,,,-138.722624539112
11.2299999999997,,,-139.062770648842
11.2399999999997,,,-139.818260236241
11.2499999999997,,,-140.185364412592
11.2599999999997,,,-140.678086524497
11.2699999999997,,,-141.130197166506
11.2799999999997,,,-141.687947185747
11.2899999999997,,,-142.133472468377
11.2999999999997,,,-142.589103899438
11.3,-136.444898759059,-136.468342875792,
11.3099999999997,,,-143.272778912657
11.3199999999997,,,-143.535428403649
11.3299999999997,,,-144.018552584022
11.3399999999997,,,-144.439875038069
11.3499999999997,,,-144.908430619614
11.3599999999997,,,-145.17563410843
11.3699999999997,,,-145.632953694061
11.3799999999997,,,-145.764083866571
11.3899999999997,,,-146.091981540672
11.3999999999997,,,-146.123461660628
11.4,-138.129124603598,-138.156157553253,
11.4099999999997,,,-146.622689529491
11.4199999999997,,,-146.607257106402
11.4299999999997,,,-146.867644045249
11.4399999999997,,,-146.865313545308
11.4499999999997,,,-146.767404119097
11.4599999999997,,,-146.768123558361
11.4699999999997,,,-146.713677013086
11.4799999999997,,,-146.681289603135
11.4899999999997,,,-146.568608517789
11.4999999999997,,,-146.380134119262
11.5,-140.660190771329,-140.682101845468,
11.5099999999997,,,-146.278926140928
11.5199999999997,,,-145.819215879326
11.5299999999997,,,-145.593699768529
11.5399999999997,,,-145.264570570175
11.5499999999997,,,-144.847458652251
11.5599999999997,,,-144.517380569265
11.5699999999997,,,-144.000712714265
11.5799999999997,,,-143.581287123171
11.5899999999997,,,-142.892708248024
11.5999999999997,,,-142.413435840566
11.6,-140.397772402341,-140.407093380435,
11.6099999999997,,,-141.902784752218
11.6199999999997,,,-141.211513116507
11.6299999999997,,,-140.652876382677
11.6399999999997,,,-140.096924379923
11.6499999999997,,,-139.41743606796
11.6599999999997,,,-138.627370046934
11.6699999999997,,,-138.246310070997
11.6799999999997,,,-137.550050514565
11.6899999999997,,,-136.918939963934
11.6999999999997,,,-136.094819388247
11.7,-139.647612644807,-139.663193084434,
11.7099999999997,,,-135.979048880913
11.7199999999997,,,-135.091787099825
11.7299999999997,,,-134.48116010383
11.7399999999997,,,-134.207105120659
11.7499999999997,,,-133.720387780495
11.7599999999997,,,-133.243791731136
11.7699999999997,,,-132.828463495274
11.7799999999997,,,-132.735812838644
11.7899999999997,,,-132.166602480724
11.7999999999997,,,-131.674579147695
11.8,-141.530691982454,-141.561197439405,
11.8099999999997,,,-131.862308220457
11.8199999999997,,,-131.510929382256
11.8299999999997,,,-131.248931071462
11.8399999999997,,,-131.331318747127
11.8499999999997,,,-131.100984407234
11.8599999999997,,,-130.986536760227
11.8699999999997,,,-130.877589536504
11.8799999999997,,,-130.922474238604
11.8899999999997,,,-131.018979299635
11.8999999999997,,,-130.579186641744
11.9,-142.810167760272,-142.846430812983,
11.9099999999997,,,-131.828398670597
11.9199999999997,,,-131.24838310258
11.9299999999997,,,-131.421303860277
11.9399999999997,,,-131.505348972724
11.9499999999997,,,-131.697851007056
11.9599999999997,,,-131.689588817774
11.9699999999997,,,-131.895698182782
11.9799999999997,,,-132.176439414996
11.9899999999997,,,-132.221460389209
11.9999999999997,,,-132.227984102615
12,-137.919882564443,-137.9505140655,
12.0099999999997,,,-132.974297285551
12.0199999999997,,,-132.969190673143
12.0299999999997,,,-133.24041187594
12.0399999999997,,,-133.425748167978
12.0499999999997,,,-133.556991062034
12.0599999999997,,,-133.810187105118
12.0699999999997,,,-133.934870698335
12.0799999999997,,,-134.070660654389
12.0899999999997,,,-134.203896083221
12.0999999999997,,,-134.112315134702
12.1,-129.158328137965,-129.18916683198,
12.1099999999997,,,-134.416147903607
12.1199999999997,,,-134.125692860459
12.1299999999997,,,-134.132057201183
12.1399999999997,,,-133.96108177702
12.1499999999997,,,-133.851914221386
12.1599999999997,,,-133.69627133876
12.1699999999997,,,-133.475301876412
12.1799999999997,,,-133.340294581929
12.1899999999997,,,-133.010807933148
12.1999999999997,,,-132.711297305213
12.2,-123.451140033915,-123.473568169591,
12.2099999999997,,,-132.635996196839
12.2199999999997,,,-132.263568865293
12.2299999999997,,,-132.06263015606
12.2399999999997,,,-131.805777993504
12.2499999999997,,,-131.490747354512
12.2599999999997,,,-131.189599960324
12.2699999999997,,,-130.969253108681
12.2799999999997,,,-130.534529047632
12.2899999999997,,,-130.360868845963
12.2999999999997,,,-129.769148304814
12.3,-121.215628330104,-121.219373736886,
12.3099999999997,,,-130.085744250102
12.3199999999997,,,-129.360529892486
12.3299999999997,,,-129.098505596986
12.3399999999997,,,-129.05204977538
12.3499999999997,,,-128.605829744998
12.3599999999997,,,-128.360421337281
12.3699999999997,,,-128.086907233249
12.3799999999997,,,-127.952517862395
12.3899999999997,,,-127.451969036607
12.3999999999997,,,-127.061726837179
12.4,-121.410108058108,-121.406198110194,
12.4099999999997,,,-127.328623527489
12.4199999999997,,,-126.846194090057
12.4299999999997,,,-126.468467985591
12.4399999999997,,,-126.364918532528
12.4499999999997,,,-125.960243962625
12.4599999999997,,,-125.620650079955
12.4699999999997,,,-125.432723152663
12.4799999999997,,,-125.258608881578
12.4899999999997,,,-125.086687061182
12.4999999999997,,,-124.558747934006
12.5,-123.869006542685,-123.871868306226,
12.5099999999997,,,-125.255635431031
12.5199999999997,,,-124.613471083723
12.5299999999997,,,-124.50435871304
12.5399999999997,,,-124.370842650117
12.5499999999997,,,-124.254550508301
12.5599999999997,,,-124.067932148319
12.5699999999997,,,-123.954073803961
12.5799999999997,,,-124.069393046044
12.5899999999997,,,-123.839736203901
12.5999999999997,,,-123.712459204189
12.6,-130.218079172208,-130.231516068506,
12.6099999999997,,,-123.867085250073
12.6199999999997,,,-123.67844775053
12.6299999999997,,,-123.538722359328
12.6399999999997,,,-123.501555399951
12.6499999999997,,,-123.330540890231
12.6599999999997,,,-123.250311663464
12.6699999999997,,,-123.16445198453
12.6799999999997,,,-123.059679140058
12.6899999999997,,,-123.024856815873
12.6999999999997,,,-122.607833175314
12.7,-136.211212168299,-136.253359190659,
12.7099999999997,,,-123.126696841779
12.7199999999997,,,-122.537081680529
12.7299999999997,,,-122.45615338608
12.7399999999997,,,-122.229320816125
12.7499999999997,,,-121.978317798165
12.7599999999997,,,-121.747514752951
12.7699999999996,,,-121.433689120675
12.7799999999996,,,-121.325665667992
12.7899999999996,,,-120.940185501644
12.7999999999996,,,-120.577082799194
12.8,-133.193355687145,-133.232411895,
12.8099999999996,,,-120.661533722066
12.8199999999996,,,-120.230388641917
12.8299999999996,,,-119.925421616268
12.8399999999996,,,-119.688056416011
12.8499999999996,,,-119.263044775996
12.8599999999996,,,-118.900978628855
12.8699999999996,,,-118.662539175823
12.9,-121.312146219338,-121.346577653576,
13,-110.303790064532,-110.329856879507,
13.1,-104.953205348999,-104.985948452605,
13.2,-104.037862902372,-104.064794801446,
13.3,-105.095559666325,-105.115288136001,
13.4,-109.109519942846,-109.130693592844,
13.5,-115.397158732798,-115.424719938481,
13.6,-115.127654715355,-115.149292249864,
13.7,-105.310226343876,-105.311534339848,
13.8,-94.1310669765949,-94.1136917960511,
13.9,-87.273947747738,-87.2680508996698,
14,-82.1635370996526,-82.1588216946522,
14.1,-74.9923273845437,-75.0055695224188,
14.2,-67.2083525469268,-67.218428358297,
14.3,-62.6716334234987,-62.693044886644,
14.4,-56.7493694524272,-56.7719705535211,
14.5,-43.3130537194373,-43.3216542121109,
14.6,-25.8998070422702,-25.8975184228595,
14.7,-12.7971604473593,-12.7905935853324,
14.8,-6.79673218656478,-6.7777684306675,
14.9,-6.05821004413091,-6.04575208351947,
15,-8.57036985006892,-8.54778587801646,
15.1,-14.8112439232835,-14.816815016745,
15.2,-19.7262057861087,-19.7385488589642,
15.3,-16.1173720371916,-16.1266258659377,
15.4,-4.71256108076526,-4.71286937119678,
15.5,6.21315032610207,6.22734830064923,
15.6,11.913885216181,11.9376522619658,
15.7,13.710272935148,13.7370244264652,
15.8,13.0626502416132,13.1045759623328,
15.9,9.08164486288893,9.105030665777,
16,4.10557589687058,4.13050383202942,
16.1,5.98331914803244,6.00959530925264,
16.2,18.3201606560741,18.3859428569872,
16.3,33.2383591886417,33.2992152922436,
16.4,43.3583944636431,43.4271326586585,
16.5,49.5401422369366,49.5872417727947,
16.6,55.2186427572136,55.2540108554859,
16.7,60.1730085992728,60.186355671412,
16.8,64.9991741931947,65.0146940456329,
16.9,72.4793999454153,72.4656248193616,
17,85.4063373263391,85.4003981784351,
17.1,99.6523662555665,99.6219677999428,
17.2,108.471617259378,108.451439562315,
17.3,112.127525906664,112.115950779007,
17.4,113.402796472412,113.405406551864,
17.4999999999999,112.89954624968,112.924928257767,
17.5999999999999,107.497786413542,107.458855614042,
17.6999999999999,101.482759096247,101.453062682992,
17.7999999999999,103.613594771751,103.579414243051,
17.8999999999999,113.988910555235,113.981614176977,
17.9999999999999,123.566777524325,123.557182014808,
18.0999999999999,127.80787093888,127.803865622321,
18.1999999999999,128.550209672697,128.557990768801,
18.2999999999999,126.885347897943,126.880444242432,
18.3999999999999,122.337063799843,122.323374943064,
18.4999999999999,117.047441892364,117.02995268137,
18.5999999999999,117.994768933645,117.990613102216,
18.6999999999999,128.278710255786,128.290397702316,
18.7999999999999,140.584701273906,140.603395532804,
18.8999999999999,144.549290716285,144.55198351809,
18.9999999999999,142.071898127913,142.080481273346,
19.0999999999999,139.328011420423,139.327955116934,
19.1999999999999,137.614972134981,137.604579692422,
19.2999999999999,134.472393914979,134.47046314252,
19.3999999999999,133.137182365816,133.142247482961,
19.4999999999999,136.939961432124,136.952427879574,
19.5999999999999,142.374982430987,142.375209019531,
19.6999999999999,144.090985083,144.086756953776,
19.7999999999999,144.135372267714,144.128893652322,
19.8999999999999,146.067456585663,146.068058016396,
19.9999999999999,146.824642313262,146.846839594499,
20.0999999999999,142.53784283414,142.572960086654,
20.1999999999999,135.947561509588,135.960020006321,
20.2999999999999,133.781215338464,133.794257480248,
20.3999999999999,137.930216703011,137.933871263776,
20.4999999999999,144.216141115882,144.210135742883,
20.5999999999999,149.448477397285,149.434147833307,
20.6999999999999,153.000193872733,153.006206550834,
20.7999999999999,152.308917427581,152.337601978259,
20.8999999999999,144.185845484009,144.226141789649,
20.9999999999999,131.865615145487,131.881222934028,
21.0999999999999,125.80448583989,125.820125700841,
21.1999999999999,131.542590242292,131.564515229992,
21.2999999999999,142.989996967886,143.012224557785,
21.3999999999999,150.955949702451,150.969894259548,
21.4999999999999,153.938101984531,153.957385277268,
21.5999999999999,150.222560836085,150.250954187604,
21.6999999999999,139.570220662535,139.597711915951,
21.7999999999999,126.553906966399,126.557627455526,
21.8999999999999,121.09420248314,121.099752579075,
21.9999999999999,127.415188003673,127.435215529858,
22.0999999999999,137.654541602385,137.680391529199,
22.1999999999999,141.204654001842,141.233256456038,
22.2999999999999,138.769872774819,138.779903038854,
22.3999999999999,134.082028263698,134.102945003003,
22.4999999999999,126.994334433929,127.030112808847,
22.5999999999999,117.187458435697,117.212962841162,
22.6999999999999,109.606838031644,109.637367958278,
22.7999999999999,111.712710607733,111.733527725977,
22.8999999999999,119.378225173285,119.420637442108,
22.9999999999999,123.690586688662,123.730225050938,
23.0999999999999,122.753632684945,122.79766651218,
23.1999999999999,119.846989556748,119.907608181798,
23.2999999999999,115.364079522259,115.408978664409,
23.3999999999999,106.641955021335,106.687621580743,
23.4999999999999,96.6499369551111,96.6709828143542,
23.5999999999999,93.2912363151639,93.2905368634324,
23.6999999999999,98.0215669092383,98.0225239270166,
23.7999999999999,103.237950918797,103.241756906561,
23.8999999999999,102.847978946457,102.834954724252,
23.9999999999999,95.9102903527137,95.9089884378611,
24.0999999999999,84.4143801696684,84.4102467917456,
24.1999999999999,67.337573083842,67.3425905327794,
24.2999999999999,46.931621277834,46.9374103829365,
24.3999999999999,32.9548128609505,32.9444344244386,
24.4999999999999,29.8906230453274,29.8835988729642,
24.5999999999999,31.1587978303148,31.1645609076923,
24.6999999999999,29.3647174784053,29.3624244485776,
24.7999999999999,24.2516036130265,24.2509485518179,
24.8999999999999,19.4217501951833,19.420032197829,
24.9999999999999,13.3502887256099,13.3522552699701,
25.0999999999999,3.93906242541267,3.93648124352333,
25.1999999999999,-4.02446926111635,-4.02693804929635,
25.2999999999999,-3.4135266719393,-3.41667177174434,
25.3999999999999,3.3431653341154,3.33752475174256,
25.4999999999999,7.9267821783086,7.93970951637529,
25.5999999999999,5.89388264577332,5.85664738003536,
25.6999999999999,1.49526245618981,1.4880526247596,
25.7999999999999,-4.55768535149062,-4.5655111992188,
25.8999999999999,-14.0213661587724,-14.0444136212432,
25.9999999999999,-25.1458448650767,-25.1677342759423,
26.0999999999999,-29.4995017497914,-29.5660085612161,
26.1999999999999,-26.6867088232288,-26.7323895462064,
26.2999999999999,-23.7379272075651,-23.7437992728796,
26.3999999999999,-26.6074585174471,-26.6991171738586,
26.4999999999999,-33.7646491479478,-33.7857908178842,
26.5999999999999,-43.57552349701,-43.6176937114116,
26.6999999999999,-58.5326903406162,-58.5282368196753,
26.7999999999999,-79.3427744947472,-79.35837126876,
26.8999999999999,-95.6629734551895,-95.6502257583769,
26.9999999999999,-99.216259476721,-99.1894003849015,
27.0999999999999,-95.193859273463,-95.1559170757666,
27.1999999999999,-93.9873228756588,-93.9597857615182,
27.2999999999999,-97.4227812816425,-97.4203360674747,
27.3999999999999,-102.729851144242,-102.731244238276,
27.4999999999999,-109.368680638148,-109.355884556457,
27.5999999999999,-118.322086836764,-118.297782877894,
27.6999999999999,-125.037871122463,-125.011418906039,
27.7999999999999,-122.581364303792,-122.558500034205,
27.8999999999999,-113.940372453637,-113.911836518378,
27.9999999999999,-107.667733725924,-107.656750491477,
28.0999999999999,-107.65588429302,-107.656008076155,
28.1999999999999,-111.604002568205,-111.596803783946,
28.2999999999999,-117.114956005229,-117.098250762975,
28.3999999999999,-126.501953173407,-126.482664579974,
28.4999999999999,-138.059862533866,-138.032296222848,
28.5999999999999,-143.055282967662,-143.062107030909,
28.6999999999999,-139.542700617935,-139.552087378995,
28.7999999999999,-133.841281418305,-133.865636363668,
28.8999999999999,-129.278561993704,-129.294658272344,
28.9999999999999,-126.763050984184,-126.761594933968,
29.0999999999999,-127.943937368252,-127.937656817042,
29.1999999999999,-135.347220868908,-135.340445995689,
29.2999999999999,-147.175823164777,-147.179242866529,
29.3999999999999,-153.21246620164,-153.232944971656,
29.4999999999999,-148.019100885298,-148.022923772374,
29.5999999999999,-136.253248532396,-136.282324553454,
29.6999999999999,-128.204085536997,-128.227453259994,
29.7999999999999,-128.327310887862,-128.3243596311,
29.8999999999999,-135.293442059076,-135.293509875246,
29.9999999999999,-145.81422346156,-145.828389819347,
30.0999999999999,-156.935419949688,-156.940947831719,
30.1999999999999,-161.507630848755,-161.523161557162,
30.2999999999999,-153.789181317727,-153.808365523966,
30.3999999999999,-139.382550455597,-139.402380655968,
30.4999999999999,-129.85339283744,-129.869600518911,
30.5999999999999,-129.775479314636,-129.779499980346,
30.6999999999999,-134.306342654173,-134.31815021026,
30.7999999999999,-140.384822880282,-140.393459764065,
30.8999999999999,-147.014548143976,-147.022732102922,
30.9999999999999,-151.296501776105,-151.309891355236,
31.0999999999999,-148.509976656212,-148.515696055793,
31.1999999999999,-141.05617326625,-141.069583938665,
31.2999999999999,-136.517568654062,-136.526331129797,
31.3999999999999,-138.138508763381,-138.148164924557,
31.4999999999999,-140.664971854109,-140.668799903315,
31.5999999999999,-140.319317722704,-140.30123752575,
31.6999999999999,-139.567941912,-139.561155018147,
31.7999999999999,-141.432606918688,-141.436855430043,
31.8999999999999,-142.731287528307,-142.731749833765,
31.9999999999999,-137.823188396572,-137.834231663078,
32.0999999999999,-129.0796845127,-129.089458084868,
32.1999999999999,-123.324517098881,-123.325594482798,
32.2999999999999,-121.16881573279,-121.156906391749,
32.3999999999999,-121.41217354627,-121.384282009439,
32.4999999999999,-123.805489678955,-123.795418691569,
32.5999999999999,-130.137043642751,-130.124531371932,
32.6999999999999,-136.091241482252,-136.09180037808,
32.7999999999999,-133.20249728252,-133.201616664799,
32.8999999999999,-121.35462243337,-121.352789056876,
32.9999999999999,-110.295145511096,-110.305781252682,
33.0999999999999,-105.003117018351,-105.017887087031,
33.1999999999999,-104.062672913381,-104.075520282441,
33.2999999999999,-105.145884785172,-105.155676023299,
33.3999999999999,-109.028784314794,-109.021324278388,
33.4999999999999,-115.341467338167,-115.316623193285,
33.5999999999999,-115.09463553157,-115.052754315809,
33.6999999999999,-105.297806815211,-105.24869834405,
33.7999999999999,-94.1252079314881,-94.0910974549553,
33.8999999999999,-87.3028554855562,-87.2742142289986,
33.9999999999999,-82.2703611040086,-82.2367207970729,
34.0999999999999,-74.974729904313,-74.949762030222,
34.2,-67.2847239669208,-67.2517900283528,
34.3,-62.6538095034477,-62.6029228285134,
34.4,-56.7170193959304,-56.6577901132348,
34.5,-43.3243114735991,-43.2826986555805,
34.6,-25.8981843555171,-25.8889068613769,
34.7,-12.7976678726068,-12.8312667341759,
34.8,-6.82415754724866,-6.8420528545208,
34.9,-6.07876471286,-6.10294111563197,
35,-8.58717687046293,-8.58160270765659,
35.1,-14.7650193449751,-14.7422275909521,
35.2,-19.7301633622665,-19.6681661753895,
35.3,-16.113226917533,-16.0648655994528,
35.4,-4.72608209156719,-4.70532224430595,
35.5,6.22695952018397,6.23083937861961,
35.6,11.8859408274199,11.876339995572,
35.7,13.6820172495901,13.6852064502281,
35.8,13.0319811972897,13.0510562786542,
35.9,9.06310700060782,9.10181762117741,
36,4.15737227154255,4.24187415688325,
36.1,6.00839716901374,6.0998674712635,
36.2,18.3124449889399,18.3910451340314,
36.3,33.2371309885467,33.2806830798806,
36.4,43.3557451777332,43.3714613852486,
36.5,49.538370195867,49.5460067487088,
36.6,55.1306636528537,55.1397307798396,
36.7,60.1844812361901,60.1945197661052,
36.8,65.0390550947863,65.1327842168062,
36.9,72.5315915837916,72.6060580360628,
37,85.3961244517018,85.455722943473,
37.1,99.6428713641927,99.6232792302047,
37.2,108.469666011911,108.412090276385,
37.3,112.08566284074,112.031606117644,
37.4,113.367152691643,113.32276199008,
37.5,112.895744013302,112.84170230301,
37.6000000000001,107.534514833938,107.582171244914,
37.7000000000001,101.582599064297,101.681982543247,
37.8000000000001,103.614690708252,103.700904795825,
37.9000000000001,113.943385762399,113.989443651832,
38.0000000000001,123.595957272087,123.548084039265,
38.1000000000001,127.788027444189,127.744097954354,
38.2000000000001,128.448832395092,128.422343406768,
38.3000000000001,126.709551075506,126.673273938759,
38.4000000000001,122.30033101385,122.368250609591,
38.5000000000001,116.96798917889,117.143831687079,
38.6000000000001,117.981528420471,118.224809699095,
38.7000000000001,128.230739434008,128.330199538844,
38.8000000000001,140.493847351839,140.446454725157,
38.9000000000001,144.46556235753,144.322290312161,
39.0000000000001,141.997658143872,141.771224689161,
39.1000000000001,139.239352676054,139.043982246004,
39.2000000000001,137.471924849703,137.480205089619,
39.3000000000001,134.381651048752,134.697536898427,
39.4000000000001,133.065587092656,133.671054595866,
39.5000000000001,136.950107025199,137.440436236504,
39.6000000000001,142.352694061146,142.45433230621,
39.7000000000001,144.16116684766,143.946385709821,
39.8000000000001,144.15028088416,143.781475820928,
39.9000000000001,146.069269917445,145.666753454247,
40,146.883857644231,146.616400187091,
