"Time [ms]","InducedVoltage(Coil1) [V]","InducedVoltage(Coil2) [V]","InducedVoltage(Coil1)_1 [V]","InducedVoltage(Coil2)_1 [V]"
0,144.418728047372,144.752417314054,144.833303476689,144.803789555219
0.01,144.817543660178,144.965437522147,145.108167737645,145.097586729624
0.02,145.216359272984,145.17845773024,145.383031998602,145.391383904029
0.03,145.644294076284,145.716718250161,145.707178064979,145.730690643987
0.04,145.988281278076,145.896689807935,145.885789291437,145.941594246271
0.05,146.124041543998,146.151338173005,146.21782621871,146.292500841357
0.06,146.435877619142,146.409490239266,146.513882036967,146.479244310035
0.07,146.528188760069,146.564951449731,146.666211523286,146.675266832935
0.08,146.665557385716,146.667207321969,146.792347832701,146.826530423275
0.09,146.752635508463,146.794642459175,146.983771231571,146.980331923603
0.1,146.775526210201,146.862843121623,146.961298222632,146.992841949341
0.11,147.203283732822,147.113123109911,147.013373115684,147.032356871445
0.12,146.922388530416,146.922696650943,146.875027111655,146.906217706959
0.13,146.813320398906,146.769399630015,146.931763720738,146.944759544515
0.14,146.684428706016,146.734629203322,146.677887798143,146.708148704582
0.15,146.552833460269,146.546782190438,146.512909092213,146.57267202761
0.16,146.212012509957,146.224094440525,146.281558955368,146.263065827252
0.17,145.821403198894,145.821043501068,146.004856061873,146.024550000826
0.18,145.60100185769,145.596695268437,145.672141689425,145.691108486878
0.19,145.286984723636,145.21740629452,145.32818548972,145.348210350812
0.2,145.015315899465,145.030039241029,144.879286218713,144.896736783988
0.21,144.547832794469,144.562025567385,144.413102299394,144.444036347385
0.22,144.099220981139,144.12186001764,144.011072905172,144.018448212689
0.23,143.459135445583,143.543132769975,143.555002134257,143.569451590313
0.24,142.938781022816,142.933542007928,143.114911380397,143.132845971815
0.25,142.414975445091,142.360370242029,142.567924066938,142.61060511977
0.26,141.93472327098,141.974557957136,142.134980230388,142.122540458058
0.27,141.644163834915,141.560514126912,141.548834803546,141.561478219812
0.28,141.174787306814,141.0987690419,141.093317499278,141.142680654485
0.29,140.516725917861,140.563092865729,140.642614326752,140.622153286321
0.3,140.029235104021,139.950532011721,140.123917470273,140.123849092594
0.31,139.531354641377,139.6256184027,139.625944664892,139.66252227903
0.32,138.982666966245,138.94423775698,139.184709693782,139.194585646993
0.33,138.523417963825,138.61621192197,138.765335307043,138.781126447244
0.34,138.173322691885,138.142258709869,138.374183406246,138.376602965154
0.35,137.94046922303,137.838013834597,138.012281205338,138.01018092313
0.36,137.537140634038,137.544863916179,137.699966670581,137.747862760475
0.37,137.36311055583,137.113165015971,137.411395430037,137.412450935255
0.38,136.944591297591,137.111340738099,137.204137139328,137.228940854655
0.39,136.844552447553,136.922126020192,136.986182265998,137.010837483079
0.4,136.647217632569,136.63191204095,136.905794438421,136.916779395872
0.41,136.586637790913,136.658847622885,136.817425375844,136.833688673756
0.42,136.663494315063,136.622884176855,136.816140270875,136.812536104853
0.43,136.825668780041,136.794847187349,136.840502177168,136.865518500314
0.440000000000001,136.715867672462,136.625456157906,136.962875543921,136.976018127559
0.450000000000001,136.914073139386,136.913433539597,137.182393569255,137.23078819719
0.460000000000001,137.093691887784,137.137298593468,137.240504376366,137.210498888808
0.470000000000001,137.365125609494,137.389596444186,137.56833384302,137.572409133471
0.480000000000001,137.854353868092,137.839451721383,137.901327919848,137.908193169136
0.490000000000001,138.034644546474,138.012322698266,138.256923737072,138.253303832086
0.500000000000001,138.878894328758,139.033195206161,138.653145644814,138.668399057346
0.510000000000001,138.848540358824,138.644430192593,139.107901176317,139.116736123942
0.520000000000001,139.559520081534,139.559470136658,139.570643567247,139.600988382175
0.530000000000001,140.0887947294,140.055521492896,140.107761322396,140.094824790952
0.540000000000001,140.575718602894,140.623539513038,140.64262828715,140.658293440961
0.550000000000001,141.210789207998,141.249048878394,141.209986513467,141.255204994417
0.560000000000001,141.644706475892,141.631982967814,141.735456795354,141.690451039072
0.570000000000001,142.371198293972,142.406944037677,142.30886798052,142.317373199856
0.580000000000001,143.050890112595,142.984720543441,142.9518220293,142.952821068842
0.590000000000001,143.591242400661,143.448067767668,143.550019708314,143.557704314336
0.600000000000001,144.073430269926,144.003851335891,144.15347394693,144.152215727822
0.610000000000001,144.743705480823,144.815699426192,144.753082864258,144.754114836927
0.620000000000001,145.210871445111,145.243633329911,145.370153169552,145.349694551855
0.630000000000001,145.921012177006,145.849960656297,145.874682032713,145.909136678714
0.640000000000001,146.664144611422,146.49997795044,146.452271883566,146.435033516144
0.650000000000001,146.693125108319,146.90020681473,146.940736749628,146.952412140597
0.660000000000001,147.376153469568,147.389670714778,147.500827574532,147.504595922444
0.670000000000001,147.892201586363,147.857224063167,147.904605554406,147.926332269228
0.680000000000001,148.364046350678,148.387742639014,148.353435754045,148.361316572878
0.690000000000001,148.619849390297,148.601122910076,148.722814406882,148.726366326337
0.700000000000001,149.044765411891,149.183010518085,149.059955600765,149.078651416482
0.710000000000001,149.53987607591,149.384100734104,149.391587216514,149.386158991109
0.720000000000001,149.51477510615,149.562242217861,149.62270908812,149.655093331231
0.730000000000001,149.853568356925,149.795835351279,149.878756843144,149.888162991705
0.740000000000001,149.948376986656,150.003540003169,150.013680167405,150.039474583234
0.750000000000001,150.016904810423,150.000692855321,150.045872952126,150.09852809731
0.760000000000001,150.087294023992,150.107075396894,150.317998205173,150.301164984062
0.770000000000001,150.101993464944,150.107122887604,150.216872939252,150.220935333354
0.780000000000001,150.324517992882,150.282203945179,150.190090820689,150.196767016448
0.790000000000001,149.900142650433,149.854080566519,150.084185420409,150.106193959431
0.800000000000001,149.923582606791,149.863045828026,149.933590082097,149.945038126854
0.810000000000001,149.517663714595,149.651183307474,149.705996441227,149.733061958568
0.820000000000002,149.300603376741,149.294136773236,149.472275714736,149.484111383328
0.830000000000002,148.92862548443,149.016441322529,149.207432614471,149.215370476682
0.840000000000002,148.961177777982,148.821308116504,148.846710525756,148.871770725526
0.850000000000002,148.349784008561,148.387750235415,148.378502743322,148.414926343971
0.860000000000002,147.877983440428,147.843295940187,148.217181428707,148.20571072701
0.870000000000002,147.62968284578,147.656828530623,147.628377934927,147.653862333843
0.880000000000002,146.986895169547,147.009517726076,147.145219917649,147.173214434827
0.890000000000002,146.530798804267,146.559810207679,146.676938121627,146.678745713087
0.900000000000002,145.7779708948,145.865471357445,146.10103446981,146.128957266227
0.910000000000002,145.720275404012,145.641350510472,145.496474516417,145.533670870702
0.920000000000002,144.839519229465,144.765363108231,144.955908142643,144.952383328048
0.930000000000002,144.194683409376,144.249097386697,144.371621892562,144.380259151463
0.940000000000002,143.749680862612,143.677730711326,143.733120037462,143.762334933207
0.950000000000002,142.997243681423,143.00410480795,143.062413233931,143.072742516903
0.960000000000002,142.324794212039,142.399355818673,142.597837346836,142.613547992347
0.970000000000002,141.787972531035,141.813856622508,141.887489960476,141.915483472401
0.980000000000002,141.294164217796,141.275042184664,141.224588058298,141.27455688188
0.990000000000002,140.569568579157,140.524945684288,140.720189742266,140.703905952052
1,139.891128644147,140.03826044444,140.059512657556,140.085089494657
1.01,139.643318079921,139.398001697892,139.467478085485,139.501252731622
1.02,138.808076834663,138.832058594103,138.950817440924,138.931348388562
1.03,138.339129022163,138.149713235341,138.418056921105,138.434336894884
1.04,137.834166625973,137.882416929978,137.917578863837,137.933613185331
1.05,137.306805483371,137.335277521621,137.440227941261,137.413278870005
1.06,136.758192052824,136.866765694905,137.095067271997,137.149360621212
1.07,136.510260083497,136.529667352466,136.668109945996,136.693519376521
1.08,136.345504660043,136.207179529987,136.329107183748,136.349939276105
1.09,135.848668874069,135.908454379886,136.041526775945,136.061513666734
1.1,135.891822650598,135.593993475324,135.783067211751,135.80772472691
1.11,135.356887186831,135.570191402319,135.568810373631,135.593206715131
1.12,135.329009512359,135.277855279833,135.418877539163,135.427431391899
1.13,135.156690793614,135.147340086133,135.296860153216,135.323064319674
1.14,135.050444473128,135.089895736469,135.249884373535,135.270901253988
1.15,135.028903548564,135.090264520454,135.253404475564,135.256979851751
1.16,135.047697348785,135.085230324866,135.234534806838,135.273522836054
1.17,135.263151522002,135.264496540338,135.307299413055,135.327670902353
1.18,135.260956803899,135.296226888202,135.428382314063,135.445696519928
1.19,135.499617736936,135.516948900409,135.553278038316,135.572159662204
1.2,135.54895748693,135.591073094736,135.734265487649,135.76030204559
1.21,135.872731399722,135.91489657182,135.91835592957,135.939315268762
1.22,135.977923412962,136.014937539813,136.147743067724,136.171445703123
1.23,136.219200344574,136.265001685224,136.390585180618,136.407381794399
1.24,136.545051801528,136.543599955568,136.691536679777,136.708581639256
1.25,136.85151118864,136.817025639277,136.878835383855,136.915334473383
1.26,137.081608672881,137.080054876478,137.268632277681,137.257538361089
1.27,137.36655136029,137.396463617557,137.481984170764,137.50675314776
1.28,137.811880930259,137.878429130797,137.838653902387,137.844194939165
1.29,137.922406109637,137.931549272439,138.118791524359,138.145155669157
1.3,138.503922423077,138.502785531115,138.464841829319,138.48182234159
1.31,138.668335917663,138.74017516676,138.787751292512,138.804258367622
1.32,139.039689810885,139.053510050052,139.134045630395,139.155117121678
1.33,139.47589476084,139.447901197892,139.491329497876,139.506673893949
1.34,139.768159800998,139.822840462095,139.866665005641,139.88140129422
1.35,140.356403461786,140.381630993161,140.305641623841,140.324129616509
1.36,140.52947124504,140.541126873991,140.662435561217,140.67419261205
1.37,141.247254590151,141.247310097761,141.074707936003,141.083528658098
1.38,141.443538916913,141.517635530508,141.515472276437,141.529054391181
1.39,141.839330731163,141.823149301101,141.898175380961,141.912158202697
1.4,142.328284020387,142.402157862825,142.26683338433,142.296734329394
1.41,142.505283039498,142.480126399269,142.626358840131,142.649961903379
1.42,142.862275778876,142.91265055093,142.973103001703,142.975122819888
1.43,143.217625126004,143.197913608719,143.221986244956,143.242372084925
1.44,143.605248046244,143.640766058825,143.472446541934,143.479172722321
1.45,143.58312329584,143.610206903338,143.692912463319,143.681116026084
1.46,143.754617577354,143.725338785835,143.882651856941,143.927904591728
1.47,143.98756716851,144.074352639994,143.946825560889,143.968540172159
1.48,144.029709717202,143.98985009604,144.071980195748,144.088920593665
1.49,144.124239364026,144.120493977015,144.131194957922,144.149414973152
1.5,143.89750802756,144.037165601196,144.081949515076,144.104935601485
1.51,144.334102005816,144.296627813891,144.004798322144,144.032742836136
1.52,143.819124693392,143.775224808259,143.89201788337,143.887594907432
1.53,143.787902393002,143.719520023064,143.765602741247,143.786942509502
1.54,143.504216022782,143.559276379759,143.539841161669,143.549634748024
1.55,143.213399390512,143.246022914189,143.215381796441,143.209190579579
1.56,142.959378009596,142.975636324896,143.145210717438,143.184249891953
1.57,142.690064880521,142.707239789016,142.70195767784,142.722485104948
1.58,142.461782822453,142.476810785768,142.332879949372,142.360834681776
1.59,141.748704183122,141.690413679057,141.989782462306,141.987926782336
1.6,141.496634278595,141.65219119783,141.52440882352,141.542425575733
1.61,141.049752559471,140.893822415913,141.044531715337,141.067849163767
1.62,140.491000236819,140.526568573135,140.612032697667,140.596902764395
1.63,139.923406892514,139.90459871559,140.171840814129,140.171655224927
1.64,139.671315893488,139.772589714332,139.653700876635,139.661994442028
1.65,139.087290426009,139.049910131661,139.042464172675,139.013629717205
1.66,138.458226919416,138.471656849756,138.81199407805,138.850671832263
1.67,138.169326254081,138.170642618487,138.155101342149,138.177162561895
1.68,137.575282285054,137.460257491303,137.608626098809,137.650423538698
1.69,137.022443889353,137.045086855119,137.22023532908,137.193293499052
1.7,136.301702543076,136.166206829427,136.698585810088,136.710170347739
1.71,136.475026856627,136.607169446295,136.232694644095,136.241388557326
1.72,135.682300421888,135.640345071116,135.81897810482,135.818246409616
1.73,135.245013402202,135.3647887535,135.450165947473,135.452126969099
1.74,135.103922741067,134.958729606726,135.090732060153,135.086037128703
1.75,134.78716026164,134.729004086969,134.698545569986,134.675072467879
1.76,134.380431613534,134.353646703486,134.581715798368,134.625625551232
1.77,134.20732670005,134.178247608202,134.253148482418,134.270750793563
1.78,134.153644166765,134.146620144864,134.054148431633,134.070381565426
1.79,133.874626583438,133.813756292905,133.926243432675,133.928160278834
1.8,133.666999762618,133.680298959468,,
1.81,133.787198193127,133.770608139993,,
1.82,133.642616525692,133.672558677994,,
1.83,133.588534303422,133.630340470838,,
1.84,133.736810231632,133.74484579807,,
1.85,133.766293627929,133.679171338871,,
1.86,133.815226656186,133.727607535219,,
1.87,133.842638334649,133.933394931779,,
1.88,134.066298156104,134.091287715593,,
1.89,134.218847872147,134.151285488179,,
1.9,134.181692771601,134.637639418691,,
1.91,135.012894961753,134.582397126284,,
1.92,134.902939802422,134.922353161209,,
1.93,135.17345121059,135.026884709607,,
1.94,135.306961721315,135.440959802896,,
1.95,135.624415156757,135.672340853518,,
1.96,135.715258787252,135.7310155457,,
1.97,136.042206545317,136.166242333796,,
1.98,136.359041585931,136.243469913741,,
1.99,136.43868001989,136.47435588551,,
2,136.404010489377,136.363400093686,,
2.01,137.083366473583,137.188260932819,,
2.02,136.991211418444,137.007844523895,,
2.03,137.153424402147,137.207852035559,,
2.04,137.230716074315,137.231404780483,,
2.05,137.267546183206,137.303308691078,,
2.06,137.203432760957,137.186565747768,,
2.07,137.087729478813,137.146488440692,,
2.08000000000001,137.141734051288,137.140750642533,,
2.09000000000001,136.925541712046,136.921719862948,,
2.10000000000001,136.723236173166,136.603048645869,,
2.11000000000001,136.738088587204,136.977650820099,,
2.12000000000001,136.40734474615,136.417930989221,,
2.13000000000001,136.144421576856,136.063326507068,,
2.14000000000001,135.825560467792,136.006275480896,,
2.15000000000001,135.59662079651,135.623939523435,,
2.16000000000001,135.166975851247,135.22953325126,,
2.17000000000001,135.005931702628,135.013743900369,,
2.18000000000001,134.554035460768,134.584175011121,,
2.19000000000001,134.177130791804,134.11857178556,,
2.20000000000001,133.421463278854,133.454980940964,,
2.21000000000001,133.805110889875,133.825371234691,,
2.22000000000001,133.010324709176,133.034072462179,,
2.23000000000001,132.799764875235,132.797457623956,,
2.24000000000001,132.286004444315,132.30812688168,,
2.25000000000001,131.942355773884,131.927544263171,,
2.26000000000001,131.441820304312,131.39148018515,,
2.27000000000001,131.16488950976,131.235421433034,,
2.28000000000001,130.721904096425,130.738029043831,,
2.29000000000001,130.300507602565,130.363280216139,,
2.30000000000001,129.839779419138,129.838530483167,,
2.31000000000001,129.80997148535,129.857826904417,,
2.32000000000001,129.232297143128,129.196798667541,,
2.33000000000001,128.690168071182,128.817406415787,,
2.34000000000001,128.691184360052,128.532633985179,,
2.35000000000001,128.155375876815,128.157659820049,,
2.36000000000001,127.782476031601,127.767449521149,,
2.37000000000001,127.470088892706,127.456339739978,,
2.38000000000001,127.12678645449,127.192328387437,,
2.39000000000001,126.620922908565,126.604838813038,,
2.40000000000001,125.90764577452,126.108961473897,,
2.41000000000001,126.49727098904,126.287142890091,,
2.42000000000001,125.715229290174,125.704895760081,,
2.43000000000001,125.328594113394,125.194201954209,,
2.44000000000001,125.00826090353,125.090874050654,,
2.45000000000001,124.673732143199,124.662389489305,,
2.46000000000001,124.248630264811,124.222405379936,,
2.47000000000001,123.927322921579,124.007889576372,,
2.48000000000001,123.681123469937,123.655935632516,,
2.49000000000001,123.381346037337,123.401155477592,,
2.50000000000001,122.944035035488,122.897561053092,,
2.51000000000001,123.142723121222,123.192772170027,,
2.52000000000001,122.671899263693,122.645809889093,,
2.53000000000001,122.486606038724,122.454271905547,,
2.54000000000001,122.200999684013,122.279354872212,,
2.55000000000001,122.102652231764,122.117833048285,,
2.56000000000001,121.771307358487,121.795626714121,,
2.57000000000001,121.620190921906,121.685077754241,,
2.58000000000001,121.733086478181,121.663558705431,,
2.59000000000001,121.473198591831,121.427174662636,,
2.60000000000001,121.187960941365,121.235497326444,,
2.61000000000001,121.264933522674,121.312592513944,,
2.62000000000001,120.972969246074,120.962783080791,,
2.63000000000001,120.799148280898,120.894088672546,,
2.64000000000001,120.730321302653,120.622035854711,,
2.65000000000001,120.54433089646,120.546367838997,,
2.66000000000001,120.36393901752,120.326981910079,,
2.67000000000001,120.317851110624,120.363182644578,,
2.68000000000001,120.380191799957,120.3823805622,,
2.69000000000001,120.294519810848,120.297784723377,,
2.70000000000001,120.271956369833,120.222780746925,,
2.71000000000001,120.484711047341,120.526683751148,,
2.72000000000001,120.292653222808,120.262570072249,,
2.73000000000001,120.228195402255,120.230749103939,,
2.74000000000001,120.195272737455,120.20689170773,,
2.75000000000001,120.128849481782,120.142866623224,,
2.76000000000001,119.944395087684,119.950016730124,,
2.77000000000001,119.899187149652,119.883894347394,,
2.78000000000001,119.697472208246,119.781045121803,,
2.79000000000001,119.55087987926,119.491076585282,,
2.80000000000001,119.346775358947,119.433576998212,,
2.81000000000001,119.477088479036,119.470643733932,,
2.82000000000001,119.074726159113,119.131647442782,,
2.83000000000001,119.036918482185,118.992436673759,,
2.84000000000001,118.619824007532,118.686743223262,,
2.85000000000001,118.441589318463,118.465645575677,,
2.86000000000001,118.112991553498,118.139569738162,,
2.87000000000001,117.999418925457,118.025520285064,,
2.88000000000001,117.737761075198,117.731097187723,,
2.89000000000001,117.370703695424,117.432852352006,,
2.90000000000001,117.216859905244,117.143814120163,,
2.91000000000001,116.920415296773,117.049903639471,,
2.92000000000001,116.656114852059,116.617366572247,,
2.93000000000001,116.283160912217,116.376588204081,,
2.94000000000001,116.151089295435,116.120790566953,,
2.95000000000001,115.8061695676,115.831962456647,,
2.96000000000001,115.490768220827,115.502293503849,,
2.97000000000001,115.351295786958,115.29209279229,,
2.98000000000001,114.944804661898,115.034999202307,,
2.99000000000001,114.708495833609,114.688600469109,,
3.00000000000001,114.293207699217,114.487233250992,,
3.01000000000001,114.559265331987,114.453141728671,,
3.02000000000001,114.088845562954,114.124704161028,,
3.03000000000001,114.060408024463,113.997749622302,,
3.04000000000001,113.75850819133,113.773779817244,,
3.05000000000001,113.557941429892,113.591310044875,,
3.06000000000001,113.348278134778,113.330852010096,,
3.07000000000001,113.254565230969,113.30509247211,,
3.08000000000001,113.17948914703,113.188856639745,,
3.09000000000001,113.057056342519,113.081036537188,,
3.10000000000001,112.954521617131,112.88152979994,,
3.11000000000001,113.139138377366,113.197921585234,,
3.12000000000001,112.921181947445,112.900202157234,,
3.13000000000001,112.845428890923,112.893708897821,,
3.14000000000001,112.845924272087,112.909716241877,,
3.15000000000001,112.892604599601,112.94198028216,,
3.16000000000001,112.835019890916,112.86822786421,,
3.17000000000001,112.790672551876,112.793136217159,,
3.18000000000001,112.874623390269,112.871572966399,,
3.19000000000001,112.636574630176,112.673223318865,,
3.20000000000001,112.500636060436,112.597781619061,,
3.21000000000001,112.734449475243,112.678277821759,,
3.22000000000001,112.578565976734,112.574614447053,,
3.23000000000001,112.458689246575,112.458726532721,,
3.24000000000001,112.547178050592,112.563459676329,,
3.25000000000001,112.403960056917,112.4255350121,,
3.26000000000001,112.254440184644,112.209000105234,,
3.27000000000001,112.153086428523,112.148171536169,,
3.28000000000001,111.953393356706,111.971786236908,,
3.29000000000001,111.929598217502,111.955781561734,,
3.30000000000001,111.387056933881,111.350404632815,,
3.31000000000001,112.046068538973,112.12307670751,,
3.32000000000001,111.381835614998,111.410299745312,,
3.33000000000001,111.364429950239,111.297205332877,,
3.34000000000001,111.097640986141,111.146351061614,,
3.35000000000001,110.988546418222,110.997761051384,,
3.36000000000001,110.713201877899,110.733499484844,,
3.37000000000001,110.468421473281,110.505517473003,,
3.38000000000001,110.418056149697,110.46665279994,,
3.39000000000001,109.992499593553,109.959856664582,,
3.40000000000001,109.759498293898,109.615322819051,,
3.41000000000001,109.667490026227,109.801499361911,,
3.42000000000001,109.360550104914,109.401884960464,,
3.43000000000001,109.133213323203,109.088661153833,,
3.44000000000001,108.937389218294,108.998337019383,,
3.45000000000001,108.663110203039,108.675318682449,,
3.46000000000001,108.428095148127,108.36695583854,,
3.47000000000001,108.212568572735,108.218988592406,,
3.48000000000001,107.914329752362,107.933155593653,,
3.49000000000001,107.684084555659,107.701880048055,,
3.50000000000001,107.193284023632,107.187511040146,,
3.51000000000001,107.37059418549,107.380227517123,,
3.52000000000001,106.786134138031,106.763563109285,,
3.53000000000001,106.573883981003,106.562774844032,,
3.54000000000001,106.321375717971,106.327586652282,,
3.55000000000001,106.054648437625,106.052942951812,,
3.56000000000001,105.728794854509,105.710136873327,,
3.57000000000001,105.427316894363,105.392183133251,,
3.58000000000001,105.158644220404,105.209581880966,,
3.59000000000001,104.731952765724,104.691298580528,,
3.60000000000001,104.370769733824,104.389309834074,,
3.61000000000001,104.158033082246,104.150631919913,,
3.62000000000001,103.729186352247,103.75393057927,,
3.63000000000001,103.467858864936,103.381867233437,,
3.64000000000001,103.113027702345,103.120950750318,,
3.65000000000001,102.788268990372,102.800858504609,,
3.66000000000001,102.373455342841,102.327673143865,,
3.67000000000001,102.081017200328,102.076921587524,,
3.68000000000001,101.684885847663,101.68004207482,,
3.69000000000001,101.300322491659,101.313504386879,,
3.70000000000001,100.785808842313,100.711001724912,,
3.71000000000001,100.676836001606,100.727747934748,,
3.72000000000001,100.116824339258,100.09941004086,,
3.73000000000001,99.7210348894325,99.7043920426041,,
3.74000000000001,99.3198040442397,99.3192642739224,,
3.75000000000001,98.9173881589697,98.9218291580382,,
3.76000000000001,98.5135561144598,98.486389061547,,
3.77000000000001,98.0710953763006,98.0451797731427,,
3.78000000000001,97.7501273421052,97.7337042519341,,
3.79000000000001,97.1541049342214,97.1153650560938,,
3.80000000000001,96.1787849470871,96.1370126052349,,
3.81000000000001,96.7402403028114,96.7668342209291,,
3.82000000000001,95.6826024700483,95.6548084796391,,
3.83000000000001,95.1829997650419,95.1814359803568,,
3.84000000000001,94.6327387078169,94.5737584371939,,
3.85000000000001,94.149120908282,94.1140004263261,,
3.86000000000001,93.379743593813,93.3049340713252,,
3.87000000000001,92.8086832049088,92.7806369192649,,
3.88000000000001,92.1459264060229,92.1454153226695,,
3.89000000000001,91.5082533156306,91.4519015420054,,
3.90000000000001,89.8627502583402,89.9153262137628,,
3.91000000000001,90.9901038622149,90.8653789440547,,
3.92000000000001,89.4200572889506,89.3959252287005,,
3.93000000000001,88.5485782296783,88.4608320194916,,
3.94000000000001,87.8827346179925,87.8889115263217,,
3.95000000000001,86.9140135158965,86.8881051347616,,
3.96000000000001,86.2127960366312,86.1923945927192,,
3.97000000000001,85.0229735146292,85.0224433611192,,
3.98000000000001,84.3104107275151,84.2973002775728,,
3.99000000000001,83.2112767093807,83.1587687511604,,
4.00000000000001,81.0457142094911,81.0127657179393,,
4.01000000000001,82.6083176162207,82.6274259162186,,
4.02000000000001,80.4089225613235,80.3849080447427,,
4.03,79.4599647465343,79.3868506625527,,
4.04,78.3382118504182,78.3432350292355,,
4.05,77.3630081151087,77.3973681392235,,
4.06,76.0763564816611,75.9865509006727,,
4.07,75.0103640800667,75.0211569794909,,
4.08,73.9246861381134,73.9107556411519,,
4.09,72.9404099858696,72.9351905119554,,
4.1,70.3427691660792,70.2845961393501,,
4.11,71.9614733098646,71.9809079550633,,
4.12,69.4782733901251,69.4542653726288,,
4.13,68.1178090866402,68.0813707736788,,
4.14,67.0920161723459,67.1187049181204,,
4.15,65.7134200441472,65.6830325414719,,
4.16,64.6557800633134,64.630486261688,,
4.17,63.1876495413489,63.1654984786593,,
4.18,62.2155609332068,62.2464636568035,,
4.19,60.9098405146971,60.8246450031793,,
4.2,58.4951349621633,58.4867671156032,,
4.21,60.0415819017621,60.0866242788958,,
4.22,57.6002362409146,57.6045344156863,,
4.23,56.5761326084125,56.5683096513304,,
4.24,55.3966328948963,55.400396424512,,
4.25,54.4672395263091,54.4974535046117,,
4.26,53.2615407713843,53.1739320340029,,
4.27,52.44207439686,52.4621740911745,,
4.27999999999999,51.4054395813278,51.4239225547185,,
4.28999999999999,50.5510614889869,50.5607386524019,,
4.29999999999999,49.2511081444067,49.2646906871472,,
4.30999999999999,48.8780568456657,48.8666301158478,,
4.31999999999999,47.71518482339,47.6958936276714,,
4.32999999999999,46.7998946971323,46.778194492599,,
4.33999999999999,46.058479320706,46.0652404458547,,
4.34999999999999,45.154435283203,45.1541021846321,,
4.35999999999999,44.5120782398852,44.4975759892459,,
4.36999999999999,43.5900669418861,43.5715607134863,,
4.37999999999999,42.7317319986593,42.7900036057322,,
4.38999999999999,41.9970024445566,41.9362667786155,,
4.39999999999999,40.8087986582167,40.8395840925629,,
4.40999999999999,40.8234998372575,40.8349227622468,,
4.41999999999999,39.5611822820679,39.5872809280956,,
4.42999999999999,39.0762308774067,39.0134734924124,,
4.43999999999999,38.0055516012183,38.0446761608548,,
4.44999999999999,37.4351493477269,37.4792158387553,,
4.45999999999999,36.5582298949023,36.5288461074768,,
4.46999999999999,35.9128815916446,35.957238849789,,
4.47999999999999,35.09672195159,35.125393783643,,
4.48999999999999,34.4016427856322,34.4519545489489,,
4.49999999999999,33.2902447344421,33.2497570489101,,
4.50999999999999,33.1500952833976,33.2301240648105,,
4.51999999999998,32.1294928258844,32.1188504705763,,
4.52999999999998,31.3159818759691,31.3519700532962,,
4.53999999999998,30.6788035664431,30.6970571890787,,
4.54999999999998,29.9047186836833,29.9437233834311,,
4.55999999999998,29.2814231158412,29.3028906596727,,
4.56999999999998,28.4668713547831,28.4888717519205,,
4.57999999999998,27.7941994678244,27.8668203251798,,
4.58999999999998,27.0335170509406,27.0084272504256,,
4.59999999999998,25.7275869134942,25.7902252758468,,
4.60999999999998,26.4319219249864,26.4423894966736,,
4.61999999999998,25.0283148629914,25.078153250303,,
4.62999999999998,24.4976250029792,24.4763275102987,,
4.63999999999998,23.6996176060998,23.7597719543968,,
4.64999999999998,23.1599121577173,23.2027136854228,,
4.65999999999998,22.4257603777487,22.4315952196639,,
4.66999999999998,21.9078746135646,21.9614746624028,,
4.67999999999998,21.3649301294203,21.3938490192642,,
4.68999999999998,20.7740999804593,20.8178061690553,,
4.69999999999998,19.8627410987925,19.857084915432,,
4.70999999999998,20.1590695950168,20.2197309190807,,
4.71999999999998,19.3248467609716,19.332626468683,,
4.72999999999998,18.7304698122789,18.7676274838518,,
4.73999999999998,18.4645896667731,18.472308189272,,
4.74999999999998,17.9132460870486,17.938154177067,,
4.75999999999998,17.562645624409,17.572493794505,,
4.76999999999997,17.1156478046337,17.1072258423118,,
4.77999999999997,16.6673020407133,16.7369179575723,,
4.78999999999997,16.3383761791598,16.3090991125943,,
4.79999999999997,15.515190528887,15.5777677575526,,
4.80999999999997,16.2288911925219,16.2155462035081,,
4.81999999999997,15.3769143947109,15.4116344935735,,
4.82999999999997,15.2818827621255,15.2293738073912,,
4.83999999999997,14.7135708452157,14.7666169110722,,
4.84999999999997,14.5246122674253,14.5568384947065,,
4.85999999999997,14.1935732403126,14.177321687176,,
4.86999999999997,13.945713791958,13.9736586348199,,
4.87999999999997,13.6935168010505,13.6867117642608,,
4.88999999999997,13.3962122007786,13.4142619008021,,
4.89999999999997,13.1685756276817,12.9917113730565,,
4.90999999999997,12.8887511290371,13.0606003933503,,
4.91999999999997,12.7494871978223,12.7105213459327,,
4.92999999999997,12.3475298001279,12.3912748636717,,
4.93999999999997,12.3176468366076,12.2934842626048,,
4.94999999999997,11.9540308839044,11.9567228630162,,
4.95999999999997,11.8072381439576,11.7883894903364,,
4.96999999999997,11.5563825130787,11.5047700128883,,
4.97999999999997,10.9668430244019,11.0547300308133,,
4.98999999999997,10.9656997790202,10.91959956866,,
4.99999999999997,10.2601011395868,10.3135323488827,,
5.00999999999997,10.9182248362376,10.8749439573401,,
5.01999999999996,10.1689916231722,10.193901264333,,
5.02999999999996,10.3008351442506,10.1905072226909,,
5.03999999999996,9.48408814075469,9.54103297137782,,
5.04999999999996,9.41596537624195,9.42030236952867,,
5.05999999999996,9.18719610208989,9.17092653878774,,
5.06999999999996,8.98405382343018,9.00220298016322,,
5.07999999999996,8.8782180268702,8.84287824490274,,
5.08999999999996,8.51507132995678,8.54954578851687,,
5.09999999999996,8.73754636702175,8.57611237655744,,
5.10999999999996,7.8524280362927,8.0077714177843,,
5.11999999999996,8.09640772776487,8.05921604817327,,
5.12999999999996,7.67741964087829,7.71357720262853,,
5.13999999999996,7.72769604386357,7.70349099197851,,
5.14999999999996,7.48128701377224,7.47325015247355,,
5.15999999999996,7.44663901372541,7.42285631722436,,
5.16999999999996,7.36376850815098,7.28730356469617,,
5.17999999999996,6.74997233660629,6.85333538149063,,
5.18999999999996,6.94714083586707,6.89853545155522,,
5.19999999999996,6.42753803539202,6.39769275530026,,
5.20999999999996,6.91428123809651,6.944686577465,,
5.21999999999996,6.31131582939951,6.34744447425865,,
5.22999999999996,6.41708946878565,6.2817427030906,,
5.23999999999996,5.72881431159545,5.81332046160089,,
5.24999999999996,5.63055841764105,5.64781685677441,,
5.25999999999995,5.38245878863885,5.36874242535479,,
5.26999999999995,5.14241661117597,5.15243220607385,,
5.27999999999995,4.93601281220133,4.91061482928454,,
5.28999999999995,4.63518706356766,4.64183356713185,,
5.29999999999995,4.64013612432331,4.50987816577616,,
5.30999999999995,3.88922058934831,3.98167152553824,,
5.31999999999995,3.79432896987513,3.77053285959288,,
5.32999999999995,3.38198852865026,3.39571233164984,,
5.33999999999995,3.09750233460372,3.07180495154892,,
5.34999999999995,2.72548385419358,2.71281147527513,,
5.35999999999995,2.3920837249115,2.3579658091578,,
5.36999999999995,2.07163435174693,2.03023931755206,,
5.37999999999995,1.51464862703238,1.53593650264467,,
5.38999999999995,1.16764642901228,1.1365109828188,,
5.39999999999995,0.858624275429411,0.86531294936635,,
5.40999999999995,0.555429286147624,0.526371377640466,,
5.41999999999995,0.0692097499033234,0.0688281308614009,,
5.42999999999995,-0.0743796596591769,-0.140755492678008,,
5.43999999999995,-0.714059814205277,-0.705254759075819,,
5.44999999999995,-1.02717014104363,-1.04166187628878,,
5.45999999999995,-1.50144292772609,-1.52917358026145,,
5.46999999999995,-1.72498856396704,-1.73840135153654,,
5.47999999999995,-2.10107189621564,-2.13329533910187,,
5.48999999999995,-2.57734534035447,-2.58845637174942,,
5.49999999999995,-2.75088828901049,-2.79655884715691,,
5.50999999999994,-3.45415137471564,-3.45290337472895,,
5.51999999999994,-3.54814382697591,-3.59137703294114,,
5.52999999999994,-3.98390936783305,-3.99550136581677,,
5.53999999999994,-4.15327314912134,-4.1854993434955,,
5.54999999999994,-4.53171017386641,-4.55507870377199,,
5.55999999999994,-4.84278471477604,-4.86679112411978,,
5.56999999999994,-5.10096974991069,-5.12276505609276,,
5.57999999999994,-5.5713948147631,-5.60626152032474,,
5.58999999999994,-5.69239924942423,-5.72821331154573,,
5.59999999999994,-5.91803737958776,-5.93946995370877,,
5.60999999999994,-6.0791792490025,-6.10565237366714,,
5.61999999999994,-6.23037756256076,-6.2620564875551,,
5.62999999999994,-6.20821525108587,-6.20594245571729,,
5.63999999999994,-6.71180483248795,-6.75117182670243,,
5.64999999999994,-6.7790791278724,-6.82232831378832,,
5.65999999999994,-6.98499237473699,-7.00591532021317,,
5.66999999999994,-7.13485218534789,-7.15336397171835,,
5.67999999999994,-7.28609431378565,-7.29966378073018,,
5.68999999999994,-7.4699008544846,-7.50367409739247,,
5.69999999999994,-7.18663343990429,-7.12147680967974,,
5.70999999999994,-8.18007907736373,-8.29801868191294,,
5.71999999999994,-8.01776822899646,-8.04401844311553,,
5.72999999999994,-8.21695540753653,-8.25278385401285,,
5.73999999999994,-8.32497056150217,-8.35882347887707,,
5.74999999999993,-8.56503810562383,-8.59280477659187,,
5.75999999999993,-8.74917046249126,-8.7861827639816,,
5.76999999999993,-8.83194176374871,-8.86798982190942,,
5.77999999999993,-9.39487461816307,-9.40726231078475,,
5.78999999999993,-9.36295869458686,-9.39902482411419,,
5.79999999999993,-9.68333237092484,-9.68684124211289,,
5.80999999999993,-9.68900289830583,-9.73760090885496,,
5.81999999999993,-10.0540265477848,-10.0861261497502,,
5.82999999999993,-10.1192008647115,-10.1691792113671,,
5.83999999999993,-10.8056639839431,-10.8020296266447,,
5.84999999999993,-11.0157494677969,-11.0331029920312,,
5.85999999999993,-11.1046567321753,-11.1399755330759,,
5.86999999999993,-11.4761810771806,-11.4952737180323,,
5.87999999999993,-11.6226166245075,-11.6595414808523,,
5.88999999999993,-12.0649859635063,-12.0876925848006,,
5.89999999999993,-11.7333598552265,-11.8228295469374,,
5.90999999999993,-13.1273880366106,-13.0991678011843,,
5.91999999999993,-12.7401583941316,-12.7765908494675,,
5.92999999999993,-13.1020968629997,-13.1443940783354,,
5.93999999999993,-13.3320739890036,-13.3635894881084,,
5.94999999999993,-13.6097928550188,-13.6366122578119,,
5.95999999999993,-13.8568571627312,-13.8829984729422,,
5.96999999999993,-13.8297857223085,-13.8739563813445,,
5.97999999999993,-14.6723378540054,-14.6999969709966,,
5.98999999999993,-14.5497813808077,-14.5902833299966,,
5.99999999999992,-14.9596284535375,-14.9832677154855,,
6.00999999999992,-15.0616258861042,-15.1143971169283,,
6.01999999999992,-15.403039973217,-15.4208893127179,,
6.02999999999992,-15.398116631194,-15.4328260671472,,
6.03999999999992,-16.1936279319881,-16.2554123321508,,
6.04999999999992,-16.4455042830198,-16.4992514361368,,
6.05999999999992,-16.8455823428289,-16.8781066194397,,
6.06999999999992,-17.1227524686575,-17.153255907499,,
6.07999999999992,-17.3256793639061,-17.3675585660345,,
6.08999999999992,-17.880918166497,-17.9115764542333,,
6.09999999999992,-17.7325765208188,-17.7453380257049,,
6.10999999999992,-19.102056461879,-19.161453695122,,
6.11999999999992,-19.0755226980818,-19.1231976862557,,
6.12999999999992,-19.6550233423695,-19.6828927533762,,
6.13999999999992,-20.0909572399163,-20.1249813136192,,
6.14999999999992,-20.6479104577337,-20.7170067300763,,
6.15999999999992,-21.1822021135186,-21.2355043368704,,
6.16999999999992,-21.8463771327901,-21.8868980671092,,
6.17999999999992,-22.5582788789711,-22.6182052300359,,
6.18999999999992,-22.9719677433969,-23.0301803970554,,
6.19999999999992,-23.7308834557147,-23.7715631998213,,
6.20999999999992,-24.1349835535541,-24.1790593269241,,
6.21999999999992,-24.8746631143114,-24.9118549425008,,
6.22999999999992,-25.4034674052172,-25.4359285416904,,
6.23999999999991,-26.3342200070526,-26.3761089610192,,
6.24999999999991,-26.8967283885601,-26.938290734092,,
6.25999999999991,-27.6716981370784,-27.7403547267086,,
6.26999999999991,-28.3554136537146,-28.4117513068794,,
6.27999999999991,-29.2907392098486,-29.3263289860747,,
6.28999999999991,-29.7076049137991,-29.7488099426825,,
6.29999999999991,-30.3061391725658,-30.3393978149559,,
6.30999999999991,-31.425308225609,-31.4882106232663,,
6.31999999999991,-31.8603730724134,-31.8918516549762,,
6.32999999999991,-32.7047969412755,-32.7537278839842,,
6.33999999999991,-33.4561866154229,-33.51022167319,,
6.34999999999991,-34.408440929358,-34.4484375280466,,
6.35999999999991,-34.6344972235138,-34.6696155356166,,
6.36999999999991,-35.5734727217131,-35.6507380876406,,
6.37999999999991,-36.4490675683297,-36.5022648070494,,
6.38999999999991,-37.4687698295366,-37.5094173784245,,
6.39999999999991,-37.7005966631998,-37.7251826308282,,
6.40999999999991,-38.5269091018175,-38.5687450290455,,
6.41999999999991,-39.2244695525251,-39.2570547019482,,
6.42999999999991,-39.8051424473427,-39.8336692909523,,
6.43999999999991,-40.9004159828269,-40.9391390031727,,
6.44999999999991,-41.6379107570769,-41.6808931264351,,
6.45999999999991,-42.5075370161305,-42.5504450495846,,
6.46999999999991,-42.925906020504,-42.9448905916969,,
6.47999999999991,-43.8009811009961,-43.8753780855745,,
6.4899999999999,-44.4820606364101,-44.5274073775277,,
6.4999999999999,-45.4189991909178,-45.4602910030929,,
6.5099999999999,-46.2603053232832,-46.2570260131431,,
6.5199999999999,-46.8633750598043,-46.8717279715277,,
6.5299999999999,-47.7021470401148,-47.7215117607085,,
6.5399999999999,-48.6029276781616,-48.6250895090876,,
6.5499999999999,-49.639785234392,-49.6680248455082,,
6.5599999999999,-50.2045260221427,-50.2182876616151,,
6.5699999999999,-51.2870026836386,-51.3173925934439,,
6.5799999999999,-52.3959397684147,-52.3734603427827,,
6.5899999999999,-53.0894819502103,-53.1487998725455,,
6.5999999999999,-54.0477474769063,-54.0702234028545,,
6.6099999999999,-55.4586571336635,-55.4718360557949,,
6.6199999999999,-56.1137779850641,-56.0845257003085,,
6.6299999999999,-57.1993208900302,-57.2139215962465,,
6.6399999999999,-58.5991577149249,-58.5934966595671,,
6.6499999999999,-59.3745353510946,-59.3452691008658,,
6.6599999999999,-60.8739084879098,-60.8493477099428,,
6.6699999999999,-61.6508451887402,-61.6334217371475,,
6.6799999999999,-63.2717348602622,-63.2831113081293,,
6.6899999999999,-64.2211692133325,-64.1712276809285,,
6.6999999999999,-65.640016357285,-65.7010827131182,,
6.7099999999999,-66.990975383599,-67.006012281226,,
6.7199999999999,-68.0708072463815,-68.0789387503128,,
6.72999999999989,-69.5663150800192,-69.5300413964345,,
6.73999999999989,-70.6371116620004,-70.6176684933586,,
6.74999999999989,-72.206097749042,-72.1887000729756,,
6.75999999999989,-73.2994416743212,-73.238680463081,,
6.76999999999989,-74.9424908510074,-74.9031960993826,,
6.77999999999989,-76.1635682843629,-76.1066918088502,,
6.78999999999989,-77.1860548555357,-77.1826476058255,,
6.79999999999989,-79.2467064399815,-79.1649011857775,,
6.80999999999989,-79.1759090080589,-79.177861168953,,
6.81999999999989,-80.9335078123008,-80.9517702478368,,
6.82999999999989,-81.7394138150607,-81.7680490837669,,
6.83999999999989,-83.4499628324193,-83.3540271010159,,
6.84999999999989,-84.1981512335922,-84.1069487077829,,
6.85999999999989,-85.3105567906833,-85.3328869588534,,
6.86999999999989,-86.3184420355636,-86.173826070466,,
6.87999999999989,-87.2605702352072,-87.1796456159071,,
6.88999999999989,-88.0408939093949,-88.0126071486944,,
6.89999999999989,-89.1867229319868,-89.2470829916428,,
6.90999999999989,-89.6998527574447,-89.5514421832314,,
6.91999999999989,-90.5248802779738,-90.4542475243667,,
6.92999999999989,-91.274603926537,-91.3061821960086,,
6.93999999999989,-91.9157206281311,-91.8684734392587,,
6.94999999999989,-92.6576909178061,-92.5649110006181,,
6.95999999999989,-93.2008941499345,-93.1608592784665,,
6.96999999999989,-93.9304877238517,-93.9358438835785,,
6.97999999999988,-94.7368825220934,-94.5747124478074,,
6.98999999999988,-95.1919255667716,-95.1297383765853,,
6.99999999999988,-96.2764045100301,-96.1772624174723,,
7.00999999999988,-95.4734255216622,-95.4473230401914,,
7.01999999999988,-96.623218138468,-96.5107013070771,,
7.02999999999988,-96.9413058532804,-96.8991899354216,,
7.03999999999988,-97.5436874496955,-97.557729884133,,
7.04999999999988,-97.8639814589717,-97.7928970841852,,
7.05999999999988,-98.3676300852539,-98.2958888618808,,
7.06999999999988,-98.7195637330392,-98.6288222991556,,
7.07999999999988,-99.017509075698,-99.0150844973987,,
7.08999999999988,-99.4359848726741,-99.3330530995969,,
7.09999999999988,-100.055882990889,-100.053616801908,,
7.10999999999988,-100.060420272906,-99.99336337657,,
7.11999999999988,-100.473534555116,-100.434173886031,,
7.12999999999988,-100.88104702131,-100.834806307275,,
7.13999999999988,-101.137394201715,-101.127475262795,,
7.14999999999988,-101.505779286752,-101.467046915359,,
7.15999999999988,-101.780084416352,-101.704157792869,,
7.16999999999988,-102.212906892339,-102.157177789407,,
7.17999999999988,-102.593472655053,-102.541873657412,,
7.18999999999988,-102.746323234858,-102.713959788346,,
7.19999999999988,-103.256400896871,-103.211229034404,,
7.20999999999988,-103.270180962937,-103.233827640757,,
7.21999999999987,-103.657762608043,-103.617002944333,,
7.22999999999987,-103.948754341036,-103.869526111421,,
7.23999999999987,-104.413949358877,-104.401045157714,,
7.24999999999987,-104.641609639482,-104.589436520862,,
7.25999999999987,-104.90523357725,-104.90138874618,,
7.26999999999987,-105.246067433733,-105.224184575652,,
7.27999999999987,-105.581368341605,-105.557717803383,,
7.28999999999987,-105.740555292348,-105.716335258242,,
7.29999999999987,-106.117187287279,-106.055140496796,,
7.30999999999987,-106.422994478166,-106.417418793785,,
7.31999999999987,-106.563299948724,-106.518986711228,,
7.32999999999987,-106.86173051354,-106.847233569939,,
7.33999999999987,-107.145905995092,-107.120783769009,,
7.34999999999987,-107.393397419047,-107.387219239196,,
7.35999999999987,-107.588385497025,-107.548093438324,,
7.36999999999987,-107.875963201902,-107.860562923905,,
7.37999999999987,-108.220192442908,-108.215972720675,,
7.38999999999987,-108.306682537678,-108.283077557646,,
7.39999999999987,-108.745810622334,-108.728985763389,,
7.40999999999987,-108.750426623393,-108.753413389872,,
7.41999999999987,-109.125294691935,-109.121694955543,,
7.42999999999987,-109.306737376496,-109.302532308646,,
7.43999999999987,-109.732205098222,-109.720073262519,,
7.44999999999987,-109.866465283386,-109.850725868698,,
7.45999999999987,-110.106079002241,-110.10470037857,,
7.46999999999986,-110.338608565479,-110.34682650644,,
7.47999999999986,-110.528578909579,-110.553274217622,,
7.48999999999986,-110.745969335978,-110.732186246397,,
7.49999999999986,-110.916215252315,-110.993837278921,,
7.50999999999986,-111.37027986156,-111.297021818884,,
7.51999999999986,-111.324537066203,-111.317097241813,,
7.52999999999986,-111.626495307964,-111.613821542066,,
7.53999999999986,-111.77367872821,-111.773132012471,,
7.54999999999986,-111.92128206347,-111.935418489039,,
7.55999999999986,-112.05720974296,-112.051591885608,,
7.56999999999986,-112.186160904347,-112.20128676626,,
7.57999999999986,-112.510418569843,-112.45830846605,,
7.58999999999986,-112.365225197113,-112.3491140107,,
7.59999999999986,-112.676250770298,-112.670095183009,,
7.60999999999986,-112.518886771822,-112.519667285281,,
7.61999999999986,-112.655755980428,-112.653327032746,,
7.62999999999986,-112.617943893466,-112.634366364427,,
7.63999999999986,-112.857129789389,-112.829287088089,,
7.64999999999986,-112.745505017608,-112.714699911258,,
7.65999999999986,-112.70904499419,-112.689486238531,,
7.66999999999986,-112.728410320222,-112.712892205951,,
7.67999999999986,-112.699047307784,-112.695511376142,,
7.68999999999986,-112.733541658932,-112.721502786633,,
7.69999999999986,-112.630241509098,-112.660569925215,,
7.70999999999985,-112.921852737407,-112.844603877997,,
7.71999999999985,-112.655305090458,-112.62831250579,,
7.72999999999985,-112.772166046475,-112.757178958816,,
7.73999999999985,-112.709362816498,-112.685147891766,,
7.74999999999985,-112.702868169455,-112.69542423794,,
7.75999999999985,-112.70797217529,-112.710843778401,,
7.76999999999985,-112.826128970782,-112.829745322933,,
7.77999999999985,-113.050449067414,-113.028231391598,,
7.78999999999985,-112.973277967337,-112.948222864228,,
7.79999999999985,-113.218019857041,-113.202707927728,,
7.80999999999985,-113.047911498969,-112.998503519945,,
7.81999999999985,-113.295596522749,-113.263053697748,,
7.82999999999985,-113.321661952619,-113.306221604619,,
7.83999999999985,-113.691651082686,-113.659728464565,,
7.84999999999985,-113.653873806395,-113.630281776799,,
7.85999999999985,-113.859734303128,-113.83540119072,,
7.86999999999985,-114.017144753413,-114.017241012625,,
7.87999999999985,-114.229151157957,-114.217616056099,,
7.88999999999985,-114.407883626754,-114.410060697439,,
7.89999999999985,-114.696225480625,-114.682645542118,,
7.90999999999985,-114.990810867487,-114.989433481893,,
7.91999999999985,-114.997395888221,-114.977319080666,,
7.92999999999985,-115.26166171386,-115.243576094653,,
7.93999999999985,-115.419696494222,-115.400448538904,,
7.94999999999985,-115.68164096502,-115.667118972056,,
7.95999999999985,-115.665265201747,-115.654800264402,,
7.96999999999985,-116.126462374077,-116.096803449383,,
7.97999999999984,-116.350349885907,-116.372493839761,,
7.98999999999984,-116.506173131863,-116.475230056278,,
7.99999999999984,-116.904090545988,-116.914726174998,,
8.00999999999984,-117.005027385685,-116.996545359509,,
8.01999999999984,-117.38852848726,-117.410820578167,,
8.02999999999984,-117.687011141281,-117.637505896217,,
8.03999999999984,-118.214060624616,-118.242851122296,,
8.04999999999984,-118.406841281814,-118.420862661555,,
8.05999999999984,-118.84255914108,-118.819410672593,,
8.06999999999984,-119.171014385649,-119.185325346565,,
8.07999999999984,-119.56367798061,-119.549132386531,,
8.08999999999984,-119.747225818422,-119.776818040378,,
8.09999999999984,-120.248250736992,-120.193699082915,,
8.10999999999984,-120.469620486068,-120.522990197957,,
8.11999999999984,-120.621488933997,-120.603140253333,,
8.12999999999984,-120.883725726122,-120.897826744153,,
8.13999999999984,-121.051949798617,-121.063253448183,,
8.14999999999984,-121.255127655905,-121.262643648656,,
8.15999999999984,-121.328984694835,-121.357302594321,,
8.16999999999984,-121.610349121936,-121.620276137845,,
8.17999999999984,-121.833384784525,-121.831643197173,,
8.18999999999984,-121.850833135717,-121.846660414631,,
8.19999999999984,-122.188199260703,-122.195861765467,,
8.20999999999984,-122.07857325589,-122.083265835998,,
8.21999999999984,-122.249267867813,-122.280525165235,,
8.22999999999983,-122.293240967197,-122.357673817219,,
8.23999999999983,-122.509386737051,-122.51215641072,,
8.24999999999983,-122.535979795296,-122.514679344143,,
8.25999999999983,-122.751001099075,-122.758810862683,,
8.26999999999983,-122.95710568963,-122.975646808232,,
8.27999999999983,-123.02329755745,-123.046929477699,,
8.28999999999983,-123.239344933889,-123.251476086716,,
8.29999999999983,-123.674177870458,-123.778995864631,,
8.30999999999983,-123.443772161785,-123.37371879299,,
8.31999999999983,-123.720516485287,-123.717731858191,,
8.32999999999983,-123.994507096969,-124.035287299467,,
8.33999999999983,-124.210079881897,-124.193106324743,,
8.34999999999983,-124.433972041676,-124.459723900077,,
8.35999999999983,-124.710612219353,-124.720909248293,,
8.36999999999983,-125.050585631536,-125.084362384148,,
8.37999999999983,-125.275272100589,-125.236866223726,,
8.38999999999983,-125.461584081887,-125.462931147196,,
8.39999999999983,-126.025752611347,-126.058643515592,,
8.40999999999983,-125.844939843838,-125.809881770422,,
8.41999999999983,-126.338901726907,-126.344088930469,,
8.42999999999983,-126.7592052962,-126.767779144676,,
8.43999999999983,-127.119998871977,-127.097028624168,,
8.44999999999983,-127.289394044621,-127.25316332603,,
8.45999999999983,-127.641463163552,-127.653960496071,,
8.46999999999982,-127.980436148245,-127.97796159818,,
8.47999999999982,-128.356021933767,-128.337394543137,,
8.48999999999982,-128.615533555259,-128.610943130375,,
8.49999999999982,-129.354716239432,-129.391168588588,,
8.50999999999982,-129.277290386598,-129.205789744196,,
8.51999999999982,-129.701993799774,-129.688323184756,,
8.52999999999982,-130.087023799596,-130.099938255512,,
8.53999999999982,-130.488038923576,-130.458777588915,,
8.54999999999982,-130.898311758481,-130.893850986574,,
8.55999999999982,-130.894153113575,-130.902460976151,,
8.56999999999982,-131.472106532959,-131.484860539893,,
8.57999999999982,-131.924156674806,-131.887041731721,,
8.58999999999982,-132.104321931547,-132.098717567341,,
8.59999999999982,-132.690073059272,-132.718365736606,,
8.60999999999982,-132.83591675905,-132.834100126117,,
8.61999999999982,-133.38108397995,-133.396109430378,,
8.62999999999982,-133.606040660686,-133.653153163124,,
8.63999999999982,-134.233263208852,-134.213666776992,,
8.64999999999982,-134.374583955335,-134.348298087969,,
8.65999999999982,-134.795172705962,-134.796373064905,,
8.66999999999982,-135.077272341533,-135.088506005199,,
8.67999999999982,-135.422280844327,-135.428692993741,,
8.68999999999982,-135.676113841449,-135.701926020787,,
8.69999999999982,-136.043275502515,-136.108274991101,,
8.70999999999982,-136.301920541157,-136.252954285543,,
8.71999999999981,-136.377697480247,-136.363101980483,,
8.72999999999981,-136.732870349546,-136.723722243395,,
8.73999999999981,-136.826794630418,-136.835412208111,,
8.74999999999981,-137.006767966971,-137.010167337162,,
8.75999999999981,-137.033599469338,-137.047537619489,,
8.76999999999981,-137.170844724785,-137.175063715964,,
8.77999999999981,-137.291010636167,-137.272195453436,,
8.78999999999981,-137.1316161287,-137.089020125866,,
8.79999999999981,-137.393217187445,-137.400123305678,,
8.80999999999981,-136.704407040444,-136.689320943481,,
8.81999999999981,-136.821141673221,-136.832271195275,,
8.82999999999981,-136.634247281109,-136.655818889272,,
8.83999999999981,-136.580264739497,-136.577468949992,,
8.84999999999981,-136.213162868365,-136.169883083362,,
8.85999999999981,-136.003718015024,-136.000788464871,,
8.86999999999981,-135.833723982592,-135.838152867909,,
8.87999999999981,-135.525588107307,-135.504558924296,,
8.88999999999981,-135.256838917089,-135.288772834297,,
8.89999999999981,-135.227919200573,-135.19282801106,,
8.90999999999981,-134.562886740724,-134.599732178553,,
8.91999999999981,-134.408149590215,-134.370636023046,,
8.92999999999981,-134.097479056736,-134.203629766383,,
8.93999999999981,-134.106644522711,-133.983569288079,,
8.94999999999981,-133.775679345949,-133.781823445475,,
8.9599999999998,-133.629752148145,-133.585868101396,,
8.9699999999998,-133.566024740783,-133.526035709397,,
8.9799999999998,-133.238842968886,-133.285966899099,,
8.9899999999998,-133.148268363503,-133.14554505654,,
8.9999999999998,-132.962169917225,-133.081367866097,,
9.0099999999998,-133.032175809713,-132.90693108649,,
9.0199999999998,-132.905498079513,-132.925779947218,,
9.0299999999998,-133.151130911027,-133.059121383616,,
9.0399999999998,-133.005789740689,-133.04853791572,,
9.0499999999998,-133.070570886087,-133.070493657203,,
9.0599999999998,-133.165963922258,-133.191030189947,,
9.0699999999998,-133.290095241373,-133.339367230981,,
9.0799999999998,-133.534661966608,-133.537774400691,,
9.0899999999998,-133.720548828689,-133.755857049506,,
9.0999999999998,-134.409152350401,-134.385393443859,,
9.1099999999998,-134.120848805563,-134.176057860813,,
9.1199999999998,-134.716867910592,-134.699334850899,,
9.1299999999998,-135.002928057767,-135.062432957109,,
9.1399999999998,-135.397236583781,-135.45778634399,,
9.1499999999998,-135.782252797498,-135.837843527709,,
9.1599999999998,-136.237866519351,-136.272582608099,,
9.1699999999998,-136.8192474034,-136.866051345405,,
9.1799999999998,-137.05722247791,-137.073283978362,,
9.1899999999998,-137.505105814392,-137.512867928391,,
9.1999999999998,-137.834632587533,-137.880447008937,,
9.20999999999979,-138.375896199203,-138.436480535392,,
9.21999999999979,-138.696085320897,-138.739275364397,,
9.22999999999979,-139.103574463062,-139.108839308616,,
9.23999999999979,-139.555664749044,-139.600415502372,,
9.24999999999979,-139.736054905371,-139.799691166159,,
9.25999999999979,-140.03899188223,-140.045671047934,,
9.26999999999979,-140.330087666701,-140.384164896124,,
9.27999999999979,-140.728011418848,-140.822193652157,,
9.28999999999979,-140.915210406809,-140.936111720064,,
9.29999999999979,-141.236826898769,-141.350164221937,,
9.30999999999979,-141.60087897385,-141.565576447353,,
9.31999999999979,-141.535292733289,-141.60181318674,,
9.32999999999979,-141.847559139213,-141.848978876111,,
9.33999999999979,-141.956455649806,-142.03909212743,,
9.34999999999979,-142.187778747896,-142.260039199757,,
9.35999999999979,-142.213036430825,-142.252036399671,,
9.36999999999979,-142.390961283493,-142.500875844964,,
9.37999999999979,-142.748733820694,-142.680090438805,,
9.38999999999979,-142.549408946583,-142.592722254445,,
9.39999999999979,-142.874682721617,-142.868522907691,,
9.40999999999979,-142.757774832728,-142.859099165069,,
9.41999999999979,-142.965077179741,-142.980341449845,,
9.42999999999979,-142.849395362604,-142.994222886869,,
9.43999999999979,-143.089433007404,-143.030720112514,,
9.44999999999978,-142.83414559198,-142.833111736621,,
9.45999999999978,-142.731644313724,-142.702743946308,,
9.46999999999978,-142.562503088978,-142.599506648858,,
9.47999999999978,-142.276087857596,-142.324595622867,,
9.48999999999978,-142.108391315568,-142.126957441624,,
9.49999999999978,-141.647190973751,-141.8755049902,,
9.50999999999978,-141.903734188437,-141.694734195791,,
9.51999999999978,-141.219174490232,-141.223323144557,,
9.52999999999978,-141.031458043833,-141.011886960627,,
9.53999999999978,-140.724635055675,-140.689486053374,,
9.54999999999978,-140.329135956845,-140.322008771853,,
9.55999999999978,-139.923070573947,-140.053874097042,,
9.56999999999978,-139.579993579891,-139.635342473256,,
9.57999999999978,-139.351649334713,-139.279221175795,,
9.58999999999978,-138.82964260723,-138.812651844313,,
9.59999999999978,-138.600033349463,-138.651284074072,,
9.60999999999978,-138.292230917228,-138.13920235025,,
9.61999999999978,-137.887419102797,-137.934013763834,,
9.62999999999978,-137.630055759654,-137.562919797145,,
9.63999999999978,-137.281327524719,-137.357766483574,,
9.64999999999978,-136.984833341094,-136.931350190497,,
9.65999999999978,-136.698484596171,-136.770169529477,,
9.66999999999978,-136.58212093916,-136.562903184451,,
9.67999999999978,-136.547579692968,-136.397737517951,,
9.68999999999978,-136.258226724567,-136.302041303955,,
9.69999999999977,-136.624789493126,-136.27533547004,,
9.70999999999977,-135.960268664229,-136.23488101375,,
9.71999999999977,-136.269499956045,-136.173209782406,,
9.72999999999977,-136.237171960343,-136.321526639301,,
9.73999999999977,-136.476347614871,-136.41968310573,,
9.74999999999977,-136.592378437941,-136.598821719287,,
9.75999999999977,-136.930260474941,-136.896613253752,,
9.76999999999977,-137.363889045275,-137.28130727729,,
9.77999999999977,-137.299402926047,-137.370689537852,,
9.78999999999977,-137.886485020963,-137.84963868938,,
9.79999999999977,-138.146097165196,-138.21241761709,,
9.80999999999977,-138.688633741477,-138.718577882496,,
9.81999999999977,-139.051773883109,-139.064491203328,,
9.82999999999977,-139.886535843269,-139.914565973805,,
9.83999999999977,-140.21119436802,-140.197726878724,,
9.84999999999977,-140.810710866539,-140.76837380885,,
9.85999999999977,-141.446011334745,-141.478807444394,,
9.86999999999977,-142.020140249881,-142.06017341481,,
9.87999999999977,-142.661319822003,-142.750334285968,,
9.88999999999977,-143.139128316687,-143.157910282456,,
9.89999999999977,-144.111913382481,-144.110231345561,,
9.90999999999977,-144.326519419794,-144.387599218038,,
9.91999999999977,-145.046826494787,-145.075888980753,,
9.92999999999977,-145.529532090762,-145.57890507909,,
9.93999999999976,-146.167771574004,-146.275682371904,,
9.94999999999976,-146.809979658966,-146.887944786495,,
9.95999999999976,-147.095801621909,-147.120333302949,,
9.96999999999976,-147.782366595887,-147.801486579595,,
9.97999999999976,-148.063059179795,-148.171813837731,,
9.98999999999976,-148.476104461129,-148.501189808665,,
9.99999999999976,-148.765374807155,-148.84684463464,,
10.0099999999998,-149.110203582775,-149.229176263954,,
10.0199999999998,-149.414771027936,-149.473815224934,,
10.0299999999998,-149.629550499686,-149.696077741234,,
10.0399999999998,-149.982697422354,-150.016777861188,,
10.0499999999998,-150.003363039381,-150.084758971836,,
10.0599999999998,-150.059258040258,-150.104916981749,,
10.0699999999998,-150.038121982932,-150.115307958416,,
10.0799999999998,-149.984084726379,-150.099293070267,,
10.0899999999998,-150.047323833553,-150.086250211247,,
10.0999999999998,-149.704696426008,-149.730760130409,,
10.1099999999998,-150.077899476655,-150.159829668627,,
10.1199999999998,-149.398043964771,-149.451664466366,,
10.1299999999998,-149.237018468787,-149.323829810874,,
10.1399999999998,-148.845742415378,-148.890686910816,,
10.1499999999998,-148.543570862602,-148.560390569893,,
10.1599999999998,-148.157819301248,-148.167718169545,,
10.1699999999998,-147.654112566931,-147.74043558149,,
10.1799999999998,-147.526019366265,-147.570457715227,,
10.1899999999998,-146.696259665102,-146.663537837548,,
10.1999999999998,-146.385107472762,-146.37867414644,,
10.2099999999998,-145.565363771743,-145.657865806081,,
10.2199999999998,-145.073898218338,-145.153903139181,,
10.2299999999998,-144.363646835587,-144.418175478503,,
10.2399999999998,-143.975782659105,-144.061351586101,,
10.2499999999998,-143.278293029359,-143.269530647142,,
10.2599999999998,-142.63471218258,-142.691580459153,,
10.2699999999998,-142.300727857035,-142.251332826731,,
10.2799999999998,-141.589213350495,-141.527103144858,,
10.2899999999998,-141.014396681932,-141.112446907968,,
10.2999999999998,-140.319770154777,-140.16356479675,,
10.3099999999997,-139.977386217811,-140.217537726111,,
10.3199999999997,-139.223770082101,-139.213950214129,,
10.3299999999997,-138.628205579837,-138.815116807775,,
10.3399999999997,-138.53168350562,-138.299728650522,,
10.3499999999997,-137.97431547751,-137.927902687162,,
10.3599999999997,-137.565342033134,-137.529659005458,,
10.3699999999997,-137.240125128702,-137.209914414386,,
10.3799999999997,-136.8925821731,-136.978225788616,,
10.3899999999997,-136.645350851973,-136.588271755117,,
10.3999999999997,-136.295548604772,-136.342400737025,,
10.4099999999997,-136.47483283107,-136.428099706947,,
10.4199999999997,-136.210209499457,-136.261006403705,,
10.4299999999997,-136.330692667764,-136.251962481898,,
10.4399999999997,-136.170889711906,-136.193471936916,,
10.4499999999997,-136.171285404796,-136.186396396972,,
10.4599999999997,-136.450230159694,-136.37673104506,,
10.4699999999997,-136.457608141739,-136.495391808594,,
10.4799999999997,-136.715644472661,-136.73564565508,,
10.4899999999997,-136.905094549762,-136.960379909601,,
10.4999999999997,-137.448778653082,-137.394137233998,,
10.5099999999997,-137.481389972009,-137.549089114434,,
10.5199999999997,-137.925716934721,-137.890908511984,,
10.5299999999997,-138.33174585872,-138.368213755926,,
10.5399999999997,-138.693761839127,-138.736768120805,,
10.5499999999997,-139.14657447311,-139.164036559698,,
10.5599999999997,-139.429963614284,-139.43237066535,,
10.5699999999997,-139.982463869298,-139.967043178761,,
10.5799999999997,-140.401850716102,-140.431342799376,,
10.5899999999997,-140.758324901334,-140.741608603744,,
10.5999999999997,-141.089472407019,-141.095958015404,,
10.6099999999997,-141.636453255663,-141.720004552014,,
10.6199999999997,-141.92078825045,-141.973744672284,,
10.6299999999997,-142.440468258178,-142.370261043799,,
10.6399999999997,-142.750596492038,-142.858800957646,,
10.6499999999997,-143.129989718169,-143.161618077875,,
10.6599999999997,-143.576181022966,-143.596051407399,,
10.6699999999997,-143.929287931179,-144.001457999736,,
10.6799999999997,-144.412253505144,-144.48212764967,,
10.6899999999997,-144.72217266066,-144.761150843803,,
10.6999999999997,-145.454619126086,-145.399530360313,,
10.7099999999997,-145.480144772092,-145.619889241193,,
10.7199999999997,-145.857891853311,-145.864737516649,,
10.7299999999997,-146.245314915726,-146.28846946843,,
10.7399999999997,-146.424389238454,-146.513485126958,,
10.7499999999997,-146.730001200242,-146.802453618408,,
10.7599999999997,-146.970698241563,-146.968045914265,,
10.7699999999997,-147.1473184265,-147.216513767999,,
10.7799999999997,-147.278614113281,-147.332484312136,,
10.7899999999997,-147.127936674664,-147.128921664878,,
10.7999999999997,-147.351613063238,-147.412390476076,,
10.8099999999997,-146.910965134152,-147.011608317589,,
10.8199999999997,-147.033072157922,-147.069781175839,,
10.8299999999997,-146.795776581049,-146.851126146491,,
10.8399999999997,-146.794691184546,-146.81941381592,,
10.8499999999997,-146.361918545216,-146.405765502649,,
10.8599999999997,-146.073327587378,-146.053556972333,,
10.8699999999997,-145.771394126471,-145.822502231279,,
10.8799999999997,-145.242496674456,-145.317864663691,,
10.8899999999997,-144.97221616628,-145.030995928623,,
10.8999999999997,-144.244270334292,-144.376835642726,,
10.9099999999997,-144.401469004192,-144.372207320773,,
10.9199999999997,-143.429618260549,-143.448123237745,,
10.9299999999997,-142.924469387991,-143.009587155399,,
10.9399999999997,-142.522084196027,-142.496533515831,,
10.9499999999997,-141.892008409614,-141.956104330352,,
10.9599999999997,-141.305919005817,-141.385224640282,,
10.9699999999997,-140.77947562802,-140.86171131272,,
10.9799999999997,-140.469750787918,-140.471448734059,,
10.9899999999997,-139.68910434545,-139.725503786056,,
10.9999999999997,-139.226192891472,-139.370199365965,,
11.0099999999997,-138.955453542855,-138.77887993871,,
11.0199999999997,-138.276824076643,-138.336544219062,,
11.0299999999997,-137.801875261957,-137.688980394846,,
11.0399999999997,-137.525512944518,-137.61827278909,,
11.0499999999997,-137.126886591966,-137.133143807082,,
11.0599999999997,-136.757690318166,-136.811438426421,,
11.0699999999997,-136.547935517695,-136.59413174574,,
11.0799999999997,-136.458129841989,-136.367751898743,,
11.0899999999997,-136.260781054552,-136.300385282982,,
11.0999999999997,-136.052475789197,-135.890903000435,,
11.1099999999997,-136.282564049024,-136.403793393804,,
11.1199999999997,-136.037587131835,-136.004086417663,,
11.1299999999997,-136.133368455177,-136.172363800396,,
11.1399999999997,-136.205592009966,-136.228067244526,,
11.1499999999997,-136.395546066816,-136.422073174208,,
11.1599999999997,-136.640237626867,-136.680502703879,,
11.1699999999997,-136.936836263536,-136.950743052677,,
11.1799999999997,-137.329941188158,-137.258143726973,,
11.1899999999997,-137.582126719212,-137.586757401148,,
11.1999999999997,-137.963442000254,-137.979798620727,,
11.2099999999997,-138.276249223543,-138.332213092014,,
11.2199999999997,-138.722624539112,-138.728600272976,,
11.2299999999997,-139.062770648842,-139.178978087398,,
11.2399999999997,-139.818260236241,-139.749952554672,,
11.2499999999997,-140.185364412592,-140.123320936238,,
11.2599999999997,-140.678086524497,-140.659289800002,,
11.2699999999997,-141.130197166506,-141.133868545938,,
11.2799999999997,-141.687947185747,-141.74251532702,,
11.2899999999997,-142.133472468377,-142.126092458117,,
11.2999999999997,-142.589103899438,-142.6976288455,,
11.3099999999997,-143.272778912657,-143.204013815073,,
11.3199999999997,-143.535428403649,-143.55013414368,,
11.3299999999997,-144.018552584022,-143.991029956672,,
11.3399999999997,-144.439875038069,-144.491806907138,,
11.3499999999997,-144.908430619614,-144.944996690264,,
11.3599999999997,-145.17563410843,-145.17355265962,,
11.3699999999997,-145.632953694061,-145.658486946746,,
11.3799999999997,-145.764083866571,-145.814304673178,,
11.3899999999997,-146.091981540672,-146.082440130469,,
11.3999999999997,-146.123461660628,-146.140955240257,,
11.4099999999997,-146.622689529491,-146.685554416285,,
11.4199999999997,-146.607257106402,-146.643795487994,,
11.4299999999997,-146.867644045249,-146.863349397708,,
11.4399999999997,-146.865313545308,-146.906210731257,,
11.4499999999997,-146.767404119097,-146.800752803753,,
11.4599999999997,-146.768123558361,-146.755637296115,,
11.4699999999997,-146.713677013086,-146.76610851605,,
11.4799999999997,-146.681289603135,-146.725813795201,,
11.4899999999997,-146.568608517789,-146.58586429796,,
11.4999999999997,-146.380134119262,-146.341704547221,,
11.5099999999997,-146.278926140928,-146.346977938278,,
11.5199999999997,-145.819215879326,-145.821518240958,,
11.5299999999997,-145.593699768529,-145.598973132339,,
11.5399999999997,-145.264570570175,-145.320127222171,,
11.5499999999997,-144.847458652251,-144.894953155273,,
11.5599999999997,-144.517380569265,-144.537486675622,,
11.5699999999997,-144.000712714265,-144.050522537784,,
11.5799999999997,-143.581287123171,-143.591378541347,,
11.5899999999997,-142.892708248024,-142.831119060388,,
11.5999999999997,-142.413435840566,-142.521433928869,,
11.6099999999997,-141.902784752218,-141.896858478596,,
11.6199999999997,-141.211513116507,-141.288917613256,,
11.6299999999997,-140.652876382677,-140.704670974398,,
11.6399999999997,-140.096924379923,-140.158194005988,,
11.6499999999997,-139.41743606796,-139.395981924764,,
11.6599999999997,-138.627370046934,-138.759718898876,,
11.6699999999997,-138.246310070997,-138.1976858947,,
11.6799999999997,-137.550050514565,-137.487600857603,,
11.6899999999997,-136.918939963934,-136.962483981412,,
11.6999999999997,-136.094819388247,-135.912474744182,,
11.7099999999997,-135.979048880913,-136.231502234316,,
11.7199999999997,-135.091787099825,-135.05081868965,,
11.7299999999997,-134.48116010383,-134.714835544375,,
11.7399999999997,-134.207105120659,-134.092176574588,,
11.7499999999997,-133.720387780495,-133.709945988414,,
11.7599999999997,-133.243791731136,-133.216338852537,,
11.7699999999997,-132.828463495274,-132.761026965286,,
11.7799999999997,-132.735812838644,-132.841877140893,,
11.7899999999997,-132.166602480724,-132.108550825838,,
11.7999999999997,-131.674579147695,-131.774889210695,,
11.8099999999997,-131.862308220457,-131.887991830992,,
11.8199999999997,-131.510929382256,-131.577128660051,,
11.8299999999997,-131.248931071462,-131.248724796179,,
11.8399999999997,-131.331318747127,-131.368905031645,,
11.8499999999997,-131.100984407234,-131.117442495232,,
11.8599999999997,-130.986536760227,-130.974569377878,,
11.8699999999997,-130.877589536504,-130.925527846834,,
11.8799999999997,-130.922474238604,-130.972644245689,,
11.8899999999997,-131.018979299635,-131.02212856958,,
11.8999999999997,-130.579186641744,-130.711188972413,,
11.9099999999997,-131.828398670597,-131.659072639673,,
11.9199999999997,-131.24838310258,-131.259193493929,,
11.9299999999997,-131.421303860277,-131.374507087428,,
11.9399999999997,-131.505348972724,-131.558452517757,,
11.9499999999997,-131.697851007056,-131.707721930327,,
11.9599999999997,-131.689588817774,-131.704715428027,,
11.9699999999997,-131.895698182782,-131.9436670529,,
11.9799999999997,-132.176439414996,-132.118439785253,,
11.9899999999997,-132.221460389209,-132.199437558261,,
11.9999999999997,-132.227984102615,-132.182754381452,,
12.0099999999997,-132.974297285551,-133.028615375352,,
12.0199999999997,-132.969190673143,-132.971194845857,,
12.0299999999997,-133.24041187594,-133.232627425794,,
12.0399999999997,-133.425748167978,-133.431410638896,,
12.0499999999997,-133.556991062034,-133.596906576702,,
12.0599999999997,-133.810187105118,-133.764227930114,,
12.0699999999997,-133.934870698335,-133.961822491041,,
12.0799999999997,-134.070660654389,-134.101894972738,,
12.0899999999997,-134.203896083221,-134.229185773066,,
12.0999999999997,-134.112315134702,-134.151817454606,,
12.1099999999997,-134.416147903607,-134.411059967487,,
12.1199999999997,-134.125692860459,-134.126384042987,,
12.1299999999997,-134.132057201183,-134.101441066317,,
12.1399999999997,-133.96108177702,-134.01679829535,,
12.1499999999997,-133.851914221386,-133.866032394708,,
12.1599999999997,-133.69627133876,-133.722616867771,,
12.1699999999997,-133.475301876412,-133.473046380539,,
12.1799999999997,-133.340294581929,-133.380648665457,,
12.1899999999997,-133.010807933148,-132.969689743509,,
12.1999999999997,-132.711297305213,-132.721337960728,,
12.2099999999997,-132.635996196839,-132.656601447389,,
12.2199999999997,-132.263568865293,-132.308923423085,,
12.2299999999997,-132.06263015606,-132.056159377458,,
12.2399999999997,-131.805777993504,-131.852359753109,,
12.2499999999997,-131.490747354512,-131.480195021094,,
12.2599999999997,-131.189599960324,-131.142508660459,,
12.2699999999997,-130.969253108681,-131.021896018785,,
12.2799999999997,-130.534529047632,-130.520631320507,,
12.2899999999997,-130.360868845963,-130.401053971996,,
12.2999999999997,-129.769148304814,-129.697819960644,,
12.3099999999997,-130.085744250102,-130.18601122477,,
12.3199999999997,-129.360529892486,-129.299410495192,,
12.3299999999997,-129.098505596986,-129.217810156839,,
12.3399999999997,-129.05204977538,-128.922136753839,,
12.3499999999997,-128.605829744998,-128.624460907989,,
12.3599999999997,-128.360421337281,-128.326216486868,,
12.3699999999997,-128.086907233249,-128.052919121085,,
12.3799999999997,-127.952517862395,-128.018211518299,,
12.3899999999997,-127.451969036607,-127.451066276629,,
12.3999999999997,-127.061726837179,-127.214507157658,,
12.4099999999997,-127.328623527489,-127.172609211751,,
12.4199999999997,-126.846194090057,-126.870511533949,,
12.4299999999997,-126.468467985591,-126.408296279395,,
12.4399999999997,-126.364918532528,-126.397275160938,,
12.4499999999997,-125.960243962625,-125.949909434619,,
12.4599999999997,-125.620650079955,-125.63943217691,,
12.4699999999997,-125.432723152663,-125.484799148589,,
12.4799999999997,-125.258608881578,-125.24638772583,,
12.4899999999997,-125.086687061182,-125.107778236172,,
12.4999999999997,-124.558747934006,-124.523240360457,,
12.5099999999997,-125.255635431031,-125.281997675758,,
12.5199999999997,-124.613471083723,-124.592600494016,,
12.5299999999997,-124.50435871304,-124.485011262087,,
12.5399999999997,-124.370842650117,-124.397127577263,,
12.5499999999997,-124.254550508301,-124.298783854881,,
12.5599999999997,-124.067932148319,-124.059888646427,,
12.5699999999997,-123.954073803961,-123.956317176066,,
12.5799999999997,-124.069393046044,-124.10074120055,,
12.5899999999997,-123.839736203901,-123.792031396863,,
12.5999999999997,-123.712459204189,-123.726914414812,,
12.6099999999997,-123.867085250073,-123.897311359177,,
12.6199999999997,-123.67844775053,-123.70074333482,,
12.6299999999997,-123.538722359328,-123.536140550956,,
12.6399999999997,-123.501555399951,-123.507222960517,,
12.6499999999997,-123.330540890231,-123.367047468758,,
12.6599999999997,-123.250311663464,-123.207083124471,,
12.6699999999997,-123.16445198453,-123.192483545664,,
12.6799999999997,-123.059679140058,-123.079876939391,,
12.6899999999997,-123.024856815873,-123.049047553092,,
12.6999999999997,-122.607833175314,-122.611628408691,,
12.7099999999997,-123.126696841779,-123.131457970082,,
12.7199999999997,-122.537081680529,-122.5309658338,,
12.7299999999997,-122.45615338608,-122.455516557934,,
12.7399999999997,-122.229320816125,-122.24670091927,,
12.7499999999997,-121.978317798165,-122.001727345616,,
12.7599999999997,-121.747514752951,-121.768382265957,,
12.7699999999996,-121.433689120675,-121.449920411348,,
12.7799999999996,-121.325665667992,-121.342390182588,,
12.7899999999996,-120.940185501644,-120.897509142203,,
12.7999999999996,-120.577082799194,-120.640479941846,,
12.8099999999996,-120.661533722066,-120.655016119225,,
12.8199999999996,-120.230388641917,-120.264392158281,,
12.8299999999996,-119.925421616268,-119.936046796475,,
12.8399999999996,-119.688056416011,-119.713317063274,,
12.8499999999996,-119.263044775996,-119.259229273488,,
12.8599999999996,-118.900978628855,-118.906100896964,,
12.8699999999996,-118.662539175823,-118.692074570752,,
