"Time [ms]","InducedVoltage(Coil1) [V]","InducedVoltage(Coil2) [V]","InducedVoltage(Coil1)_1 [V]"
0,145.222529577812,145.649558631077,144.418728047372
0.01,144.955279772348,145.123025818071,144.817543660178
0.02,144.688029966884,144.596493005065,145.216359272984
0.03,143.934573394905,143.864417273332,145.644294076284
0.04,144.04138042155,143.777818721771,145.988281278076
0.05,143.211432446472,142.991543945532,146.124041543998
0.06,142.586175312283,142.22994789659,146.435877619142
0.07,141.867216820563,141.498762293889,146.528188760069
0.08,141.163703686543,140.679090372382,146.665557385716
0.09,140.502848054477,139.977177463114,146.752635508463
0.1,139.337913246697,138.746664910157,146.775526210201
0.11,139.935198954507,139.146036867827,147.203283732822
0.12,138.617134347745,137.817147712973,146.922388530416
0.13,138.09721399013,137.188348684089,146.813320398906
0.14,137.387076626731,136.499008670443,146.684428706016
0.15,136.885055839032,135.881575247476,146.552833460269
0.16,136.136380868902,135.0873620491,146.212012509957
0.17,135.44704127867,134.33181060373,145.821403198894
0.18,135.251775306355,134.091598433841,145.60100185769
0.19,134.952085538592,133.706164613658,145.286984723636
0.2,134.815855601707,133.627792273434,145.015315899465
0.21,134.605187802328,133.412851885445,144.547832794469
0.22,134.434126727774,133.244592076933,144.099220981139
0.23,134.246555403949,133.141618734784,143.459135445583
0.24,133.957815777683,132.743688370606,142.938781022816
0.25,133.987109529586,132.76942788199,142.414975445091
0.26,134.36432703367,133.307528813662,141.93472327098
0.27,134.621875143104,133.48498357944,141.644163834915
0.28,135.004419953559,133.949228960534,141.174787306814
0.29,135.079007347661,134.207542188372,140.516725917861
0.3,136.128792037964,135.304519596836,140.029235104021
0.31,135.170237149541,134.423339246268,139.531354641377
0.32,136.251960020626,135.56383964836,138.982666966245
0.33,136.7302734233,136.271064064485,138.523417963825
0.34,137.327261447519,136.854376154169,138.173322691885
0.35,137.88336391747,137.436074206776,137.94046922303
0.36,138.502228683169,138.294441154611,137.537140634038
0.37,139.206430086186,138.855513989199,137.36311055583
0.38,138.982438759923,139.074850895147,136.944591297591
0.39,139.935537072938,140.08115919785,136.844552447553
0.4,140.365691051764,140.509029171327,136.647217632569
0.41,141.006046342211,141.341895303725,136.586637790913
0.42,141.537750178148,141.834566458186,136.663494315063
0.43,142.576354430413,143.021121768071,136.825668780041
0.440000000000001,142.502313310904,142.898834430169,136.715867672462
0.450000000000001,143.135429735826,143.708050354505,136.914073139386
0.460000000000001,143.646888035966,144.320921357212,137.093691887784
0.470000000000001,144.157385413731,144.869845770898,137.365125609494
0.480000000000001,144.777400393418,145.490198766083,137.854353868092
0.490000000000001,145.215960488928,145.973079609869,138.034644546474
0.500000000000001,146.20615938,147.201045927339,138.878894328758
0.510000000000001,146.038115615343,146.647003669944,138.848540358824
0.520000000000001,146.772483177249,147.635508813968,139.559520081534
0.530000000000001,147.233816798021,148.070458927952,140.0887947294
0.540000000000001,147.682758250279,148.621315348451,140.575718602894
0.550000000000001,148.1472957831,149.075103166595,141.210789207998
0.560000000000001,148.666691721261,149.583554728278,141.644706475892
0.570000000000001,149.147285513192,150.090234833842,142.371198293972
0.580000000000001,149.691689837165,150.51500802318,143.050890112595
0.590000000000001,150.009389327846,150.749588560785,143.591242400661
0.600000000000001,150.460250045743,151.282057274924,144.073430269926
0.610000000000001,150.785911776514,151.715302153787,144.743705480823
0.620000000000001,151.195967810294,152.092133612228,145.210871445111
0.630000000000001,151.546478824207,152.309189959964,145.921012177006
0.640000000000001,152.11437804138,152.763567137633,146.664144611422
0.650000000000001,151.970546913156,152.996508883473,146.693125108319
0.660000000000001,152.330477707754,153.122138983144,147.376153469568
0.670000000000001,152.591510218837,153.310654648659,147.892201586363
0.680000000000001,152.654316857738,153.375798430519,148.364046350678
0.690000000000001,152.874273821308,153.566773739433,148.619849390297
0.700000000000001,152.507414730463,153.119071758747,149.044765411891
0.710000000000001,153.484235572996,154.125318353016,149.53987607591
0.720000000000001,152.609518880804,153.213607143638,149.51477510615
0.730000000000001,152.810029294651,153.28655862424,149.853568356925
0.740000000000001,152.446674200837,152.961319337296,149.948376986656
0.750000000000001,152.226982748907,152.620242001853,150.016904810423
0.760000000000001,152.00222658011,152.378529923244,150.087294023992
0.770000000000001,151.443566357967,151.700465065513,150.101993464944
0.780000000000001,151.573277461555,151.765799687572,150.324517992882
0.790000000000001,150.406572748328,150.441964236421,149.900142650433
0.800000000000001,150.157754615492,150.123041342917,149.923582606791
0.810000000000001,148.987095168683,148.979032641227,149.517663714595
0.820000000000002,148.50275940402,148.285192753677,149.300603376741
0.830000000000002,147.189710369016,146.848333393023,148.92862548443
0.840000000000002,147.153250290764,146.542554844374,148.961177777982
0.850000000000002,145.750116138851,145.119111903902,148.349784008561
0.860000000000002,144.591626015582,143.698126918009,147.877983440428
0.870000000000002,143.731712826995,142.715641160794,147.62968284578
0.880000000000002,142.323914429275,141.082982433638,146.986895169547
0.890000000000002,141.456534067648,140.06065556541,146.530798804267
0.900000000000002,139.292909140924,137.573139409022,145.7779708948
0.910000000000002,140.037595072012,138.253728709084,145.720275404012
0.920000000000002,137.801352480783,135.644628796782,144.839519229465
0.930000000000002,136.914829628313,134.730030538247,144.194683409376
0.940000000000002,135.764227744288,133.1863880317,143.749680862612
0.950000000000002,134.725714905569,132.076285806048,142.997243681423
0.960000000000002,133.587557681927,130.80080618157,142.324794212039
0.970000000000002,132.585685172058,129.564109308573,141.787972531035
0.980000000000002,132.239227647007,129.09735429922,141.294164217796
0.990000000000002,131.19429979336,127.867927368381,140.569568579157
1,130.558633599779,127.332214759005,139.891128644147
1.01,130.096272462454,126.327740321606,139.643318079921
1.02,129.546643865689,126.033610973738,138.808076834663
1.03,129.069185617772,125.284236661331,138.339129022163
1.04,128.951078227639,125.396474538955,137.834166625973
1.05,128.667720520027,125.128460913351,137.306805483371
1.06,128.656649989335,125.287078947461,136.758192052824
1.07,128.769940194099,125.365245397922,136.510260083497
1.08,129.118586627649,125.685789838078,136.345504660043
1.09,129.122635280321,125.978363673901,135.848668874069
1.1,130.126153950051,126.956494643972,135.891822650598
1.11,129.588589630994,126.758015275185,135.356887186831
1.12,130.699322217979,128.011058070257,135.329009512359
1.13,131.297531333714,128.854619287982,135.156690793614
1.14,132.05396969224,129.955351725001,135.050444473128
1.15,132.835724071703,131.027506888373,135.028903548564
1.16,133.592111159097,132.027066220665,135.047697348785
1.17,134.806333211964,133.603558146727,135.263151522002
1.18,135.054096942879,133.925190070982,135.260956803899
1.19,136.400858574445,135.731474401891,135.499617736936
1.2,137.097690731612,136.716605056735,135.54895748693
1.21,138.337475968333,138.323385479129,135.872731399722
1.22,138.943116781556,139.14080306161,135.977923412962
1.23,139.967907388988,140.551774639601,136.219200344574
1.24,140.823226641213,141.606874795456,136.545051801528
1.25,141.632711074064,142.670532434607,136.85151118864
1.26,142.31956639289,143.648124844716,137.081608672881
1.27,143.026130200196,144.657726923686,137.36655136029
1.28,143.993007824447,145.999965210952,137.811880930259
1.29,144.200770493116,146.208441356694,137.922406109637
1.3,145.135970346925,147.486682756858,138.503922423077
1.31,145.600144193314,148.135693418657,138.668335917663
1.32,146.119355931716,148.81447755064,139.039689810885
1.33,146.621826644172,149.393877202952,139.47589476084
1.34,147.172881398371,150.264778071579,139.768159800998
1.35,147.877599635645,151.104379331917,140.356403461786
1.36,147.865976464667,151.05175459531,140.52947124504
1.37,148.802314456986,152.214285409521,141.247254590151
1.38,148.946626338342,152.444875544466,141.443538916913
1.39,149.316941077629,152.84359318175,141.839330731163
1.4,149.714506999701,153.410435960532,142.328284020387
1.41,150.01083517902,153.621235137019,142.505283039498
1.42,150.215198570707,153.928095910865,142.862275778876
1.43,150.460578299677,154.137972049853,143.217625126004
1.44,150.758107086429,154.445379342144,143.605248046244
1.45,150.569655838228,154.227766187128,143.58312329584
1.46,150.557495022596,154.081114704082,143.754617577354
1.47,150.70128286849,154.321416612623,143.98756716851
1.48,150.583424813305,154.021023170128,144.029709717202
1.49,150.411457641855,153.71888055046,144.124239364026
1.5,150.085765808932,153.529477382721,143.89750802756
1.51,150.196081412995,153.138881257888,144.334102005816
1.52,149.59844209402,152.526376177847,143.819124693392
1.53,149.264944016061,151.9352845534,143.787902393002
1.54,148.966886973095,151.724959427548,143.504216022782
1.55,148.317937180653,150.824225924939,143.213399390512
1.56,147.784953776802,150.079372691031,142.959378009596
1.57,147.288610643156,149.421549830516,142.690064880521
1.58,146.641531160957,148.476934620048,142.461782822453
1.59,145.662286721856,147.260062687243,141.748704183122
1.6,145.043019287535,146.60105424116,141.496634278595
1.61,144.446615549953,145.599280641184,141.049752559471
1.62,143.262427200655,144.264010294761,140.491000236819
1.63,142.309516755365,143.069093448058,139.923406892514
1.64,141.421225596516,141.973552067742,139.671315893488
1.65,140.321605073987,140.50458503308,139.087290426009
1.66,138.93110534153,138.813408818294,138.458226919416
1.67,138.371648369056,138.138184334471,138.169326254081
1.68,137.124948819417,136.503219759054,137.575282285054
1.69,135.737434155119,134.901802540435,137.022443889353
1.7,134.468256287256,133.311927024704,136.301702543076
1.71,133.665087751933,132.383783200063,136.475026856627
1.72,132.237240623997,130.607051313525,135.682300421888
1.73,130.710841631032,128.852039775975,135.245013402202
1.74,130.439160286069,128.351332606735,135.103922741067
1.75,129.193801276453,126.913994703828,134.78716026164
1.76,128.029017379277,125.575085164578,134.380431613534
1.77,127.202251069241,124.608048766655,134.20732670005
1.78,126.461424616247,123.713279562082,134.153644166765
1.79,125.631405653606,122.751355579156,133.874626583438
1.8,124.76140116649,121.808072043991,133.666999762618
1.81,124.708779384336,121.784295737298,133.787198193127
1.82,124.027649079552,121.052257438858,133.642616525692
1.83,123.832321750883,120.942974098328,133.588534303422
1.84,123.539417114376,120.533345992413,133.736810231632
1.85,123.536113095909,120.554508875722,133.766293627929
1.86,123.603499489177,120.69921542896,133.815226656186
1.87,123.592125801735,120.958184699809,133.842638334649
1.88,123.968900849735,121.425989304746,134.066298156104
1.89,124.263652759906,121.753341518149,134.218847872147
1.9,124.755457148057,123.040138026872,134.181692771601
1.91,125.315410196413,122.679100070147,135.012894961753
1.92,125.96118224489,124.094638778604,134.902939802422
1.93,126.632850354296,124.768533927874,135.17345121059
1.94,127.368621060089,126.042500753356,135.306961721315
1.95,128.199614627261,126.988555733997,135.624415156757
1.96,129.134544371523,128.177969231022,135.715258787252
1.97,130.148379239822,129.516704285434,136.042206545317
1.98,130.735488323638,129.957557524956,136.359041585931
1.99,131.87444664775,131.545884474396,136.43868001989
2,132.470956976274,132.240082870402,136.404010489377
2.01,133.999243434374,134.152082025795,137.083366473583
2.02,134.521537898721,134.717931300953,136.991211418444
2.03,135.902990712572,136.448580580952,137.153424402147
2.04,136.102745992197,136.599731860592,137.230716074315
2.05,137.006490730748,137.758944248459,137.267546183206
2.06,137.626959749903,138.454113766087,137.203432760957
2.07,138.113239078235,139.121258620153,137.087729478813
2.08000000000001,138.84818554041,139.901997526856,137.141734051288
2.09000000000001,139.145975111423,140.244059256267,136.925541712046
2.10000000000001,140.003200247684,141.17869349392,136.723236173166
2.11000000000001,139.637064757081,141.036813534978,136.738088587204
2.12000000000001,140.18245376805,141.506018107526,136.40734474615
2.13000000000001,140.153100729259,141.366817576982,136.144421576856
2.14000000000001,140.234688003237,141.745385851621,135.825560467792
2.15000000000001,140.234933908084,141.57773001531,135.59662079651
2.16000000000001,140.197703599179,141.597140032767,135.166975851247
2.17000000000001,140.265438204634,141.622977107377,135.005931702628
2.18000000000001,139.915002456042,141.274993624474,134.554035460768
2.19000000000001,139.748341097723,141.034524669428,134.177130791804
2.20000000000001,139.135228561843,140.466220396254,133.421463278854
2.21000000000001,139.517572920378,140.828178888452,133.805110889875
2.22000000000001,138.863751763046,140.146905517035,133.010324709176
2.23000000000001,138.629834423637,139.875359313496,132.799764875235
2.24000000000001,138.282979715381,139.526051550581,132.286004444315
2.25000000000001,137.904215507872,139.088081647931,131.942355773884
2.26000000000001,137.461423078527,138.595506038352,131.441820304312
2.27000000000001,137.068909120413,138.278090391275,131.16488950976
2.28000000000001,136.622632334065,137.745113943665,130.721904096425
2.29000000000001,136.28009371695,137.420704603991,130.300507602565
2.30000000000001,135.370301885434,136.358660358282,129.839779419138
2.31000000000001,136.017924762482,137.133276871626,129.80997148535
2.32000000000001,134.967801827545,135.934164233841,129.232297143128
2.33000000000001,134.509275250799,135.655373587734,128.690168071182
2.34000000000001,134.020615557445,134.768812363711,128.691184360052
2.35000000000001,133.564444035622,134.464770118308,128.155375876815
2.36000000000001,132.931314511863,133.779334021355,127.782476031601
2.37000000000001,132.362624112952,133.178753574309,127.470088892706
2.38000000000001,132.181561703376,133.080619540182,127.12678645449
2.39000000000001,131.22572430182,131.959964905203,126.620922908565
2.40000000000001,130.493429228473,131.436020724323,125.90764577452
2.41000000000001,130.30868909048,130.704239951284,126.49727098904
2.42000000000001,129.593092853153,130.20009725323,125.715229290174
2.43000000000001,128.478447482488,128.832529216604,125.328594113394
2.44000000000001,128.314218643366,128.899581810843,125.00826090353
2.45000000000001,127.356916264775,127.746055982369,124.673732143199
2.46000000000001,126.509058681828,126.809029038649,124.248630264811
2.47000000000001,125.633115541912,125.952047550848,123.927322921579
2.48000000000001,124.714736153991,124.823019701508,123.681123469937
2.49000000000001,123.977856978757,124.065998092049,123.381346037337
2.50000000000001,122.07905685696,121.889666152069,122.944035035488
2.51000000000001,123.150087555168,123.191343223605,123.142723121222
2.52000000000001,121.05913070386,120.802183145119,122.671899263693
2.53000000000001,120.33827689466,120.01086244956,122.486606038724
2.54000000000001,119.024065479062,118.682174216605,122.200999684013
2.55000000000001,118.285781710525,117.806887472521,122.102652231764
2.56000000000001,116.94562764587,116.354083027486,121.771307358487
2.57000000000001,115.904593824028,115.266848680267,121.620190921906
2.58000000000001,115.828715216387,115.072303453267,121.733086478181
2.59000000000001,114.412478439829,113.562753336754,121.473198591831
2.60000000000001,113.675947913266,112.880957343414,121.187960941365
2.61000000000001,112.845911761727,111.960045738474,121.264933522674
2.62000000000001,112.278482312855,111.311207343811,120.972969246074
2.63000000000001,111.129001994042,110.174166558235,120.799148280898
2.64000000000001,111.147908507064,110.036937117491,120.730321302653
2.65000000000001,110.4860778881,109.478831338205,120.54433089646
2.66000000000001,110.197515588622,109.15553333351,120.36393901752
2.67000000000001,109.888378117562,108.916587920216,120.317851110624
2.68000000000001,109.835381898959,108.849613026235,120.380191799957
2.69000000000001,109.811425694583,108.860809855016,120.294519810848
2.70000000000001,109.717228122935,108.734182472669,120.271956369833
2.71000000000001,110.224857232777,109.336393957071,120.484711047341
2.72000000000001,110.41036254753,109.519453567846,120.292653222808
2.73000000000001,110.947128486482,110.173293250942,120.228195402255
2.74000000000001,111.31888203616,110.62455543771,120.195272737455
2.75000000000001,111.967428795778,111.351908267731,120.128849481782
2.76000000000001,112.547624062226,111.978694079917,119.944395087684
2.77000000000001,113.357948821546,112.837654975361,119.899187149652
2.78000000000001,113.430199025688,113.025243751346,119.697472208246
2.79000000000001,114.618411609346,114.2286952169,119.55087987926
2.80000000000001,115.238862720007,115.10684025629,119.346775358947
2.81000000000001,116.254813048388,116.140263947944,119.477088479036
2.82000000000001,116.799298835984,116.8215423201,119.074726159113
2.83000000000001,118.15228416801,118.181039745263,119.036918482185
2.84000000000001,118.029043294276,118.16665503872,118.619824007532
2.85000000000001,118.747860973728,118.936969570021,118.441589318463
2.86000000000001,119.582249354777,119.900939550515,118.112991553498
2.87000000000001,120.229134110361,120.624951493397,117.999418925457
2.88000000000001,120.831312178271,121.252698308216,117.737761075198
2.89000000000001,121.365921058147,121.900761030935,117.370703695424
2.90000000000001,122.256429457645,122.736052135841,117.216859905244
2.91000000000001,121.973034082295,122.643432798824,116.920415296773
2.92000000000001,122.522999343344,123.122831193856,116.656114852059
2.93000000000001,122.733184017404,123.522404189496,116.283160912217
2.94000000000001,122.994757690797,123.697676368817,116.151089295435
2.95000000000001,123.102621329318,123.885502776122,115.8061695676
2.96000000000001,123.275455818922,124.069694544959,115.490768220827
2.97000000000001,123.363315871477,124.094088771142,115.351295786958
2.98000000000001,123.256222926099,124.151733853478,114.944804661898
2.99000000000001,123.106980256226,123.898766672997,114.708495833609
3.00000000000001,122.83412051593,123.841485400538,114.293207699217
3.01000000000001,123.041574859006,123.736755211256,114.559265331987
3.02000000000001,122.687744810867,123.515715325711,114.088845562954
3.03000000000001,122.562099726164,123.281065942643,114.060408024463
3.04000000000001,122.392033365309,123.182543142441,113.75850819133
3.05000000000001,122.143229261717,122.945998094181,113.557941429892
3.06000000000001,121.8109024474,122.552356186495,113.348278134778
3.07000000000001,121.573436944638,122.37464309997,113.254565230969
3.08000000000001,121.302674165413,122.038316080364,113.17948914703
3.09000000000001,121.08766368824,121.811947078048,113.057056342519
3.10000000000001,120.596504029552,121.194158544241,112.954521617131
3.11000000000001,120.850004254385,121.585849716809,113.139138377366
3.12000000000001,120.247997989553,120.882235690272,112.921181947445
3.13000000000001,119.984979740972,120.654483404664,112.845428890923
3.14000000000001,119.635302781051,120.284582538232,112.845924272087
3.15000000000001,119.46588280961,120.091987280357,112.892604599601
3.16000000000001,119.161079926416,119.750682153951,112.835019890916
3.17000000000001,118.801995626294,119.330756644797,112.790672551876
3.18000000000001,118.639064680448,119.131437366298,112.874623390269
3.19000000000001,118.080732227843,118.585776902957,112.636574630176
3.20000000000001,117.698153066919,118.237713296171,112.500636060436
3.21000000000001,117.451143912489,117.792749484563,112.734449475243
3.22000000000001,117.120798652353,117.494650006488,112.578565976734
3.23000000000001,116.466010645061,116.797284819664,112.458689246575
3.24000000000001,116.262254383065,116.587008875818,112.547178050592
3.25000000000001,115.640218909479,115.92669726741,112.403960056917
3.26000000000001,114.9147886496,115.076939693703,112.254440184644
3.27000000000001,114.342896662944,114.50473504091,112.153086428523
3.28000000000001,113.549626598091,113.685149490239,111.953393356706
3.29000000000001,113.032081330055,113.133258659464,111.929598217502
3.30000000000001,111.397999083778,111.350027879381,111.387056933881
3.31000000000001,112.281921171614,112.348307420251,112.046068538973
3.32000000000001,110.364819612962,110.290922719319,111.381835614998
3.33000000000001,109.638595244415,109.413029785376,111.364429950239
3.34000000000001,108.428245396696,108.252328122482,111.097640986141
3.35000000000001,107.559100023413,107.29102930409,110.988546418222
3.36000000000001,106.408829108661,106.08596083454,110.713201877899
3.37000000000001,105.195745320963,104.82457726399,110.468421473281
3.38000000000001,104.857080098125,104.472162849517,110.418056149697
3.39000000000001,103.187426418227,102.646122731414,109.992499593553
3.40000000000001,102.3144428068,101.6217227295,109.759498293898
3.41000000000001,101.253305322907,100.780884217527,109.667490026227
3.42000000000001,100.243293513707,99.6441962787306,109.360550104914
3.43000000000001,99.1544125903962,98.4388228079999,109.133213323203
3.44000000000001,98.4075065365794,97.7710221010505,108.937389218294
3.45000000000001,97.51386667704,96.8029710143034,108.663110203039
3.46000000000001,96.7011267332504,95.8981214661311,108.428095148127
3.47000000000001,96.0684734392977,95.319653894099,108.212568572735
3.48000000000001,95.3976079309135,94.6522854358808,107.914329752362
3.49000000000001,94.9185650154002,94.1659386593349,107.684084555659
3.50000000000001,94.2401961014302,93.4832847169495,107.193284023632
3.51000000000001,94.1767768652121,93.4080518296129,107.37059418549
3.52000000000001,93.8123777117825,93.0517184437205,106.786134138031
3.53000000000001,93.6560114897453,92.9123208197766,106.573883981003
3.54000000000001,93.6004271455512,92.8988376382553,106.321375717971
3.55000000000001,93.6574844354385,92.980890171945,106.054648437625
3.56000000000001,93.745575643894,93.0966478458914,105.728794854509
3.57000000000001,94.0271568522053,93.419594772198,105.427316894363
3.58000000000001,93.8308017935704,93.3223287631565,105.158644220404
3.59000000000001,94.608425237924,94.0845498825724,104.731952765724
3.60000000000001,94.7796815435106,94.3367081676524,104.370769733824
3.61000000000001,95.6476894605315,95.237352240207,104.158033082246
3.62000000000001,95.8679878684585,95.5182900338689,103.729186352247
3.63000000000001,97.0776692032213,96.7124502723623,103.467858864936
3.64000000000001,96.8104313555204,96.5482597286846,103.113027702345
3.65000000000001,97.6001693688996,97.4229768576637,102.788268990372
3.66000000000001,98.3796640932952,98.2177935465342,102.373455342841
3.67000000000001,98.9731211676889,98.9044107932821,102.081017200328
3.68000000000001,99.7856008948247,99.7760481336093,101.684885847663
3.69000000000001,100.200294834623,100.23626335377,101.300322491659
3.70000000000001,101.854626798764,101.912232130985,100.785808842313
3.71000000000001,100.543317591422,100.644804776523,100.676836001606
3.72000000000001,101.991118756655,102.137272750202,100.116824339258
3.73000000000001,102.297471300072,102.48680829536,99.7210348894325
3.74000000000001,102.839941757654,103.101811968248,99.3198040442397
3.75000000000001,103.111616986306,103.408718182085,98.9173881589697
3.76000000000001,103.607595422672,103.914498504981,98.5135561144598
3.77000000000001,103.918218689958,104.266808972647,98.0710953763006
3.78000000000001,103.512849466969,103.863717815783,97.7501273421052
3.79000000000001,103.860670607114,104.236300298338,97.1541049342214
3.80000000000001,103.186719954445,103.563387132738,96.1787849470871
3.81000000000001,104.313113305332,104.782590633495,96.7402403028114
3.82000000000001,103.47687535136,103.899124216155,95.6826024700483
3.83000000000001,103.668640218851,104.157737656834,95.1829997650419
3.84000000000001,102.974379677639,103.387271517335,94.6327387078169
3.85000000000001,102.857370240028,103.31479836087,94.149120908282
3.86000000000001,102.232484865139,102.654783349942,93.379743593813
3.87000000000001,101.793617313456,102.271525387826,92.8086832049088
3.88000000000001,101.274724131717,101.782724581567,92.1459264060229
3.89000000000001,100.719185372128,101.166367755478,91.5082533156306
3.90000000000001,99.3495073438819,99.9058666937777,89.8627502583402
3.91000000000001,100.089065379371,100.452335464312,90.9901038622149
3.92000000000001,98.7789056835871,99.2477181051373,89.4200572889506
3.93000000000001,97.7687852575,98.1607319494411,88.5485782296783
3.94000000000001,97.0705848679183,97.5583978584311,87.8827346179925
3.95000000000001,96.014826122563,96.4720765332978,86.9140135158965
3.96000000000001,95.2684787994912,95.7258990163285,86.2127960366312
3.97000000000001,93.9619716334921,94.4292324562762,85.0229735146292
3.98000000000001,93.1181055066048,93.5604213360901,84.3104107275151
3.99000000000001,91.9738880943914,92.3750111518666,83.2112767093807
4.00000000000001,89.6874871058421,90.1081824179898,81.0457142094911
4.01000000000001,91.0299299769194,91.49986005955,82.6083176162207
4.02000000000001,88.721673121698,89.1398108447997,80.4089225613235
4.03,87.5862175641098,87.9378295878621,79.4599647465343
4.04,86.1362864781147,86.5487076900075,78.3382118504182
4.05,84.9913396936998,85.4256418039025,77.3630081151087
4.06,83.3975978075364,83.6890043228712,76.0763564816611
4.07,81.9951820200704,82.3669723411946,75.0103640800667
4.08,80.5295368936731,80.857056750303,73.9246861381134
4.09,79.1704212965793,79.4883657560007,72.9404099858696
4.1,75.8880902175105,76.1083979765684,70.3427691660792
4.11,77.4269853763419,77.7306047076907,71.9614733098646
4.12,74.0800758038315,74.2905306651029,69.4782733901251
4.13,72.0813604019351,72.2392235998267,68.1178090866402
4.14,70.3128689453243,70.492549395343,67.0920161723459
4.15,68.3267759948009,68.4213363580738,65.7134200441472
4.16,66.3379035893168,66.3859961272966,64.6557800633134
4.17,64.0178373887216,64.0220596117206,63.1876495413489
4.18,62.7503534009281,62.7928745464438,62.2155609332068
4.19,60.0506726859154,59.9111109454455,60.9098405146971
4.2,56.8010963732069,56.7012692518488,58.4951349621633
4.21,57.2256399130856,57.1261133033208,60.0415819017621
4.22,53.9912052593427,53.8123929733813,57.6002362409146
4.23,51.4384468552086,51.1801196885119,56.5761326084125
4.24,50.1698279205729,49.9214771234511,55.3966328948963
4.25,48.1425317018078,47.8804055272694,54.4672395263091
4.26,45.9575324935698,45.5415727803961,53.2615407713843
4.27,44.2942339270187,43.9579207106373,52.44207439686
4.27999999999999,42.3956157701927,42.0257767528815,51.4054395813278
4.28999999999999,40.9753418655973,40.5789580377697,50.5510614889869
4.29999999999999,38.3076572215273,37.8711795560165,49.2511081444067
4.30999999999999,38.7921559345988,38.3608259127715,48.8780568456657
4.31999999999999,36.5385210061646,36.0701397926281,47.71518482339
4.32999999999999,35.5140272685087,35.0417983897858,46.7998946971323
4.33999999999999,34.4116584429469,33.9595667954787,46.058479320706
4.34999999999999,33.3992037414202,32.9462330964494,45.154435283203
4.35999999999999,32.6208295101562,32.1605254197901,44.5120782398852
4.36999999999999,31.7792157611531,31.3298839522593,43.5900669418861
4.37999999999999,31.1270617450189,30.7683545583705,42.7317319986593
4.38999999999999,30.8950275112198,30.4370646133102,41.9970024445566
4.39999999999999,30.0353296686885,29.6743933369604,40.8087986582167
4.40999999999999,30.718843477502,30.3612205530281,40.8234998372575
4.41999999999999,29.8807002905922,29.5536769903027,39.5611822820679
4.42999999999999,30.3272526697885,29.9557265176621,39.0762308774067
4.43999999999999,29.4605657690362,29.205256508309,38.0055516012183
4.44999999999999,29.7553138876428,29.5470830505363,37.4351493477269
4.45999999999999,29.912412959361,29.6725385935349,36.5582298949023
4.46999999999999,30.0158237585014,29.8728283312245,35.9128815916446
4.47999999999999,30.363587384631,30.2409777342928,35.09672195159
4.48999999999999,30.2908376584988,30.2087890924575,34.4016427856322
4.49999999999999,31.2393408239199,31.149151525768,33.2902447344421
4.50999999999999,30.1449438970326,30.1461582653163,33.1500952833976
4.51999999999998,31.082720607485,31.0605037962554,32.1294928258844
4.52999999999998,30.9119515749758,30.9500688636623,31.3159818759691
4.53999999999998,31.3384655382677,31.3902536332024,30.6788035664431
4.54999999999998,31.2561929466061,31.3511765893295,29.9047186836833
4.55999999999998,31.4897399300198,31.5972451273973,29.2814231158412
4.56999999999998,31.5911020832018,31.73241696965,28.4668713547831
4.57999999999998,31.0069623100608,31.2023281365993,27.7941994678244
4.58999999999998,31.1911840127756,31.3236448929179,27.0335170509406
4.59999999999998,30.2235522871853,30.454609805254,25.7275869134942
4.60999999999998,31.5841004964303,31.7807726006715,26.4319219249864
4.61999999999998,30.3838527816026,30.6278507339398,25.0283148629914
4.62999999999998,30.5412196851386,30.7406153877489,24.4976250029792
4.63999999999998,29.6949615967835,29.9690494842587,23.6996176060998
4.64999999999998,29.4995845761493,29.7632772982516,23.1599121577173
4.65999999999998,28.8991417477914,29.1217088070295,22.4257603777487
4.66999999999998,28.4735952543536,28.7438892078007,21.9078746135646
4.67999999999998,27.9809668137965,28.2286986592673,21.3649301294203
4.68999999999998,27.4518820371283,27.717069206813,20.7740999804593
4.69999999999998,26.6054464501797,26.8318554645386,19.8627410987925
4.70999999999998,26.7045432040214,26.9746984324648,20.1590695950168
4.71999999999998,25.927177059305,26.1517935629906,19.3248467609716
4.72999999999998,25.2304650951839,25.4842617497874,18.7304698122789
4.73999999999998,24.869133018247,25.098447762768,18.4645896667731
4.74999999999998,24.1731984616699,24.4108013751586,17.9132460870486
4.75999999999998,23.8074824088007,24.0208368389903,17.562645624409
4.76999999999997,23.1399049389412,23.3275856865898,17.1156478046337
4.77999999999997,22.6322813968181,22.9001617313827,16.6673020407133
4.78999999999997,22.1450346898364,22.3125933764232,16.3383761791598
4.79999999999997,21.2549646910984,21.5052518043166,15.515190528887
4.80999999999997,21.8015534248226,21.971384024023,16.2288911925219
4.81999999999997,20.8662625007636,21.084732127725,15.3769143947109
4.82999999999997,20.6029946768557,20.7339454406161,15.2818827621255
4.83999999999997,19.773999875384,20.006268140694,14.7135708452157
4.84999999999997,19.4389937439262,19.6418952489072,14.5246122674253
4.85999999999997,18.9358709824124,19.0814431441096,14.1935732403126
4.86999999999997,18.5017463004707,18.6945902035059,13.945713791958
4.87999999999997,18.0190529992637,18.1709986536723,13.6935168010505
4.88999999999997,17.6057612176935,17.7762362265584,13.3962122007786
4.89999999999997,16.9009339779043,16.8567224806577,13.1685756276817
4.90999999999997,16.5145180734412,16.8208064839977,12.8887511290371
4.91999999999997,15.8792229918387,15.9564207018243,12.7494871978223
4.92999999999997,15.1479310194886,15.2957730921672,12.3475298001279
4.93999999999997,14.5623533239498,14.6214743372125,12.3176468366076
4.94999999999997,13.8720043939894,13.9439418337334,11.9540308839044
4.95999999999997,13.2224730699243,13.2507217030903,11.8072381439576
4.96999999999997,12.3277230648982,12.2986671130037,11.5563825130787
4.97999999999997,11.4324149602945,11.5266814534447,10.9668430244019
4.98999999999997,10.4875709575351,10.4148096979843,10.9656997790202
4.99999999999997,9.33506664111998,9.34534796400748,10.2601011395868
5.00999999999997,8.9401727605413,8.81705933654145,10.9182248362376
5.01999999999996,7.78384604704395,7.71504222970041,10.1689916231722
5.02999999999996,6.6432618097692,6.39547145185907,10.3008351442506
5.03999999999996,5.69315524198167,5.60306888703366,9.48408814075469
5.04999999999996,4.55652520514068,4.37763224064876,9.41596537624195
5.05999999999996,3.53988062232761,3.31424813467831,9.18719610208989
5.06999999999996,2.58918912497974,2.372946954582,8.98405382343018
5.07999999999996,1.51292557361577,1.20699665758788,8.8782180268702
5.08999999999996,0.694050316041334,0.443536547506414,8.51507132995678
5.09999999999996,-0.567968017917165,-1.05010626474948,8.73754636702175
5.10999999999996,-0.936040497362439,-1.08852291374477,7.8524280362927
5.11999999999996,-1.88081826668637,-2.25882474715342,8.09640772776487
5.12999999999996,-2.57120863572668,-2.88392014122796,7.67741964087829
5.13999999999996,-3.14253666333654,-3.53209412413694,7.72769604386357
5.14999999999996,-3.69412748653112,-4.07165989735908,7.48128701377224
5.15999999999996,-4.02277610586105,-4.4171648711346,7.44663901372541
5.16999999999996,-4.40201605796404,-4.85108616052352,7.36376850815098
5.17999999999996,-5.18784772224911,-5.46658512990428,6.74997233660629
5.18999999999996,-4.79327891926859,-5.21058175304589,6.94714083586707
5.19999999999996,-5.21791083249478,-5.60771017928974,6.42753803539202
5.20999999999996,-4.45225275187995,-4.76587979255669,6.91428123809651
5.21999999999996,-4.70728984018362,-5.00430371942493,6.31131582939951
5.22999999999996,-3.89892203411251,-4.34185939454119,6.41708946878565
5.23999999999996,-4.53854426595864,-4.76875471748814,5.72881431159545
5.24999999999996,-3.94080359696918,-4.20181789249647,5.63055841764105
5.25999999999995,-3.15238695784993,-3.40629759880709,5.38245878863885
5.26999999999995,-2.68941948303747,-2.89404951307482,5.14241661117597
5.27999999999995,-1.867793101712,-2.08061640040178,4.93601281220133
5.28999999999995,-1.3699110770316,-1.53073474148397,4.63518706356766
5.29999999999995,0.739338033539679,0.505298442693445,4.64013612432331
5.30999999999995,-1.22708679393684,-1.28247362574668,3.88922058934831
5.31999999999995,0.919682126615566,0.819562851550637,3.79432896987513
5.32999999999995,1.54217411184605,1.52241332342379,3.38198852865026
5.33999999999995,2.50361379134378,2.48519514938216,3.09750233460372
5.34999999999995,3.16508516218796,3.18598131323635,2.72548385419358
5.35999999999995,4.22319477292338,4.25610467336152,2.3920837249115
5.36999999999995,5.06809990427646,5.12821655994665,2.07163435174693
5.37999999999995,4.59780931139094,4.7229561813413,1.51464862703238
5.38999999999995,5.72814421206404,5.84600414302884,1.16764642901228
5.39999999999995,6.19958000117629,6.37685375131673,0.858624275429411
5.40999999999995,6.8632497328805,7.03597831378551,0.555429286147624
5.41999999999995,6.99589676434493,7.2192614177072,0.0692097499033234
5.42999999999995,8.09214831784011,8.2969993962071,-0.0743796596591769
5.43999999999995,7.48729467411366,7.76871160091984,-0.714059814205277
5.44999999999995,7.79650737652325,8.07830316615942,-1.02717014104363
5.45999999999995,7.76821644522561,8.04522482710823,-1.50144292772609
5.46999999999995,7.92841649847086,8.22772048842435,-1.72498856396704
5.47999999999995,7.821992618107,8.10935488253539,-2.10107189621564
5.48999999999995,7.63089884998656,7.942240161796,-2.57734534035447
5.49999999999995,7.79659568715983,8.08963522351857,-2.75088828901049
5.50999999999994,7.01848138492973,7.34919704949463,-3.45415137471564
5.51999999999994,7.01321341913836,7.30501211522768,-3.54814382697591
5.52999999999994,6.54138812510334,6.85979298386569,-3.98390936783305
5.53999999999994,6.34530832032158,6.64228849321407,-4.15327314912134
5.54999999999994,5.83548905911415,6.14001355094843,-4.53171017386641
5.55999999999994,5.46356813868076,5.77063006536062,-4.84278471477604
5.56999999999994,4.97480087234845,5.28134647083699,-5.10096974991069
5.57999999999994,4.64867192459547,4.94278558725323,-5.5713948147631
5.58999999999994,4.11494302611243,4.39922411665257,-5.69239924942423
5.59999999999994,3.71848698318426,4.01296218393038,-5.91803737958776
5.60999999999994,3.2221943858103,3.50626154886361,-6.0791792490025
5.61999999999994,2.89239608438641,3.16341045452097,-6.23037756256076
5.62999999999994,2.39898748793942,2.68889803504157,-6.20821525108587
5.63999999999994,1.79599809051475,2.03961463713384,-6.71180483248795
5.64999999999994,1.4315305143065,1.66637754899231,-6.7790791278724
5.65999999999994,0.856502732715682,1.10235931454765,-6.98499237473699
5.66999999999994,0.403763738998658,0.645478559452321,-7.13485218534789
5.67999999999994,-0.145273334117852,0.0928875584338445,-7.28609431378565
5.68999999999994,-0.523342816011207,-0.312207445885017,-7.4699008544846
5.69999999999994,-1.09566662452325,-0.810167912163073,-7.18663343990429
5.70999999999994,-1.60499484724303,-1.49367155371511,-8.18007907736373
5.71999999999994,-2.31478983276366,-2.13946360193016,-8.01776822899646
5.72999999999994,-2.77688896538353,-2.61999046932148,-8.21695540753653
5.73999999999994,-3.46230962645092,-3.31893648266593,-8.32497056150217
5.74999999999993,-4.08135429654804,-3.94742452039536,-8.56503810562383
5.75999999999993,-4.81839541200976,-4.71643120061335,-8.74917046249126
5.76999999999993,-5.64601182329062,-5.56435711300285,-8.83194176374871
5.77999999999993,-6.36030008951986,-6.26221439310485,-9.39487461816307
5.78999999999993,-7.38407064061505,-7.33900956531616,-9.36295869458686
5.79999999999993,-8.20417959231967,-8.15504887188323,-9.68333237092484
5.80999999999993,-9.11392467847809,-9.13638391147368,-9.68900289830583
5.81999999999993,-10.0147329411997,-10.0453061730236,-10.0540265477848
5.82999999999993,-11.3156848672307,-11.4108334877632,-10.1192008647115
5.83999999999993,-12.1369417963207,-12.1836458989338,-10.8056639839431
5.84999999999993,-13.3886696885749,-13.4871199597603,-11.0157494677969
5.85999999999993,-14.4462126388751,-14.5902060753051,-11.1046567321753
5.86999999999993,-15.6753277260397,-15.8296852624979,-11.4761810771806
5.87999999999993,-16.8723880121631,-17.0755827809295,-11.6226166245075
5.88999999999993,-18.0973802929204,-18.3160187789085,-12.0649859635063
5.89999999999993,-19.4714534962345,-19.8089642743934,-11.7333598552265
5.90999999999993,-20.1656447186291,-20.3668792558573,-13.1273880366106
5.91999999999993,-21.4397023833643,-21.7529181020868,-12.7401583941316
5.92999999999993,-22.4357365303694,-22.7681963543012,-13.1020968629997
5.93999999999993,-23.5768259390655,-23.9234651641505,-13.3320739890036
5.94999999999993,-24.5108717263086,-24.8622536963904,-13.6097928550188
5.95999999999993,-25.5019844935599,-25.8739790254769,-13.8568571627312
5.96999999999993,-26.1935996648654,-26.5975492549597,-13.8297857223085
5.97999999999993,-27.2106325323662,-27.5918877083348,-14.6723378540054
5.98999999999993,-27.5866371525835,-27.9944155560053,-14.5497813808077
5.99999999999992,-28.226891573081,-28.6172092640991,-14.9596284535375
6.00999999999992,-28.5437108267739,-28.9644530761646,-15.0616258861042
6.01999999999992,-28.9142166965307,-29.2954380550781,-15.403039973217
6.02999999999992,-28.9541840285857,-29.3521287136679,-15.398116631194
6.03999999999992,-29.6755514665471,-30.0918702506715,-16.1936279319881
6.04999999999992,-29.6805595899964,-30.0707032111337,-16.4455042830198
6.05999999999992,-29.5836094165015,-29.935003048971,-16.8455823428289
6.06999999999992,-29.5235145839524,-29.8667089514105,-17.1227524686575
6.07999999999992,-29.0559766721833,-29.3931936815051,-17.3256793639061
6.08999999999992,-29.187901251866,-29.5029192640584,-17.880918166497
6.09999999999992,-27.5417443137704,-27.7907011852718,-17.7325765208188
6.10999999999992,-29.7322543202595,-30.0528626431996,-19.102056461879
6.11999999999992,-27.9040997492608,-28.1589025166573,-19.0755226980818
6.12999999999992,-27.6955505652332,-27.9090737314814,-19.6550233423695
6.13999999999992,-26.9905103162171,-27.1766064335444,-20.0909572399163
6.14999999999992,-26.6124324248007,-26.8080452242036,-20.6479104577337
6.15999999999992,-26.0403304864165,-26.1895836376935,-21.1822021135186
6.16999999999992,-25.4770939155834,-25.580791151909,-21.8463771327901
6.17999999999992,-26.0473673516348,-26.175323006351,-22.5582788789711
6.18999999999992,-24.8395717386895,-24.9256082859871,-22.9719677433969
6.19999999999992,-24.8149338645375,-24.8679172870036,-23.7308834557147
6.20999999999992,-23.9903316115407,-24.0065901056862,-24.1349835535541
6.21999999999992,-24.0531409699994,-24.0494459150152,-24.8746631143114
6.22999999999992,-23.1040624942678,-23.0530124424653,-25.4034674052172
6.23999999999991,-23.9214172542977,-23.8802422427085,-26.3342200070526
6.24999999999991,-23.5520583857461,-23.4907880222189,-26.8967283885601
6.25999999999991,-23.5873133575658,-23.5374737781967,-27.6716981370784
6.26999999999991,-23.655954921543,-23.5776919371443,-28.3554136537146
6.27999999999991,-23.9883593781419,-23.8713453943783,-29.2907392098486
6.28999999999991,-23.8644283536492,-23.7437960625207,-29.7076049137991
6.29999999999991,-23.7343226115526,-23.5863923061307,-30.3061391725658
6.30999999999991,-24.9164691102876,-24.8075601230534,-31.425308225609
6.31999999999991,-24.7608121885633,-24.6043820732632,-31.8603730724134
6.32999999999991,-25.4078288790049,-25.2622642916377,-32.7047969412755
6.33999999999991,-25.8564143234618,-25.7005578804381,-33.4561866154229
6.34999999999991,-26.7416997920278,-26.5670115034932,-34.408440929358
6.35999999999991,-26.6480999937046,-26.4644358340016,-34.6344972235138
6.36999999999991,-27.4756431753853,-27.3306043330879,-35.5734727217131
6.37999999999991,-28.3789031531046,-28.2266025565481,-36.4490675683297
6.38999999999991,-29.2753697379756,-29.095230744537,-37.4687698295366
6.39999999999991,-29.5448351465178,-29.3568859461203,-37.7005966631998
6.40999999999991,-30.2992957711869,-30.1241636107464,-38.5269091018175
6.41999999999991,-31.0584790771297,-30.874185566261,-39.2244695525251
6.42999999999991,-31.6704757977583,-31.4806838965022,-39.8051424473427
6.43999999999991,-32.8111146157064,-32.6367989523582,-40.9004159828269
6.44999999999991,-33.5314800396183,-33.362824119694,-41.6379107570769
6.45999999999991,-34.4998899667784,-34.3368026503546,-42.5075370161305
6.46999999999991,-35.0134903581448,-34.8272700566213,-42.925906020504
6.47999999999991,-35.993547414294,-35.860003567663,-43.8009811009961
6.4899999999999,-36.7547646102488,-36.5882782597375,-44.4820606364101
6.4999999999999,-37.9538287926322,-37.7827756286157,-45.4189991909178
6.5099999999999,-38.8985016402681,-38.6944161286722,-46.2603053232832
6.5199999999999,-39.7018477219751,-39.5084328896527,-46.8633750598043
6.5299999999999,-40.7441111980006,-40.5617535545594,-47.7021470401148
6.5399999999999,-41.8996088277574,-41.7257322624948,-48.6029276781616
6.5499999999999,-43.1383392072066,-42.9777637967883,-49.639785234392
6.5599999999999,-43.9232688634346,-43.7550326400933,-50.2045260221427
6.5699999999999,-45.3929356380685,-45.2510750172238,-51.2870026836386
6.5799999999999,-46.7432796818731,-46.5545543126463,-52.3959397684147
6.5899999999999,-47.8964634988885,-47.8045546049818,-53.0894819502103
6.5999999999999,-49.2481431295009,-49.1313329781049,-54.0477474769063
6.6099999999999,-51.1954408927116,-51.0860398539113,-55.4586571336635
6.6199999999999,-52.1993538064668,-52.0595684325241,-56.1137779850641
6.6299999999999,-54.142118963254,-54.0718521238681,-57.1993208900302
6.6399999999999,-55.6804214648455,-55.5953235172458,-58.5991577149249
6.6499999999999,-57.1932404235332,-57.1051948001134,-59.3745353510946
6.6599999999999,-59.5132272298262,-59.4548247343032,-60.8739084879098
6.6699999999999,-61.0109890650326,-60.9810001316349,-61.6508451887402
6.6799999999999,-63.4635291009182,-63.4860415218067,-63.2717348602622
6.6899999999999,-65.1815885566869,-65.1643066444911,-64.2211692133325
6.6999999999999,-68.1259997993983,-68.2574058719881,-65.640016357285
6.7099999999999,-68.9208588228047,-68.9906206744612,-66.990975383599
6.7199999999999,-71.5894611578756,-71.6907193009071,-68.0708072463815
6.72999999999989,-73.9463146821969,-74.0267463471308,-69.5663150800192
6.73999999999989,-75.9682466595333,-76.0858727207245,-70.6371116620004
6.74999999999989,-78.3534726892775,-78.4898271239375,-72.206097749042
6.75999999999989,-80.4738420047001,-80.5900758994648,-73.2994416743212
6.76999999999989,-82.9227495731478,-83.0765649487398,-74.9424908510074
6.77999999999989,-84.3862033931698,-84.5281578667624,-76.1635682843629
6.78999999999989,-86.2818821194357,-86.490806815235,-77.1860548555357
6.79999999999989,-88.8839869224592,-89.024828391491,-79.2467064399815
6.80999999999989,-89.3509108444693,-89.5827152256204,-79.1759090080589
6.81999999999989,-91.4977775109164,-91.7513561328113,-80.9335078123008
6.82999999999989,-92.8861380218786,-93.1506470772319,-81.7394138150607
6.83999999999989,-94.679018873976,-94.8198529702443,-83.4499628324193
6.84999999999989,-95.5849565663897,-95.726152594226,-84.1981512335922
6.85999999999989,-96.5302330676416,-96.779167817544,-85.3105567906833
6.86999999999989,-97.4983305493155,-97.5752792043578,-86.3184420355636
6.87999999999989,-98.1347816565987,-98.2606837207118,-87.2605702352072
6.88999999999989,-98.6825731549719,-98.8507068112916,-88.0408939093949
6.89999999999989,-99.0796715108307,-99.3143054627595,-89.1867229319868
6.90999999999989,-99.953771826465,-99.9969939072905,-89.6998527574447
6.91999999999989,-99.6204537402775,-99.715353423145,-90.5248802779738
6.92999999999989,-99.719254009399,-99.9006197248116,-91.274603926537
6.93999999999989,-99.5389489369987,-99.6149255776165,-91.9157206281311
6.94999999999989,-99.4825212066326,-99.4913138048377,-92.6576909178061
6.95999999999989,-99.0869479006047,-99.1272156405583,-93.2008941499345
6.96999999999989,-98.6936636712106,-98.7565751296478,-93.9304877238517
6.97999999999988,-99.3179984392286,-99.2142888086896,-94.7368825220934
6.98999999999988,-98.1477750111743,-98.1073721436283,-95.1919255667716
6.99999999999988,-98.4086070797681,-98.3132468970789,-96.2764045100301
7.00999999999988,-96.4141614359909,-96.3662901814583,-95.4734255216622
7.01999999999988,-96.7880067044553,-96.6383307133207,-96.623218138468
7.02999999999988,-95.6784802887839,-95.5748387117744,-96.9413058532804
7.03999999999988,-96.0574717252566,-96.011974392089,-97.5436874496955
7.04999999999988,-95.5684426334574,-95.4236256507351,-97.8639814589717
7.05999999999988,-95.0612818245139,-94.8979988642001,-98.3676300852539
7.06999999999988,-94.7372210224656,-94.5415821468381,-98.7195637330392
7.07999999999988,-94.2792386092278,-94.1554309707975,-99.017509075698
7.08999999999988,-94.121186403116,-93.8881554609011,-99.4359848726741
7.09999999999988,-93.6466134588958,-93.4960506273712,-100.055882990889
7.10999999999988,-94.0296562562431,-93.8178412781692,-100.060420272906
7.11999999999988,-93.7028770100417,-93.5107941453555,-100.473534555116
7.12999999999988,-93.7440793248572,-93.5422017819525,-100.88104702131
7.13999999999988,-93.6990915935004,-93.530164081183,-101.137394201715
7.14999999999988,-93.9009151011899,-93.7013266114933,-101.505779286752
7.15999999999988,-93.953228490527,-93.7179917856284,-101.780084416352
7.16999999999988,-94.2593910740402,-94.0458931480964,-102.212906892339
7.17999999999988,-94.6734706964031,-94.4698394084159,-102.593472655053
7.18999999999988,-94.8080445531946,-94.6244602703189,-102.746323234858
7.19999999999988,-95.3453210491267,-95.1531382296128,-103.256400896871
7.20999999999988,-95.4781430368684,-95.2925978579194,-103.270180962937
7.21999999999987,-95.8925769341407,-95.7051445443152,-103.657762608043
7.22999999999987,-96.4776633794279,-96.2574427109936,-103.948754341036
7.23999999999987,-96.8419716923558,-96.6892437780293,-104.413949358877
7.24999999999987,-97.2952467253802,-97.1053559449859,-104.641609639482
7.25999999999987,-97.6979163661835,-97.5566520448485,-104.90523357725
7.26999999999987,-98.2246458733278,-98.0699329511709,-105.246067433733
7.27999999999987,-98.8358552565001,-98.6903650029332,-105.581368341605
7.28999999999987,-99.1168384373394,-98.9771457365436,-105.740555292348
7.29999999999987,-100.076768467565,-99.9047692285412,-106.117187287279
7.30999999999987,-100.184048004474,-100.067769294841,-106.422994478166
7.31999999999987,-100.88844976263,-100.740275336374,-106.563299948724
7.32999999999987,-101.318185853398,-101.204301232748,-106.86173051354
7.33999999999987,-102.007098153044,-101.889150532207,-107.145905995092
7.34999999999987,-102.478231457535,-102.384063034959,-107.393397419047
7.35999999999987,-102.953545695043,-102.830766388172,-107.588385497025
7.36999999999987,-103.694116524321,-103.603774488979,-107.875963201902
7.37999999999987,-104.209375328533,-104.133663523014,-108.220192442908
7.38999999999987,-104.84404242521,-104.757090717721,-108.306682537678
7.39999999999987,-105.461242441994,-105.384376719768,-108.745810622334
7.40999999999987,-106.067219160082,-106.020927159677,-108.750426623393
7.41999999999987,-106.573004356496,-106.523827352,-109.125294691935
7.42999999999987,-107.399008364255,-107.360811822031,-109.306737376496
7.43999999999987,-108.086094269315,-108.044889590657,-109.732205098222
7.44999999999987,-108.807483418148,-108.772473181428,-109.866465283386
7.45999999999987,-109.673025629574,-109.663623213334,-110.106079002241
7.46999999999986,-110.422861688746,-110.431956353795,-110.338608565479
7.47999999999986,-111.390144426858,-111.428504900295,-110.528578909579
7.48999999999986,-112.010875172796,-112.01759139262,-110.745969335978
7.49999999999986,-113.644563836589,-113.764544624372,-110.916215252315
7.50999999999986,-113.501350464589,-113.461353387194,-111.37027986156
7.51999999999986,-114.98284073334,-115.030956464462,-111.324537066203
7.52999999999986,-115.925703585839,-115.978309638525,-111.626495307964
7.53999999999986,-117.029903710013,-117.106895173446,-111.77367872821
7.54999999999986,-117.922469833425,-118.022515095022,-111.92128206347
7.55999999999986,-118.904327291951,-118.995473007787,-112.05720974296
7.56999999999986,-120.046604179096,-120.169427965643,-112.186160904347
7.57999999999986,-120.601771134065,-120.659342270823,-112.510418569843
7.58999999999986,-121.60400352158,-121.710240861855,-112.365225197113
7.59999999999986,-122.395717504492,-122.516173043141,-112.676250770298
7.60999999999986,-123.042699270065,-123.174908544459,-112.518886771822
7.61999999999986,-123.708407812117,-123.838836540729,-112.655755980428
7.62999999999986,-124.298957676571,-124.451569908351,-112.617943893466
7.63999999999986,-124.930539528228,-125.038440173747,-112.857129789389
7.64999999999986,-125.204673685291,-125.304582910718,-112.745505017608
7.65999999999986,-125.34918157489,-125.457552215613,-112.70904499419
7.66999999999986,-125.510533798439,-125.6233606854,-112.728410320222
7.67999999999986,-125.547784339102,-125.671184026043,-112.699047307784
7.68999999999986,-125.451079560984,-125.554949557726,-112.733541658932
7.69999999999986,-125.311996483046,-125.450591826292,-112.630241509098
7.70999999999985,-125.311068175104,-125.342901107444,-112.921852737407
7.71999999999985,-124.680560217949,-124.753197890853,-112.655305090458
7.72999999999985,-124.248647768143,-124.322203148552,-112.772166046475
7.73999999999985,-123.652812346936,-123.70760130046,-112.709362816498
7.74999999999985,-123.048250886648,-123.109092627743,-112.702868169455
7.75999999999985,-122.211067216759,-122.268849975098,-112.70797217529
7.76999999999985,-121.522745881535,-121.571559966165,-112.826128970782
7.77999999999985,-121.196010225804,-121.214972651162,-113.050449067414
7.78999999999985,-119.866386120514,-119.871931701992,-112.973277967337
7.79999999999985,-119.204539739059,-119.208954118871,-113.218019857041
7.80999999999985,-117.880028911037,-117.836635229562,-113.047911498969
7.81999999999985,-117.184454230956,-117.147225577246,-113.295596522749
7.82999999999985,-115.662221309159,-115.623808390596,-113.321661952619
7.83999999999985,-115.674220584255,-115.613940695446,-113.691651082686
7.84999999999985,-114.501837096292,-114.44228932132,-113.653873806395
7.85999999999985,-113.475037547344,-113.406426996559,-113.859734303128
7.86999999999985,-112.633400742844,-112.583350651756,-114.017144753413
7.87999999999985,-111.795178717293,-111.72725715135,-114.229151157957
7.88999999999985,-110.882479911227,-110.820482227019,-114.407883626754
7.89999999999985,-109.789340380322,-109.695371313561,-114.696225480625
7.90999999999985,-110.136924567948,-110.05889995087,-114.990810867487
7.91999999999985,-108.969367250082,-108.858382141751,-114.997395888221
7.92999999999985,-108.515132706004,-108.39944561165,-115.26166171386
7.93999999999985,-107.96534520761,-107.845260640198,-115.419696494222
7.94999999999985,-107.742508299035,-107.629129616287,-115.68164096502
7.95999999999985,-106.979086193664,-106.868496161315,-115.665265201747
7.96999999999985,-106.900020399918,-106.765186964968,-116.126462374077
7.97999999999984,-107.076779284958,-106.995149590321,-116.350349885907
7.98999999999984,-106.700857082019,-106.561219874261,-116.506173131863
7.99999999999984,-106.852443138038,-106.755631269461,-116.904090545988
8.00999999999984,-106.665821016848,-106.551933532732,-117.005027385685
8.01999999999984,-106.89353195618,-106.813992637377,-117.38852848726
8.02999999999984,-106.941931337738,-106.788593316636,-117.687011141281
8.03999999999984,-107.350116672465,-107.275479910711,-118.214060624616
8.04999999999984,-107.478576933316,-107.388390171441,-118.406841281814
8.05999999999984,-107.881999611408,-107.756170539196,-118.84255914108
8.06999999999984,-108.178743223707,-108.092733217157,-119.171014385649
8.07999999999984,-108.629990849745,-108.516299686083,-119.56367798061
8.08999999999984,-108.819254435304,-108.751351268481,-119.747225818422
8.09999999999984,-109.592297715782,-109.444370308402,-120.248250736992
8.10999999999984,-109.616055875105,-109.577303917817,-120.469620486068
8.11999999999984,-110.122984407212,-110.017165274133,-120.621488933997
8.12999999999984,-110.562213777614,-110.490972047355,-120.883725726122
8.13999999999984,-111.019324994542,-110.945808352668,-121.051949798617
8.14999999999984,-111.472229932429,-111.396920368044,-121.255127655905
8.15999999999984,-111.847256222191,-111.795640456302,-121.328984694835
8.16999999999984,-112.498495104867,-112.433424196938,-121.610349121936
8.17999999999984,-112.818107486428,-112.741927834286,-121.833384784525
8.18999999999984,-113.345679639847,-113.271110690015,-121.850833135717
8.19999999999984,-113.946162337985,-113.88664195182,-122.188199260703
8.20999999999984,-114.398245243157,-114.34142294242,-122.07857325589
8.21999999999984,-114.806017417501,-114.776695656526,-122.249267867813
8.22999999999983,-115.579779971857,-115.587069455124,-122.293240967197
8.23999999999983,-115.903885462697,-115.852099806284,-122.509386737051
8.24999999999983,-116.554440706517,-116.483257708599,-122.535979795296
8.25999999999983,-117.38086669874,-117.345369304688,-122.751001099075
8.26999999999983,-118.116783914084,-118.096847432558,-122.95710568963
8.27999999999983,-118.880900613921,-118.87084787217,-123.02329755745
8.28999999999983,-119.648985860604,-119.633679568392,-123.239344933889
8.29999999999983,-121.337289827721,-121.430367890001,-123.674177870458
8.30999999999983,-120.898611222458,-120.81029939116,-123.443772161785
8.31999999999983,-122.511243356249,-122.497577890151,-123.720516485287
8.32999999999983,-123.645035438857,-123.683186194534,-123.994507096969
8.33999999999983,-124.824298768938,-124.812436428123,-124.210079881897
8.34999999999983,-125.924791754678,-125.96093695183,-124.433972041676
8.35999999999983,-127.122632835502,-127.152248503237,-124.710612219353
8.36999999999983,-128.529667441668,-128.588020472708,-125.050585631536
8.37999999999983,-129.466305116377,-129.456522720522,-125.275272100589
8.38999999999983,-130.835935508283,-130.873722044505,-125.461584081887
8.39999999999983,-132.287255989005,-132.362428643701,-126.025752611347
8.40999999999983,-133.137657515275,-133.150303391211,-125.844939843838
8.41999999999983,-134.50870866753,-134.566233525146,-126.338901726907
8.42999999999983,-135.900866276539,-135.96535108652,-126.7592052962
8.43999999999983,-136.896036583906,-136.930653278039,-127.119998871977
8.44999999999983,-137.877344378834,-137.901755155973,-127.289394044621
8.45999999999983,-138.842653377014,-138.916256498445,-127.641463163552
8.46999999999982,-139.719823045814,-139.778452595557,-127.980436148245
8.47999999999982,-140.599858546803,-140.641917198703,-128.356021933767
8.48999999999982,-141.214374796306,-141.270903126995,-128.615533555259
8.49999999999982,-142.339509144013,-142.436339657293,-129.354716239432
8.50999999999982,-142.317406954235,-142.302222715701,-129.277290386598
8.51999999999982,-142.802241566753,-142.844068621046,-129.701993799774
8.52999999999982,-143.083181352572,-143.148908939678,-130.087023799596
8.53999999999982,-143.343965399073,-143.362745939552,-130.488038923576
8.54999999999982,-143.532414268139,-143.572642733836,-130.898311758481
8.55999999999982,-143.146382512194,-143.197517467919,-130.894153113575
8.56999999999982,-143.379897604185,-143.430931930605,-131.472106532959
8.57999999999982,-143.345867319822,-143.341083909549,-131.924156674806
8.58999999999982,-142.823074438964,-142.847251483958,-132.104321931547
8.59999999999982,-142.732030936893,-142.787488106877,-132.690073059272
8.60999999999982,-142.016002072526,-142.036775608962,-132.83591675905
8.61999999999982,-141.785561234762,-141.81812844663,-133.38108397995
8.62999999999982,-140.927606736147,-140.9875100265,-133.606040660686
8.63999999999982,-141.017538124372,-141.006975498956,-134.233263208852
8.64999999999982,-140.094626859055,-140.074328945919,-134.374583955335
8.65999999999982,-139.542868002612,-139.548261843278,-134.795172705962
8.66999999999982,-138.912595500621,-138.925296637341,-135.077272341533
8.67999999999982,-138.264009764039,-138.267737968126,-135.422280844327
8.68999999999982,-137.551290326352,-137.571556337846,-135.676113841449
8.69999999999982,-136.468902794246,-136.521336652917,-136.043275502515
8.70999999999982,-136.958682031071,-136.902475563949,-136.301920541157
8.71999999999981,-135.63147629958,-135.602871285012,-136.377697480247
8.72999999999981,-135.315951367895,-135.291879148208,-136.732870349546
8.73999999999981,-134.56023840038,-134.551966625981,-136.826794630418
8.74999999999981,-134.179304433293,-134.164983093313,-137.006767966971
8.75999999999981,-133.366750642358,-133.361618527139,-137.033599469338
8.76999999999981,-132.882770153897,-132.86704816374,-137.170844724785
8.77999999999981,-132.826310716277,-132.787222879571,-137.291010636167
8.78999999999981,-132.016382278147,-131.951234016267,-137.1316161287
8.79999999999981,-132.031855330331,-132.017019679309,-137.393217187445
8.80999999999981,-130.839772348132,-130.800571085224,-136.704407040444
8.81999999999981,-130.805636080064,-130.794352777422,-136.821141673221
8.82999999999981,-130.15836717585,-130.156697533276,-136.634247281109
8.83999999999981,-130.030950987228,-130.00524835145,-136.580264739497
8.84999999999981,-129.422166013848,-129.356835453079,-136.213162868365
8.85999999999981,-129.099968042267,-129.074882747995,-136.003718015024
8.86999999999981,-128.828340384176,-128.811487763139,-135.833723982592
8.87999999999981,-128.441865173856,-128.399054125225,-135.525588107307
8.88999999999981,-128.146622700675,-128.156074572433,-135.256838917089
8.89999999999981,-128.087169415566,-128.030102910145,-135.227919200573
8.90999999999981,-127.416554114104,-127.431637353625,-134.562886740724
8.91999999999981,-127.271687875568,-127.21334414166,-134.408149590215
8.92999999999981,-126.957486281151,-127.042060458337,-134.097479056736
8.93999999999981,-127.011460587292,-126.866474179446,-134.106644522711
8.94999999999981,-126.738287932587,-126.724732144115,-133.775679345949
8.9599999999998,-126.647143451297,-126.585433186915,-133.629752148145
8.9699999999998,-126.717127000788,-126.65769446305,-133.566024740783
8.9799999999998,-126.342644599986,-126.36977198647,-133.238842968886
8.9899999999998,-126.444200616604,-126.421775256402,-133.148268363503
8.9999999999998,-126.355630897351,-126.456769947935,-132.962169917225
9.0099999999998,-126.671600580072,-126.529132426139,-133.032175809713
9.0199999999998,-126.594572998692,-126.5976150813,-132.905498079513
9.0299999999998,-127.139502152198,-127.030126863897,-133.151130911027
9.0399999999998,-127.115500381933,-127.140771628195,-133.005789740689
9.0499999999998,-127.413760754915,-127.396904309559,-133.070570886087
9.0599999999998,-127.837192388089,-127.846210616794,-133.165963922258
9.0699999999998,-128.250981093483,-128.285319667873,-133.290095241373
9.0799999999998,-128.908664203972,-128.89720960626,-133.534661966608
9.0899999999998,-129.351644202896,-129.373616867767,-133.720548828689
9.0999999999998,-130.682617656938,-130.646451160696,-134.409152350401
9.1099999999998,-130.515199033951,-130.55967219909,-134.120848805563
9.1199999999998,-131.80706243964,-131.779768558465,-134.716867910592
9.1299999999998,-132.679128357663,-132.730683703311,-135.002928057767
9.1399999999998,-133.757077884095,-133.811328600034,-135.397236583781
9.1499999999998,-134.72479191052,-134.775809125728,-135.782252797498
9.1599999999998,-135.842455123586,-135.874952954279,-136.237866519351
9.1699999999998,-137.291524711239,-137.33832166031,-136.8192474034
9.1799999999998,-138.13279808706,-138.150523801817,-137.05722247791
9.1899999999998,-139.555542316272,-139.567421054673,-137.505105814392
9.1999999999998,-140.714484981855,-140.767106483419,-137.834632587533
9.20999999999979,-142.170921030377,-142.239996322338,-138.375896199203
9.21999999999979,-143.328398625953,-143.382764790951,-138.696085320897
9.22999999999979,-144.694744317717,-144.713941982555,-139.103574463062
9.23999999999979,-145.906660244999,-145.966124257996,-139.555664749044
9.24999999999979,-146.963719354637,-147.04271753335,-139.736054905371
9.25999999999979,-148.056096513519,-148.080070191534,-140.03899188223
9.26999999999979,-149.06128783199,-149.133611699887,-140.330087666701
9.27999999999979,-150.124654982609,-150.237546309621,-140.728011418848
9.28999999999979,-150.879590176851,-150.920417791678,-140.915210406809
9.29999999999979,-151.758399270039,-151.889686213095,-141.236826898769
9.30999999999979,-152.514398048629,-152.500805394968,-141.60087897385
9.31999999999979,-152.679093321968,-152.764370970868,-141.535292733289
9.32999999999979,-153.192069817574,-153.212297665459,-141.847559139213
9.33999999999979,-153.450978900067,-153.551529405181,-141.956455649806
9.34999999999979,-153.703699515249,-153.793366643105,-142.187778747896
9.35999999999979,-153.638503016457,-153.694588385165,-142.213036430825
9.36999999999979,-153.693980620265,-153.819762346672,-142.390961283493
9.37999999999979,-153.922546419436,-153.868206465283,-142.748733820694
9.38999999999979,-153.040674234704,-153.098849494949,-142.549408946583
9.39999999999979,-152.883894594386,-152.895771534884,-142.874682721617
9.40999999999979,-152.019685585334,-152.131499926881,-142.757774832728
9.41999999999979,-151.564689568721,-151.591988146919,-142.965077179741
9.42999999999979,-150.266587972751,-150.421842023558,-142.849395362604
9.43999999999979,-150.305610117688,-150.256251895284,-143.089433007404
9.44999999999978,-149.008595317974,-149.016209936643,-142.83414559198
9.45999999999978,-147.704781130021,-147.68295611326,-142.731644313724
9.46999999999978,-146.623851519124,-146.667336867743,-142.562503088978
9.47999999999978,-145.241500408836,-145.295752880379,-142.276087857596
9.48999999999978,-144.011782368559,-144.034899749499,-142.108391315568
9.49999999999978,-141.704790950906,-141.935417543987,-141.647190973751
9.50999999999978,-142.710844036795,-142.500100263993,-141.903734188437
9.51999999999978,-140.225512615577,-140.227178623161,-141.219174490232
9.52999999999978,-139.034446426409,-139.01107503642,-141.031458043833
9.53999999999978,-137.730558098961,-137.689601481703,-140.724635055675
9.54999999999978,-136.51846177868,-136.505014956924,-140.329135956845
9.55999999999978,-134.998779820174,-135.122340884292,-139.923070573947
9.56999999999978,-133.864712234653,-133.911161392777,-139.579993579891
9.57999999999978,-133.55398358126,-133.471655990031,-139.351649334713
9.58999999999978,-132.096896839048,-132.068049495859,-138.82964260723
9.59999999999978,-131.349750453903,-131.388483913221,-138.600033349463
9.60999999999978,-130.508213596897,-130.340991504403,-138.292230917228
9.61999999999978,-129.694449644227,-129.727857548203,-137.887419102797
9.62999999999978,-128.811454786319,-128.731445311852,-137.630055759654
9.63999999999978,-128.463374887041,-128.527779589325,-137.281327524719
9.64999999999978,-127.884525372248,-127.819070492153,-136.984833341094
9.65999999999978,-127.464465104269,-127.523856663573,-136.698484596171
9.66999999999978,-127.252103807321,-127.219911568063,-136.58212093916
9.67999999999978,-127.18140812611,-127.017642398943,-136.547579692968
9.68999999999978,-126.863681504423,-126.894630055062,-136.258226724567
9.69999999999977,-127.154782006991,-126.790480783653,-136.624789493126
9.70999999999977,-126.647406930094,-126.909600046695,-135.960268664229
9.71999999999977,-126.992800366922,-126.882554238389,-136.269499956045
9.72999999999977,-127.078674464061,-127.150083489555,-136.237171960343
9.73999999999977,-127.474502724338,-127.404965736291,-136.476347614871
9.74999999999977,-127.768337057303,-127.762970035259,-136.592378437941
9.75999999999977,-128.309551748039,-128.265641258704,-136.930260474941
9.76999999999977,-128.944273403386,-128.851318978,-137.363889045275
9.77999999999977,-129.082095740511,-129.142830247489,-137.299402926047
9.78999999999977,-129.964720631753,-129.918229700323,-137.886485020963
9.79999999999977,-130.451628987266,-130.510380838433,-138.146097165196
9.80999999999977,-131.373282729659,-131.393561821276,-138.688633741477
9.81999999999977,-131.940432278389,-131.945593700554,-139.051773883109
9.82999999999977,-133.175426121759,-133.197059497235,-139.886535843269
9.83999999999977,-133.730124668557,-133.710107681381,-140.21119436802
9.84999999999977,-134.654348407392,-134.605552180976,-140.810710866539
9.85999999999977,-135.632998196751,-135.660760307188,-141.446011334745
9.86999999999977,-136.533522647345,-136.569313079456,-142.020140249881
9.87999999999977,-137.543724100543,-137.628843469165,-142.661319822003
9.88999999999977,-138.382651563661,-138.398519150493,-143.139128316687
9.89999999999977,-139.839159611786,-139.834475665428,-144.111913382481
9.90999999999977,-140.486150030007,-140.545409927856,-144.326519419794
9.91999999999977,-141.749405728638,-141.776876610725,-145.046826494787
9.92999999999977,-142.764638612469,-142.813416470365,-145.529532090762
9.93999999999976,-144.042721241135,-144.150422711792,-146.167771574004
9.94999999999976,-145.194926307017,-145.273534965862,-146.809979658966
9.95999999999976,-146.193799104851,-146.219890094843,-147.095801621909
9.96999999999976,-147.604718209481,-147.625790327652,-147.782366595887
9.97999999999976,-148.56212130078,-148.672917311294,-148.063059179795
9.98999999999976,-149.838999876861,-149.866835737252,-148.476104461129
9.99999999999976,-150.950313780553,-151.035845063019,-148.765374807155
10.0099999999998,-152.25920210036,-152.382774816508,-149.110203582775
10.0199999999998,-153.360393022422,-153.425259504773,-149.414771027936
10.0299999999998,-154.601005089877,-154.674302270494,-149.629550499686
10.0399999999998,-155.661496803004,-155.702139145936,-149.982697422354
10.0499999999998,-156.632248791212,-156.72121287914,-150.003363039381
10.0599999999998,-157.583378619797,-157.637387729436,-150.059258040258
10.0699999999998,-158.413130142762,-158.499653406495,-150.038121982932
10.0799999999998,-159.247405535163,-159.372578830613,-149.984084726379
10.0899999999998,-160.111122744551,-160.160736504736,-150.047323833553
10.0999999999998,-160.684204898136,-160.723811667603,-149.704696426008
10.1099999999998,-161.535014299572,-161.625506368422,-150.077899476655
10.1199999999998,-161.50934976073,-161.574313318769,-149.398043964771
10.1299999999998,-161.862616197836,-161.961624175304,-149.237018468787
10.1399999999998,-161.892938098706,-161.95106922001,-148.845742415378
10.1499999999998,-161.898813332765,-161.930166217132,-148.543570862602
10.1599999999998,-161.757742583791,-161.782036162411,-148.157819301248
10.1699999999998,-161.402541312368,-161.503246126813,-147.654112566931
10.1799999999998,-161.554996442905,-161.612631410979,-147.526019366265
10.1899999999998,-160.351085505503,-160.332835666754,-146.696259665102
10.1999999999998,-160.054841233781,-160.061249554142,-146.385107472762
10.2099999999998,-158.83044468954,-158.939263184083,-145.565363771743
10.2199999999998,-158.102847114709,-158.198504661024,-145.073898218338
10.2299999999998,-156.57297511256,-156.643976212804,-144.363646835587
10.2399999999998,-156.234945524321,-156.334824868546,-143.975782659105
10.2499999999998,-154.674270601913,-154.678572050675,-143.278293029359
10.2599999999998,-153.089925809175,-153.160500791861,-142.63471218258
10.2699999999998,-152.034623366187,-151.998821631172,-142.300727857035
10.2799999999998,-150.241249376856,-150.192094936977,-141.589213350495
10.2899999999998,-148.908177464156,-149.019537482915,-141.014396681932
10.2999999999998,-146.269495080482,-146.126183266195,-140.319770154777
10.3099999999997,-146.862176486409,-147.113282825854,-139.977386217811
10.3199999999997,-144.067759057734,-144.066785273802,-139.223770082101
10.3299999999997,-142.532903434793,-142.72777476964,-138.628205579837
10.3399999999997,-141.248864133611,-141.022860669459,-138.53168350562
10.3499999999997,-139.696146406579,-139.654198850718,-137.97431547751
10.3599999999997,-138.057557584289,-138.025903186087,-137.565342033134
10.3699999999997,-136.546929823265,-136.519341717131,-137.240125128702
10.3799999999997,-135.975107301159,-136.062189746021,-136.8925821731
10.3899999999997,-134.326651996274,-134.268393451613,-136.645350851973
10.3999999999997,-133.1944259637,-133.239058159613,-136.295548604772
10.4099999999997,-132.421098662513,-132.369266676317,-136.47483283107
10.4199999999997,-131.50262438124,-131.548292494105,-136.210209499457
10.4299999999997,-130.525050790764,-130.439318775039,-136.330692667764
10.4399999999997,-130.16229107147,-130.176863675049,-136.170889711906
10.4499999999997,-129.515368693158,-129.521348390124,-136.171285404796
10.4599999999997,-129.230284159869,-129.146716998313,-136.450230159694
10.4699999999997,-128.78219963523,-128.809495781532,-136.457608141739
10.4799999999997,-128.615486874791,-128.623370932286,-136.715644472661
10.4899999999997,-128.452091437772,-128.495267488857,-136.905094549762
10.4999999999997,-128.487659259091,-128.417767244891,-137.448778653082
10.5099999999997,-128.510878493214,-128.564795615959,-137.481389972009
10.5199999999997,-128.655967489886,-128.605689827203,-137.925716934721
10.5299999999997,-128.866083248514,-128.886980942976,-138.33174585872
10.5399999999997,-129.065341952737,-129.091925534028,-138.693761839127
10.5499999999997,-129.46612014373,-129.466889923827,-139.14657447311
10.5599999999997,-129.678345533831,-129.665617420747,-139.429963614284
10.5699999999997,-130.188318629068,-130.157285133313,-139.982463869298
10.5799999999997,-130.468423683844,-130.482151028622,-140.401850716102
10.5899999999997,-130.965327531235,-130.933813545647,-140.758324901334
10.5999999999997,-131.316568143054,-131.308015773177,-141.089472407019
10.6099999999997,-131.992518445681,-132.063310242316,-141.636453255663
10.6199999999997,-132.303273856796,-132.343821593336,-141.92078825045
10.6299999999997,-133.054896273872,-132.972901355928,-142.440468258178
10.6399999999997,-133.283484347397,-133.381100237042,-142.750596492038
10.6499999999997,-133.771383184464,-133.792355586815,-143.129989718169
10.6599999999997,-134.387553198324,-134.397792842179,-143.576181022966
10.6699999999997,-134.876110061053,-134.939798741472,-143.929287931179
10.6799999999997,-135.60966888429,-135.670889874779,-144.412253505144
10.6899999999997,-135.992452084141,-136.024570687301,-144.72217266066
10.6999999999997,-137.381885528611,-137.323828168973,-145.454619126086
10.7099999999997,-136.894840366558,-137.02504372287,-145.480144772092
10.7199999999997,-137.993671120908,-137.995182904674,-145.857891853311
10.7299999999997,-138.55203521587,-138.59143226691,-146.245314915726
10.7399999999997,-139.235675061143,-139.321789790382,-146.424389238454
10.7499999999997,-139.857534416792,-139.92843491363,-146.730001200242
10.7599999999997,-140.641041279243,-140.637504545697,-146.970698241563
10.7699999999997,-141.471294037534,-141.540330316676,-147.1473184265
10.7799999999997,-141.602091437076,-141.655718586399,-147.278614113281
10.7899999999997,-142.627502992877,-142.629411519247,-147.127936674664
10.7999999999997,-143.33794047406,-143.400883178473,-147.351613063238
10.8099999999997,-143.81934971418,-143.922544480784,-146.910965134152
10.8199999999997,-144.503017366615,-144.543522099001,-147.033072157922
10.8299999999997,-145.711228284203,-145.771137811812,-146.795776581049
10.8399999999997,-145.699795814553,-145.728751381088,-146.794691184546
10.8499999999997,-146.425688035072,-146.474072514244,-146.361918545216
10.8599999999997,-147.262632912123,-147.24896513073,-146.073327587378
10.8699999999997,-147.930403170767,-147.988126771451,-145.771394126471
10.8799999999997,-148.542974469643,-148.625966152851,-145.242496674456
10.8899999999997,-149.123464045588,-149.190982888155,-144.97221616628
10.8999999999997,-150.502202097768,-150.647051208023,-144.244270334292
10.9099999999997,-149.47576159522,-149.453573068221,-144.401469004192
10.9199999999997,-150.518095167711,-150.546604492343,-143.429618260549
10.9299999999997,-150.806527071543,-150.901850383019,-142.924469387991
10.9399999999997,-151.385902715271,-151.370713074472,-142.522084196027
10.9499999999997,-151.472798952962,-151.548478201183,-141.892008409614
10.9599999999997,-151.711412599034,-151.802737793247,-141.305919005817
10.9699999999997,-151.855964063457,-151.950719036851,-140.77947562802
10.9799999999997,-151.513233108582,-151.528538985595,-140.469750787918
10.9899999999997,-151.330572882809,-151.38091480577,-139.68910434545
10.9999999999997,-151.201049774326,-151.360017226561,-139.226192891472
11.0099999999997,-151.08451930053,-150.9229834743,-138.955453542855
11.0199999999997,-150.539265450516,-150.614549207253,-138.276824076643
11.0299999999997,-150.145725392543,-150.048959832428,-137.801875261957
11.0399999999997,-149.740129311681,-149.847464530173,-137.525512944518
11.0499999999997,-148.953186006363,-148.973900788549,-137.126886591966
11.0599999999997,-148.145250166723,-148.213521440623,-136.757690318166
11.0699999999997,-147.572889579429,-147.633355012198,-136.547935517695
11.0799999999997,-146.789796706226,-146.71339524911,-136.458129841989
11.0899999999997,-146.076984994287,-146.13016127901,-136.260781054552
11.0999999999997,-144.639186985069,-144.490764512977,-136.052475789197
11.1099999999997,-145.263827908368,-145.39719018231,-136.282564049024
11.1199999999997,-143.461309688793,-143.438839877762,-136.037587131835
11.1299999999997,-142.861676546853,-142.910430517432,-136.133368455177
11.1399999999997,-141.830984380254,-141.862469906704,-136.205592009966
11.1499999999997,-141.13984536157,-141.174177374406,-136.395546066816
11.1599999999997,-140.30396452647,-140.351091411957,-136.640237626867
11.1699999999997,-139.45159850788,-139.470413870543,-136.936836263536
11.1799999999997,-139.483939120833,-139.416658221615,-137.329941188158
11.1899999999997,-138.334556564665,-138.341694675212,-137.582126719212
11.1999999999997,-138.101531885609,-138.120500338164,-137.963442000254
11.2099999999997,-137.219005367106,-137.275094533364,-138.276249223543
11.2199999999997,-137.146971307808,-137.153122753805,-138.722624539112
11.2299999999997,-136.31431300386,-136.429489991358,-139.062770648842
11.2399999999997,-136.721841583222,-136.651756396859,-139.818260236241
11.2499999999997,-136.352220724492,-136.287281231112,-140.185364412592
11.2599999999997,-136.21995367179,-136.196980558316,-140.678086524497
11.2699999999997,-136.188814002207,-136.187229894066,-141.130197166506
11.2799999999997,-136.238832462558,-136.286662803436,-141.687947185747
11.2899999999997,-136.40689862114,-136.393027409709,-142.133472468377
11.2999999999997,-136.242451595972,-136.344274772496,-142.589103899438
11.3099999999997,-136.980004140774,-136.90239347417,-143.272778912657
11.3199999999997,-136.903871442662,-136.910457048334,-143.535428403649
11.3299999999997,-137.27135328622,-137.236809428554,-144.018552584022
11.3399999999997,-137.566093976821,-137.610398864838,-144.439875038069
11.3499999999997,-138.044791944816,-138.074160295618,-144.908430619614
11.3599999999997,-138.30758634221,-138.299675999992,-145.17563410843
11.3699999999997,-138.779043049056,-138.79816164788,-145.632953694061
11.3799999999997,-138.837245003021,-138.881435082872,-145.764083866571
11.3899999999997,-139.294716732186,-139.280072816153,-146.091981540672
11.3999999999997,-139.418328315896,-139.433375453849,-146.123461660628
11.4099999999997,-140.064932307915,-140.122847201774,-146.622689529491
11.4199999999997,-140.142327373913,-140.176592785205,-146.607257106402
11.4299999999997,-140.598848238863,-140.592775716253,-146.867644045249
11.4399999999997,-140.6794437364,-140.717803235871,-146.865313545308
11.4499999999997,-140.695735145485,-140.725898358479,-146.767404119097
11.4599999999997,-140.810051316678,-140.795124619658,-146.768123558361
11.4699999999997,-140.85384528337,-140.904335020692,-146.713677013086
11.4799999999997,-140.992619611558,-141.034557618139,-146.681289603135
11.4899999999997,-140.936938271294,-140.952639149497,-146.568608517789
11.4999999999997,-141.106726464072,-141.06873202584,-146.380134119262
11.5099999999997,-140.967084023042,-141.030062951664,-146.278926140928
11.5199999999997,-140.873249353538,-140.872928333341,-145.819215879326
11.5299999999997,-140.700999114721,-140.704800647257,-145.593699768529
11.5399999999997,-140.679553887954,-140.733889403821,-145.264570570175
11.5499999999997,-140.388945370221,-140.43607050683,-144.847458652251
11.5599999999997,-140.325606588221,-140.346472401737,-144.517380569265
11.5699999999997,-140.223628942371,-140.274565278648,-144.000712714265
11.5799999999997,-139.966796099023,-139.97774153342,-143.581287123171
11.5899999999997,-139.847124101278,-139.787106914582,-142.892708248024
11.5999999999997,-139.598969402127,-139.709481935516,-142.413435840566
11.6099999999997,-139.790280194843,-139.787133675518,-141.902784752218
11.6199999999997,-139.297785359968,-139.378783651834,-141.211513116507
11.6299999999997,-139.575960682414,-139.632143590146,-140.652876382677
11.6399999999997,-139.170243145204,-139.235496511125,-140.096924379923
11.6499999999997,-139.367128716633,-139.350282123804,-139.41743606796
11.6599999999997,-139.226789075481,-139.36383937552,-138.627370046934
11.6699999999997,-139.52265379944,-139.479330719219,-138.246310070997
11.6799999999997,-139.797303944694,-139.740291321081,-137.550050514565
11.6899999999997,-139.656970230723,-139.706109392734,-136.918939963934
11.6999999999997,-140.4898584392,-140.312637275214,-136.094819388247
11.7099999999997,-139.793372104552,-140.052226758433,-135.979048880913
11.7199999999997,-140.585273265523,-140.550256079275,-135.091787099825
11.7299999999997,-140.492658610839,-140.732702672025,-134.48116010383
11.7399999999997,-141.257777065906,-141.149558555565,-134.207105120659
11.7499999999997,-141.477644209909,-141.474051922366,-133.720387780495
11.7599999999997,-141.767169812099,-141.7463449532,-133.243791731136
11.7699999999997,-142.276019160431,-142.215168315635,-132.828463495274
11.7799999999997,-142.378032241311,-142.490038158927,-132.735812838644
11.7899999999997,-142.63572488287,-142.58364076584,-132.166602480724
11.7999999999997,-142.453301620349,-142.55982601383,-131.674579147695
11.8099999999997,-143.30564189248,-143.337103745628,-131.862308220457
11.8199999999997,-143.101780100633,-143.173688541448,-131.510929382256
11.8299999999997,-143.276011701099,-143.281564103581,-131.248931071462
11.8399999999997,-143.514609726281,-143.557272288431,-131.331318747127
11.8499999999997,-143.405956764703,-143.427149102135,-131.100984407234
11.8599999999997,-143.054543238808,-143.047051899181,-130.986536760227
11.8699999999997,-142.861136132242,-142.913629135819,-130.877589536504
11.8799999999997,-142.583904968133,-142.638556242711,-130.922474238604
11.8899999999997,-142.195418236871,-142.203059496435,-131.018979299635
11.8999999999997,-140.861773184309,-140.994164512323,-130.579186641744
11.9099999999997,-142.583347931683,-142.422206934123,-131.828398670597
11.9199999999997,-140.679363320065,-140.69393673157,-131.24838310258
11.9299999999997,-139.998996325377,-139.955727794586,-131.421303860277
11.9399999999997,-139.187272034622,-139.243283010568,-131.505348972724
11.9499999999997,-138.455775424068,-138.468193207783,-131.697851007056
11.9599999999997,-137.297489367202,-137.314768518615,-131.689588817774
11.9699999999997,-136.350894067333,-136.400414966842,-131.895698182782
11.9799999999997,-136.49130045775,-136.433691442375,-132.176439414996
11.9899999999997,-134.689396115603,-134.667322904619,-132.221460389209
11.9999999999997,-133.675374263492,-133.629884921804,-132.227984102615
12.0099999999997,-133.125227294978,-133.178710597462,-132.974297285551
12.0199999999997,-132.091799422437,-132.093374186282,-132.969190673143
12.0299999999997,-130.661344444061,-130.653161431013,-133.24041187594
12.0399999999997,-130.605559447552,-130.609417450242,-133.425748167978
12.0499999999997,-129.777585078136,-129.814445570245,-133.556991062034
12.0599999999997,-128.768736755702,-128.719264167234,-133.810187105118
12.0699999999997,-128.07356272366,-128.09651814214,-133.934870698335
12.0799999999997,-127.305804908717,-127.331388051524,-134.070660654389
12.0899999999997,-126.681152445293,-126.701013319471,-134.203896083221
12.0999999999997,-125.214521510769,-125.246779596069,-134.112315134702
12.1099999999997,-126.080677165124,-126.068430479686,-134.416147903607
12.1199999999997,-124.803978552778,-124.796903536486,-134.125692860459
12.1299999999997,-124.33823791115,-124.301171208932,-134.132057201183
12.1399999999997,-123.793195833729,-123.841749810582,-133.96108177702
12.1499999999997,-123.456711734831,-123.464153966559,-133.851914221386
12.1599999999997,-122.988891558081,-123.010207956089,-133.69627133876
12.1699999999997,-122.564285090784,-122.556382353433,-133.475301876412
12.1799999999997,-122.470214909878,-122.503852634717,-133.340294581929
12.1899999999997,-122.088599346783,-122.041828749522,-133.010807933148
12.1999999999997,-121.793557931729,-121.799247045775,-132.711297305213
12.2099999999997,-121.811786219116,-121.827707025962,-132.635996196839
12.2199999999997,-121.500460482026,-121.542406005875,-132.263568865293
12.2299999999997,-121.522597978473,-121.513822369118,-132.06263015606
12.2399999999997,-121.24713370733,-121.290493910003,-131.805777993504
12.2499999999997,-121.174606865764,-121.160843104506,-131.490747354512
12.2599999999997,-121.060102704534,-121.010663321979,-131.189599960324
12.2699999999997,-121.089438919497,-121.140085122994,-130.969253108681
12.2799999999997,-120.978543452998,-120.962250487432,-130.534529047632
12.2899999999997,-121.01764430113,-121.0563330303,-130.360868845963
12.2999999999997,-121.038087713376,-120.968081217348,-129.769148304814
12.3099999999997,-121.211003870202,-121.308041208534,-130.085744250102
12.3199999999997,-121.054585394097,-120.992417340714,-129.360529892486
12.3299999999997,-121.011964937439,-121.131177915217,-129.098505596986
12.3399999999997,-121.371964179583,-121.242541345184,-129.05204977538
12.3499999999997,-121.216211370261,-121.235999893864,-128.605829744998
12.3599999999997,-121.362721071799,-121.330245127776,-128.360421337281
12.3699999999997,-121.563239601651,-121.531204426145,-128.086907233249
12.3799999999997,-121.521168724453,-121.588736494515,-127.952517862395
12.3899999999997,-121.679252320194,-121.680238574495,-127.451969036607
12.3999999999997,-121.549900611822,-121.704945609779,-127.061726837179
12.4099999999997,-122.504024221498,-122.350093084677,-127.328623527489
12.4199999999997,-122.276711458946,-122.304035174819,-126.846194090057
12.4299999999997,-122.800116787735,-122.743554219562,-126.468467985591
12.4399999999997,-122.889339977405,-122.925206068624,-126.364918532528
12.4499999999997,-123.313777710898,-123.307324503291,-125.960243962625
12.4599999999997,-123.743734377851,-123.76630260652,-125.620650079955
12.4699999999997,-124.219507691408,-124.275701803505,-125.432723152663
12.4799999999997,-124.924890401489,-124.916674586284,-125.258608881578
12.4899999999997,-125.346727718589,-125.37207767666,-125.086687061182
12.4999999999997,-126.482617132667,-126.450843421488,-124.558747934006
12.5099999999997,-126.408603678074,-126.440099324759,-125.255635431031
12.5199999999997,-127.577950644503,-127.561770809547,-124.613471083723
12.5299999999997,-128.205382365409,-128.191094684343,-124.50435871304
12.5399999999997,,,-124.370842650117
12.5499999999997,,,-124.254550508301
12.5599999999997,,,-124.067932148319
12.5699999999997,,,-123.954073803961
12.5799999999997,,,-124.069393046044
12.5899999999997,,,-123.839736203901
12.5999999999997,,,-123.712459204189
12.6099999999997,,,-123.867085250073
12.6199999999997,,,-123.67844775053
12.6299999999997,,,-123.538722359328
12.6399999999997,,,-123.501555399951
12.6499999999997,,,-123.330540890231
12.6599999999997,,,-123.250311663464
12.6699999999997,,,-123.16445198453
12.6799999999997,,,-123.059679140058
12.6899999999997,,,-123.024856815873
12.6999999999997,,,-122.607833175314
12.7099999999997,,,-123.126696841779
12.7199999999997,,,-122.537081680529
12.7299999999997,,,-122.45615338608
12.7399999999997,,,-122.229320816125
12.7499999999997,,,-121.978317798165
12.7599999999997,,,-121.747514752951
12.7699999999996,,,-121.433689120675
12.7799999999996,,,-121.325665667992
12.7899999999996,,,-120.940185501644
12.7999999999996,,,-120.577082799194
12.8099999999996,,,-120.661533722066
12.8199999999996,,,-120.230388641917
12.8299999999996,,,-119.925421616268
12.8399999999996,,,-119.688056416011
12.8499999999996,,,-119.263044775996
12.8599999999996,,,-118.900978628855
12.8699999999996,,,-118.662539175823
